Function "_ZL66__pyx_f_4gala_9integrate_13cyintegrators_8leapfrog_c_init_velocityP11_CPotentialmiddPdS1_S1_S1_" not defined.
Function "_ZL66__pyx_f_4gala_9integrate_13cyintegrators_8leapfrog_c_leapfrog_stepP11_CPotentialmiddPdS1_S1_S1_" not defined.

Breakpoint -1, __pyx_f_4gala_9integrate_13cyintegrators_8leapfrog_c_init_velocity (__pyx_v_p=0x28cdd20, __pyx_v_n=1, __pyx_v_half_ndim=2, __pyx_v_t=0, __pyx_v_dt=0.015625, __pyx_v_x_jm1=0x29fdcb0, __pyx_v_v_jm1=0x29fdcc0, __pyx_v_v_jm1_2=0x2879a40, __pyx_v_grad=0x2e9eed0) at src/gala/integrate/cyintegrators/leapfrog.cpp:21114
0x00007fffe57ad902	21114	in src/gala/integrate/cyintegrators/leapfrog.cpp
0x00007fffe57ad907	21114	in src/gala/integrate/cyintegrators/leapfrog.cpp
0x00007fffe57ad909	21114	in src/gala/integrate/cyintegrators/leapfrog.cpp
0x00007fffe57ad90c	21114	in src/gala/integrate/cyintegrators/leapfrog.cpp
0x00007fffe57ad90f	21092	in src/gala/integrate/cyintegrators/leapfrog.cpp
0x00007fffe57ad911	21092	in src/gala/integrate/cyintegrators/leapfrog.cpp
0x00007fffe57ad913	21092	in src/gala/integrate/cyintegrators/leapfrog.cpp
0x00007fffe57ad916	21092	in src/gala/integrate/cyintegrators/leapfrog.cpp
0x00007fffe57ad917	21092	in src/gala/integrate/cyintegrators/leapfrog.cpp
0x00007fffe57ad91a	21092	in src/gala/integrate/cyintegrators/leapfrog.cpp
0x00007fffe57ad91b	21092	in src/gala/integrate/cyintegrators/leapfrog.cpp
0x00007fffe57ad91e	21092	in src/gala/integrate/cyintegrators/leapfrog.cpp
0x00007fffe57ad922	21092	in src/gala/integrate/cyintegrators/leapfrog.cpp
0x00007fffe57ad927	21114	in src/gala/integrate/cyintegrators/leapfrog.cpp
0x00007fffe57ad92a	21114	in src/gala/integrate/cyintegrators/leapfrog.cpp
0x00007fffe579e7c0 in c_gradient(_CPotential*, unsigned long, double, double*, double*)@plt () from /home/otherside123/venvs/gate2c1-trace/lib/python3.12/site-packages/gala/integrate/cyintegrators/leapfrog.cpython-312-x86_64-linux-gnu.so
c_gradient (p=0x28cdd20, N=1, t=0, qp=0x29fdcb0, grad=0x2e9eed0) at src/gala/potential/potential/src/cpotential.cpp:223
0x00007fffe57cd3f2	223	in src/gala/potential/potential/src/cpotential.cpp
0x00007fffe57cd3f4	223	in src/gala/potential/potential/src/cpotential.cpp
0x00007fffe57cd3f7	223	in src/gala/potential/potential/src/cpotential.cpp
0x00007fffe57cd3f9	223	in src/gala/potential/potential/src/cpotential.cpp
0x00007fffe57cd3fc	223	in src/gala/potential/potential/src/cpotential.cpp
0x00007fffe57cd3fe	223	in src/gala/potential/potential/src/cpotential.cpp
0x00007fffe57cd3ff	223	in src/gala/potential/potential/src/cpotential.cpp
0x00007fffe57cd400	223	in src/gala/potential/potential/src/cpotential.cpp
0x00007fffe57cd404	238	in src/gala/potential/potential/src/cpotential.cpp
0x00007fffe57cd408	223	in src/gala/potential/potential/src/cpotential.cpp
0x00007fffe57cd40b	214	in src/gala/potential/potential/src/cpotential.cpp
0x00007fffe57cd410	238	in src/gala/potential/potential/src/cpotential.cpp
0x00007fffe57cd413	214	in src/gala/potential/potential/src/cpotential.cpp
0x00007fffe57cd418	238	in src/gala/potential/potential/src/cpotential.cpp
0x00007fffe57cd41c	223	in src/gala/potential/potential/src/cpotential.cpp
0x00007fffe57cd41e	223	in src/gala/potential/potential/src/cpotential.cpp
0x00007fffe57cd424	224	in src/gala/potential/potential/src/cpotential.cpp
0x00007fffe57cd428	224	in src/gala/potential/potential/src/cpotential.cpp
0x00007fffe57cd42b	223	in src/gala/potential/potential/src/cpotential.cpp
0x00007fffe57cd42d	223	in src/gala/potential/potential/src/cpotential.cpp
224	in src/gala/potential/potential/src/cpotential.cpp
0x00007fffe57cd440	224	in src/gala/potential/potential/src/cpotential.cpp
0x00007fffe57cd442	224	in src/gala/potential/potential/src/cpotential.cpp
0x00007fffe57cd430	223	in src/gala/potential/potential/src/cpotential.cpp
0x00007fffe57cd434	223	in src/gala/potential/potential/src/cpotential.cpp
0x00007fffe57cd437	223	in src/gala/potential/potential/src/cpotential.cpp
238	in src/gala/potential/potential/src/cpotential.cpp
0x00007fffe57cd673	238	in src/gala/potential/potential/src/cpotential.cpp
0x00007fffe57cd679	239	in src/gala/potential/potential/src/cpotential.cpp
0x00007fffe57cd681	239	in src/gala/potential/potential/src/cpotential.cpp
0x00007fffe57cd684	239	in src/gala/potential/potential/src/cpotential.cpp
0x00007fffe57cd686	219	in src/gala/potential/potential/src/cpotential.cpp
0x00007fffe57cd689	239	in src/gala/potential/potential/src/cpotential.cpp
0x00007fffe579e350 in memset@plt () from /home/otherside123/venvs/gate2c1-trace/lib/python3.12/site-packages/gala/integrate/cyintegrators/leapfrog.cpython-312-x86_64-linux-gnu.so
__memset_avx2_unaligned_erms () at ../sysdeps/x86_64/multiarch/memset-vec-unaligned-erms.S:158
159	in ../sysdeps/x86_64/multiarch/memset-vec-unaligned-erms.S
0x00007ffff7d89788	159	in ../sysdeps/x86_64/multiarch/memset-vec-unaligned-erms.S
164	in ../sysdeps/x86_64/multiarch/memset-vec-unaligned-erms.S
165	in ../sysdeps/x86_64/multiarch/memset-vec-unaligned-erms.S
337	in ../sysdeps/x86_64/multiarch/memset-vec-unaligned-erms.S
346	in ../sysdeps/x86_64/multiarch/memset-vec-unaligned-erms.S
347	in ../sysdeps/x86_64/multiarch/memset-vec-unaligned-erms.S
378	in ../sysdeps/x86_64/multiarch/memset-vec-unaligned-erms.S
379	in ../sysdeps/x86_64/multiarch/memset-vec-unaligned-erms.S
380	in ../sysdeps/x86_64/multiarch/memset-vec-unaligned-erms.S
c_gradient (p=0x28cdd20, N=1, t=0, qp=0x29fdcb0, grad=0x2e9eed0) at src/gala/potential/potential/src/cpotential.cpp:242
0x00007fffe57cd690	220	in src/gala/potential/potential/src/cpotential.cpp
0x00007fffe57cd695	218	in src/gala/potential/potential/src/cpotential.cpp
0x00007fffe57cd69a	218	in src/gala/potential/potential/src/cpotential.cpp
0x00007fffe57cd493	224	in src/gala/potential/potential/src/cpotential.cpp
0x00007fffe57cd497 in double6ptr::double6ptr (this=<optimized out>, q=<optimized out>, N=<optimized out>) at src/gala/potential/potential/src/../../src/vectorization.h:20
0x00007fffe57cd49f in c_gradient (p=0x28cdd20, N=1, t=0, qp=0x29fdcb0, grad=0x2e9eed0) at src/gala/potential/potential/src/cpotential.cpp:242
0x00007fffe57cd4a1	242	in src/gala/potential/potential/src/cpotential.cpp
0x00007fffe57cd4a4 in double6ptr::double6ptr (this=<optimized out>, q=<optimized out>, N=<optimized out>) at src/gala/potential/potential/src/../../src/vectorization.h:20
0x00007fffe57cd4a9	21	in src/gala/potential/potential/src/../../src/vectorization.h
0x00007fffe57cd4ac	21	in src/gala/potential/potential/src/../../src/vectorization.h
0x00007fffe57cd4b0	21	in src/gala/potential/potential/src/../../src/vectorization.h
0x00007fffe57cd4b5	21	in src/gala/potential/potential/src/../../src/vectorization.h
c_gradient (p=0x28cdd20, N=1, t=0, qp=0x29fdcb0, grad=0x2e9eed0) at src/gala/potential/potential/src/cpotential.cpp:243
0x00007fffe57cd505	243	in src/gala/potential/potential/src/cpotential.cpp
0x00007fffe57cd50d	243	in src/gala/potential/potential/src/cpotential.cpp
0x00007fffe57cd50f	243	in src/gala/potential/potential/src/cpotential.cpp
244	in src/gala/potential/potential/src/cpotential.cpp
0x00007fffe57cd4c4	244	in src/gala/potential/potential/src/cpotential.cpp
0x00007fffe57cd4c8	244	in src/gala/potential/potential/src/cpotential.cpp
0x00007fffe57cd4cb	244	in src/gala/potential/potential/src/cpotential.cpp
0x00007fffe57cd4ce	244	in src/gala/potential/potential/src/cpotential.cpp
0x00007fffe57cd4d3	244	in src/gala/potential/potential/src/cpotential.cpp
0x00007fffe57cd4d8	244	in src/gala/potential/potential/src/cpotential.cpp
0x00007fffe57cd4dc	244	in src/gala/potential/potential/src/cpotential.cpp
0x00007fffe57cd4e0	244	in src/gala/potential/potential/src/cpotential.cpp
0x00007fffe57cd4e4	244	in src/gala/potential/potential/src/cpotential.cpp
0x00007fffe57cd4e7	244	in src/gala/potential/potential/src/cpotential.cpp
gradientv<henon_heiles_gradient_functor> (t=0, pars=0x2d98230, n_dim=2, state=0x0, q=0x29fdcb0, N=1, grad=0x2e9eed0) at src/gala/potential/src/vectorization.h:71
0x00007ffff1460a53	71	in src/gala/potential/src/vectorization.h
0x00007ffff1460a59 in double6ptr::double6ptr (this=<optimized out>, q=<optimized out>, N=<optimized out>) at src/gala/potential/src/vectorization.h:20
20	in src/gala/potential/src/vectorization.h
0x00007ffff1460a61	20	in src/gala/potential/src/vectorization.h
0x00007ffff1460a65	20	in src/gala/potential/src/vectorization.h
0x00007ffff1460a69	20	in src/gala/potential/src/vectorization.h
0x00007ffff1460b60 in gradientv<henon_heiles_gradient_functor> (t=0, pars=0x2d98230, n_dim=<optimized out>, state=0x0, q=0x29fdcb0, N=1, grad=0x2e9eed0) at src/gala/potential/src/vectorization.h:71
71	in src/gala/potential/src/vectorization.h
0x00007ffff1460b63	71	in src/gala/potential/src/vectorization.h
0x00007ffff1460b65	71	in src/gala/potential/src/vectorization.h
henon_heiles_gradient_single (t=<optimized out>, pars=<optimized out>, q=..., n_dim=<optimized out>, grad=..., state=<optimized out>) at src/gala/potential/potential/builtin/builtin_potentials.cpp:37
0x00007ffff1460b76	37	in src/gala/potential/potential/builtin/builtin_potentials.cpp
0x00007ffff1460b7b	37	in src/gala/potential/potential/builtin/builtin_potentials.cpp
0x00007ffff1460b81	37	in src/gala/potential/potential/builtin/builtin_potentials.cpp
0x00007ffff1460b85	37	in src/gala/potential/potential/builtin/builtin_potentials.cpp
0x00007ffff1460b89	37	in src/gala/potential/potential/builtin/builtin_potentials.cpp
0x00007ffff1460b8d	38	in src/gala/potential/potential/builtin/builtin_potentials.cpp
0x00007ffff1460b91	37	in src/gala/potential/potential/builtin/builtin_potentials.cpp
0x00007ffff1460b95	37	in src/gala/potential/potential/builtin/builtin_potentials.cpp
0x00007ffff1460b99	37	in src/gala/potential/potential/builtin/builtin_potentials.cpp
38	in src/gala/potential/potential/builtin/builtin_potentials.cpp
0x00007ffff1460ba3	38	in src/gala/potential/potential/builtin/builtin_potentials.cpp
0x00007ffff1460ba7	38	in src/gala/potential/potential/builtin/builtin_potentials.cpp
0x00007ffff1460bac	38	in src/gala/potential/potential/builtin/builtin_potentials.cpp
0x00007ffff1460bb0	38	in src/gala/potential/potential/builtin/builtin_potentials.cpp
0x00007ffff1460bb4	38	in src/gala/potential/potential/builtin/builtin_potentials.cpp
gradientv<henon_heiles_gradient_functor> (t=<optimized out>, pars=0x2d98230, n_dim=<optimized out>, state=0x0, q=0x29fdcb0, N=1, grad=0x2e9eed0) at src/gala/potential/src/vectorization.h:71
0x00007ffff1460bbd	71	in src/gala/potential/src/vectorization.h
0x00007ffff1460bc0	71	in src/gala/potential/src/vectorization.h
0x00007ffff1460bc2 in henon_heiles_gradient (t=<optimized out>, pars=<optimized out>, q=0x29fdcb0, n_dim=<optimized out>, N=1, grad=0x2e9eed0, state=<optimized out>) at src/gala/potential/potential/builtin/builtin_potentials.cpp:2282
c_gradient (p=0x28cdd20, N=1, t=0, qp=0x29fdcb0, grad=0x2e9eed0) at src/gala/potential/potential/src/cpotential.cpp:242
0x00007fffe57cd4ed	242	in src/gala/potential/potential/src/cpotential.cpp
0x00007fffe57cd4f1	242	in src/gala/potential/potential/src/cpotential.cpp
0x00007fffe57cd4f4	242	in src/gala/potential/potential/src/cpotential.cpp
283	in src/gala/potential/potential/src/cpotential.cpp
0x00007fffe57cd655	283	in src/gala/potential/potential/src/cpotential.cpp
0x00007fffe57cd65b	287	in src/gala/potential/potential/src/cpotential.cpp
0x00007fffe57cd65f	287	in src/gala/potential/potential/src/cpotential.cpp
0x00007fffe57cd660	287	in src/gala/potential/potential/src/cpotential.cpp
0x00007fffe57cd661	287	in src/gala/potential/potential/src/cpotential.cpp
0x00007fffe57cd663	287	in src/gala/potential/potential/src/cpotential.cpp
0x00007fffe57cd665	287	in src/gala/potential/potential/src/cpotential.cpp
0x00007fffe57cd667	287	in src/gala/potential/potential/src/cpotential.cpp
0x00007fffe57cd669	287	in src/gala/potential/potential/src/cpotential.cpp
__pyx_f_4gala_9integrate_13cyintegrators_8leapfrog_c_init_velocity (__pyx_v_p=<optimized out>, __pyx_v_n=1, __pyx_v_half_ndim=2, __pyx_v_t=<optimized out>, __pyx_v_dt=0.015625, __pyx_v_x_jm1=<optimized out>, __pyx_v_v_jm1=0x29fdcc0, __pyx_v_v_jm1_2=0x2879a40, __pyx_v_grad=0x2e9eed0) at src/gala/integrate/cyintegrators/leapfrog.cpp:21133
0x00007fffe57ad932	21133	in src/gala/integrate/cyintegrators/leapfrog.cpp
0x00007fffe57ad938	21133	in src/gala/integrate/cyintegrators/leapfrog.cpp
0x00007fffe57ad93d	21133	in src/gala/integrate/cyintegrators/leapfrog.cpp
0x00007fffe57ad93f	21133	in src/gala/integrate/cyintegrators/leapfrog.cpp
0x00007fffe57ad941	21133	in src/gala/integrate/cyintegrators/leapfrog.cpp
0x00007fffe57ad949	21133	in src/gala/integrate/cyintegrators/leapfrog.cpp
0x00007fffe57ad94c	21133	in src/gala/integrate/cyintegrators/leapfrog.cpp
0x00007fffe57ad94e	21133	in src/gala/integrate/cyintegrators/leapfrog.cpp
21147	in src/gala/integrate/cyintegrators/leapfrog.cpp
0x00007fffe57ad952	21147	in src/gala/integrate/cyintegrators/leapfrog.cpp
0x00007fffe57ad954	21147	in src/gala/integrate/cyintegrators/leapfrog.cpp
0x00007fffe57ad95f	21147	in src/gala/integrate/cyintegrators/leapfrog.cpp
0x00007fffe57ad96a	21147	in src/gala/integrate/cyintegrators/leapfrog.cpp
0x00007fffe57ad975	21147	in src/gala/integrate/cyintegrators/leapfrog.cpp
21157	in src/gala/integrate/cyintegrators/leapfrog.cpp
0x00007fffe57ad983	21147	in src/gala/integrate/cyintegrators/leapfrog.cpp
0x00007fffe57ad986	21157	in src/gala/integrate/cyintegrators/leapfrog.cpp
0x00007fffe57ad98d	21157	in src/gala/integrate/cyintegrators/leapfrog.cpp
0x00007fffe57ad993	21157	in src/gala/integrate/cyintegrators/leapfrog.cpp
0x00007fffe57ad997	21157	in src/gala/integrate/cyintegrators/leapfrog.cpp
0x00007fffe57ad99b	21157	in src/gala/integrate/cyintegrators/leapfrog.cpp
21147	in src/gala/integrate/cyintegrators/leapfrog.cpp
0x00007fffe57ad9a4	21147	in src/gala/integrate/cyintegrators/leapfrog.cpp
0x00007fffe57ad9a7	21147	in src/gala/integrate/cyintegrators/leapfrog.cpp
21133	in src/gala/integrate/cyintegrators/leapfrog.cpp
0x00007fffe57ad9ac	21133	in src/gala/integrate/cyintegrators/leapfrog.cpp
0x00007fffe57ad9af	21133	in src/gala/integrate/cyintegrators/leapfrog.cpp
0x00007fffe57ad9b2	21133	in src/gala/integrate/cyintegrators/leapfrog.cpp
21147	in src/gala/integrate/cyintegrators/leapfrog.cpp
0x00007fffe57ad952	21147	in src/gala/integrate/cyintegrators/leapfrog.cpp
0x00007fffe57ad954	21147	in src/gala/integrate/cyintegrators/leapfrog.cpp
0x00007fffe57ad95f	21147	in src/gala/integrate/cyintegrators/leapfrog.cpp
0x00007fffe57ad96a	21147	in src/gala/integrate/cyintegrators/leapfrog.cpp
0x00007fffe57ad975	21147	in src/gala/integrate/cyintegrators/leapfrog.cpp
21157	in src/gala/integrate/cyintegrators/leapfrog.cpp
0x00007fffe57ad983	21147	in src/gala/integrate/cyintegrators/leapfrog.cpp
0x00007fffe57ad986	21157	in src/gala/integrate/cyintegrators/leapfrog.cpp
0x00007fffe57ad98d	21157	in src/gala/integrate/cyintegrators/leapfrog.cpp
0x00007fffe57ad993	21157	in src/gala/integrate/cyintegrators/leapfrog.cpp
0x00007fffe57ad997	21157	in src/gala/integrate/cyintegrators/leapfrog.cpp
0x00007fffe57ad99b	21157	in src/gala/integrate/cyintegrators/leapfrog.cpp
21147	in src/gala/integrate/cyintegrators/leapfrog.cpp
0x00007fffe57ad9a4	21147	in src/gala/integrate/cyintegrators/leapfrog.cpp
0x00007fffe57ad9a7	21147	in src/gala/integrate/cyintegrators/leapfrog.cpp
21133	in src/gala/integrate/cyintegrators/leapfrog.cpp
0x00007fffe57ad9ac	21133	in src/gala/integrate/cyintegrators/leapfrog.cpp
0x00007fffe57ad9af	21133	in src/gala/integrate/cyintegrators/leapfrog.cpp
0x00007fffe57ad9b2	21133	in src/gala/integrate/cyintegrators/leapfrog.cpp
0x00007fffe57ad9b4	21180	in src/gala/integrate/cyintegrators/leapfrog.cpp
0x00007fffe57ad9b8	21180	in src/gala/integrate/cyintegrators/leapfrog.cpp
0x00007fffe57ad9b9	21180	in src/gala/integrate/cyintegrators/leapfrog.cpp
0x00007fffe57ad9ba	21180	in src/gala/integrate/cyintegrators/leapfrog.cpp
0x00007fffe57ad9bc	21180	in src/gala/integrate/cyintegrators/leapfrog.cpp
0x00007fffe57ad9be	21180	in src/gala/integrate/cyintegrators/leapfrog.cpp
0x00007fffe57ad9c0	21180	in src/gala/integrate/cyintegrators/leapfrog.cpp
0x00007fffe57ad9c2	21180	in src/gala/integrate/cyintegrators/leapfrog.cpp
__Pyx_ErrOccurredWithGIL () at src/gala/integrate/cyintegrators/leapfrog.cpp:30419
30419	in src/gala/integrate/cyintegrators/leapfrog.cpp

Breakpoint -2, __pyx_f_4gala_9integrate_13cyintegrators_8leapfrog_c_leapfrog_step (__pyx_v_p=0x28cdd20, __pyx_v_n=1, __pyx_v_half_ndim=2, __pyx_v_t=0.015625, __pyx_v_dt=0.015625, __pyx_v_x_jm1=0x29fdcb0, __pyx_v_v_jm1=0x29fdcc0, __pyx_v_v_jm1_2=0x2879a40, __pyx_v_grad=0x2e9eed0) at src/gala/integrate/cyintegrators/leapfrog.cpp:21212
21212	in src/gala/integrate/cyintegrators/leapfrog.cpp
0x00007fffe57ad782	21212	in src/gala/integrate/cyintegrators/leapfrog.cpp
0x00007fffe57ad784	21212	in src/gala/integrate/cyintegrators/leapfrog.cpp
0x00007fffe57ad786	21212	in src/gala/integrate/cyintegrators/leapfrog.cpp
0x00007fffe57ad788	21212	in src/gala/integrate/cyintegrators/leapfrog.cpp
0x00007fffe57ad789	21212	in src/gala/integrate/cyintegrators/leapfrog.cpp
0x00007fffe57ad78a	21212	in src/gala/integrate/cyintegrators/leapfrog.cpp
0x00007fffe57ad78d	21212	in src/gala/integrate/cyintegrators/leapfrog.cpp
21215	in src/gala/integrate/cyintegrators/leapfrog.cpp
0x00007fffe57ad792	21190	in src/gala/integrate/cyintegrators/leapfrog.cpp
0x00007fffe57ad796	21190	in src/gala/integrate/cyintegrators/leapfrog.cpp
0x00007fffe57ad79b	21215	in src/gala/integrate/cyintegrators/leapfrog.cpp
0x00007fffe57ad79d	21215	in src/gala/integrate/cyintegrators/leapfrog.cpp
0x00007fffe57ad7a3	21215	in src/gala/integrate/cyintegrators/leapfrog.cpp
0x00007fffe57ad7a6	21215	in src/gala/integrate/cyintegrators/leapfrog.cpp
0x00007fffe57ad7ab	21215	in src/gala/integrate/cyintegrators/leapfrog.cpp
0x00007fffe57ad7ae	21215	in src/gala/integrate/cyintegrators/leapfrog.cpp
0x00007fffe57ad7b1	21215	in src/gala/integrate/cyintegrators/leapfrog.cpp
0x00007fffe57ad7b4	21215	in src/gala/integrate/cyintegrators/leapfrog.cpp
0x00007fffe57ad7b7	21215	in src/gala/integrate/cyintegrators/leapfrog.cpp
0x00007fffe57ad7bd	21215	in src/gala/integrate/cyintegrators/leapfrog.cpp
21229	in src/gala/integrate/cyintegrators/leapfrog.cpp
0x00007fffe57ad7c2	21229	in src/gala/integrate/cyintegrators/leapfrog.cpp
0x00007fffe57ad7c4	21229	in src/gala/integrate/cyintegrators/leapfrog.cpp
0x00007fffe57ad7cf	21229	in src/gala/integrate/cyintegrators/leapfrog.cpp
0x00007fffe57ad7da	21229	in src/gala/integrate/cyintegrators/leapfrog.cpp
0x00007fffe57ad7e5	21229	in src/gala/integrate/cyintegrators/leapfrog.cpp
0x00007fffe57ad7f0	21229	in src/gala/integrate/cyintegrators/leapfrog.cpp
0x00007fffe57ad7fb	21229	in src/gala/integrate/cyintegrators/leapfrog.cpp
21239	in src/gala/integrate/cyintegrators/leapfrog.cpp
0x00007fffe57ad803	21239	in src/gala/integrate/cyintegrators/leapfrog.cpp
0x00007fffe57ad808	21229	in src/gala/integrate/cyintegrators/leapfrog.cpp
0x00007fffe57ad80b	21239	in src/gala/integrate/cyintegrators/leapfrog.cpp
0x00007fffe57ad811	21239	in src/gala/integrate/cyintegrators/leapfrog.cpp
0x00007fffe57ad815	21229	in src/gala/integrate/cyintegrators/leapfrog.cpp
0x00007fffe57ad818	21239	in src/gala/integrate/cyintegrators/leapfrog.cpp
0x00007fffe57ad81d	21239	in src/gala/integrate/cyintegrators/leapfrog.cpp
21229	in src/gala/integrate/cyintegrators/leapfrog.cpp
0x00007fffe57ad825	21229	in src/gala/integrate/cyintegrators/leapfrog.cpp
21215	in src/gala/integrate/cyintegrators/leapfrog.cpp
0x00007fffe57ad82b	21215	in src/gala/integrate/cyintegrators/leapfrog.cpp
0x00007fffe57ad82e	21215	in src/gala/integrate/cyintegrators/leapfrog.cpp
0x00007fffe57ad830	21215	in src/gala/integrate/cyintegrators/leapfrog.cpp
0x00007fffe57ad832	21215	in src/gala/integrate/cyintegrators/leapfrog.cpp
0x00007fffe57ad835	21215	in src/gala/integrate/cyintegrators/leapfrog.cpp
21229	in src/gala/integrate/cyintegrators/leapfrog.cpp
0x00007fffe57ad7c2	21229	in src/gala/integrate/cyintegrators/leapfrog.cpp
0x00007fffe57ad7c4	21229	in src/gala/integrate/cyintegrators/leapfrog.cpp
0x00007fffe57ad7cf	21229	in src/gala/integrate/cyintegrators/leapfrog.cpp
0x00007fffe57ad7da	21229	in src/gala/integrate/cyintegrators/leapfrog.cpp
0x00007fffe57ad7e5	21229	in src/gala/integrate/cyintegrators/leapfrog.cpp
0x00007fffe57ad7f0	21229	in src/gala/integrate/cyintegrators/leapfrog.cpp
0x00007fffe57ad7fb	21229	in src/gala/integrate/cyintegrators/leapfrog.cpp
21239	in src/gala/integrate/cyintegrators/leapfrog.cpp
0x00007fffe57ad803	21239	in src/gala/integrate/cyintegrators/leapfrog.cpp
0x00007fffe57ad808	21229	in src/gala/integrate/cyintegrators/leapfrog.cpp
0x00007fffe57ad80b	21239	in src/gala/integrate/cyintegrators/leapfrog.cpp
0x00007fffe57ad811	21239	in src/gala/integrate/cyintegrators/leapfrog.cpp
0x00007fffe57ad815	21229	in src/gala/integrate/cyintegrators/leapfrog.cpp
0x00007fffe57ad818	21239	in src/gala/integrate/cyintegrators/leapfrog.cpp
0x00007fffe57ad81d	21239	in src/gala/integrate/cyintegrators/leapfrog.cpp
21229	in src/gala/integrate/cyintegrators/leapfrog.cpp
0x00007fffe57ad825	21229	in src/gala/integrate/cyintegrators/leapfrog.cpp
21215	in src/gala/integrate/cyintegrators/leapfrog.cpp
0x00007fffe57ad82b	21215	in src/gala/integrate/cyintegrators/leapfrog.cpp
0x00007fffe57ad82e	21215	in src/gala/integrate/cyintegrators/leapfrog.cpp
0x00007fffe57ad830	21215	in src/gala/integrate/cyintegrators/leapfrog.cpp
21253	in src/gala/integrate/cyintegrators/leapfrog.cpp
0x00007fffe57ad843	21253	in src/gala/integrate/cyintegrators/leapfrog.cpp
0x00007fffe57ad846	21253	in src/gala/integrate/cyintegrators/leapfrog.cpp
0x00007fffe579e7c0 in c_gradient(_CPotential*, unsigned long, double, double*, double*)@plt () from /home/otherside123/venvs/gate2c1-trace/lib/python3.12/site-packages/gala/integrate/cyintegrators/leapfrog.cpython-312-x86_64-linux-gnu.so
c_gradient (p=0x28cdd20, N=1, t=0.015625, qp=0x29fdcb0, grad=0x2e9eed0) at src/gala/potential/potential/src/cpotential.cpp:223
0x00007fffe57cd3f2	223	in src/gala/potential/potential/src/cpotential.cpp
0x00007fffe57cd3f4	223	in src/gala/potential/potential/src/cpotential.cpp
0x00007fffe57cd3f7	223	in src/gala/potential/potential/src/cpotential.cpp
0x00007fffe57cd3f9	223	in src/gala/potential/potential/src/cpotential.cpp
0x00007fffe57cd3fc	223	in src/gala/potential/potential/src/cpotential.cpp
0x00007fffe57cd3fe	223	in src/gala/potential/potential/src/cpotential.cpp
0x00007fffe57cd3ff	223	in src/gala/potential/potential/src/cpotential.cpp
0x00007fffe57cd400	223	in src/gala/potential/potential/src/cpotential.cpp
0x00007fffe57cd404	238	in src/gala/potential/potential/src/cpotential.cpp
0x00007fffe57cd408	223	in src/gala/potential/potential/src/cpotential.cpp
0x00007fffe57cd40b	214	in src/gala/potential/potential/src/cpotential.cpp
0x00007fffe57cd410	238	in src/gala/potential/potential/src/cpotential.cpp
0x00007fffe57cd413	214	in src/gala/potential/potential/src/cpotential.cpp
0x00007fffe57cd418	238	in src/gala/potential/potential/src/cpotential.cpp
0x00007fffe57cd41c	223	in src/gala/potential/potential/src/cpotential.cpp
0x00007fffe57cd41e	223	in src/gala/potential/potential/src/cpotential.cpp
0x00007fffe57cd424	224	in src/gala/potential/potential/src/cpotential.cpp
0x00007fffe57cd428	224	in src/gala/potential/potential/src/cpotential.cpp
0x00007fffe57cd42b	223	in src/gala/potential/potential/src/cpotential.cpp
0x00007fffe57cd42d	223	in src/gala/potential/potential/src/cpotential.cpp
224	in src/gala/potential/potential/src/cpotential.cpp
0x00007fffe57cd440	224	in src/gala/potential/potential/src/cpotential.cpp
0x00007fffe57cd442	224	in src/gala/potential/potential/src/cpotential.cpp
0x00007fffe57cd430	223	in src/gala/potential/potential/src/cpotential.cpp
0x00007fffe57cd434	223	in src/gala/potential/potential/src/cpotential.cpp
0x00007fffe57cd437	223	in src/gala/potential/potential/src/cpotential.cpp
238	in src/gala/potential/potential/src/cpotential.cpp
0x00007fffe57cd673	238	in src/gala/potential/potential/src/cpotential.cpp
0x00007fffe57cd679	239	in src/gala/potential/potential/src/cpotential.cpp
0x00007fffe57cd681	239	in src/gala/potential/potential/src/cpotential.cpp
0x00007fffe57cd684	239	in src/gala/potential/potential/src/cpotential.cpp
0x00007fffe57cd686	219	in src/gala/potential/potential/src/cpotential.cpp
0x00007fffe57cd689	239	in src/gala/potential/potential/src/cpotential.cpp
0x00007fffe579e350 in memset@plt () from /home/otherside123/venvs/gate2c1-trace/lib/python3.12/site-packages/gala/integrate/cyintegrators/leapfrog.cpython-312-x86_64-linux-gnu.so
__memset_avx2_unaligned_erms () at ../sysdeps/x86_64/multiarch/memset-vec-unaligned-erms.S:158
159	in ../sysdeps/x86_64/multiarch/memset-vec-unaligned-erms.S
0x00007ffff7d89788	159	in ../sysdeps/x86_64/multiarch/memset-vec-unaligned-erms.S
164	in ../sysdeps/x86_64/multiarch/memset-vec-unaligned-erms.S
165	in ../sysdeps/x86_64/multiarch/memset-vec-unaligned-erms.S
337	in ../sysdeps/x86_64/multiarch/memset-vec-unaligned-erms.S
346	in ../sysdeps/x86_64/multiarch/memset-vec-unaligned-erms.S
347	in ../sysdeps/x86_64/multiarch/memset-vec-unaligned-erms.S
378	in ../sysdeps/x86_64/multiarch/memset-vec-unaligned-erms.S
379	in ../sysdeps/x86_64/multiarch/memset-vec-unaligned-erms.S
380	in ../sysdeps/x86_64/multiarch/memset-vec-unaligned-erms.S
c_gradient (p=0x28cdd20, N=1, t=0.015625, qp=0x29fdcb0, grad=0x2e9eed0) at src/gala/potential/potential/src/cpotential.cpp:242
0x00007fffe57cd690	220	in src/gala/potential/potential/src/cpotential.cpp
0x00007fffe57cd695	218	in src/gala/potential/potential/src/cpotential.cpp
0x00007fffe57cd69a	218	in src/gala/potential/potential/src/cpotential.cpp
0x00007fffe57cd493	224	in src/gala/potential/potential/src/cpotential.cpp
0x00007fffe57cd497 in double6ptr::double6ptr (this=<optimized out>, q=<optimized out>, N=<optimized out>) at src/gala/potential/potential/src/../../src/vectorization.h:20
0x00007fffe57cd49f in c_gradient (p=0x28cdd20, N=1, t=0.015625, qp=0x29fdcb0, grad=0x2e9eed0) at src/gala/potential/potential/src/cpotential.cpp:242
0x00007fffe57cd4a1	242	in src/gala/potential/potential/src/cpotential.cpp
0x00007fffe57cd4a4 in double6ptr::double6ptr (this=<optimized out>, q=<optimized out>, N=<optimized out>) at src/gala/potential/potential/src/../../src/vectorization.h:20
0x00007fffe57cd4a9	21	in src/gala/potential/potential/src/../../src/vectorization.h
0x00007fffe57cd4ac	21	in src/gala/potential/potential/src/../../src/vectorization.h
0x00007fffe57cd4b0	21	in src/gala/potential/potential/src/../../src/vectorization.h
0x00007fffe57cd4b5	21	in src/gala/potential/potential/src/../../src/vectorization.h
c_gradient (p=0x28cdd20, N=1, t=0.015625, qp=0x29fdcb0, grad=0x2e9eed0) at src/gala/potential/potential/src/cpotential.cpp:243
0x00007fffe57cd505	243	in src/gala/potential/potential/src/cpotential.cpp
0x00007fffe57cd50d	243	in src/gala/potential/potential/src/cpotential.cpp
0x00007fffe57cd50f	243	in src/gala/potential/potential/src/cpotential.cpp
244	in src/gala/potential/potential/src/cpotential.cpp
0x00007fffe57cd4c4	244	in src/gala/potential/potential/src/cpotential.cpp
0x00007fffe57cd4c8	244	in src/gala/potential/potential/src/cpotential.cpp
0x00007fffe57cd4cb	244	in src/gala/potential/potential/src/cpotential.cpp
0x00007fffe57cd4ce	244	in src/gala/potential/potential/src/cpotential.cpp
0x00007fffe57cd4d3	244	in src/gala/potential/potential/src/cpotential.cpp
0x00007fffe57cd4d8	244	in src/gala/potential/potential/src/cpotential.cpp
0x00007fffe57cd4dc	244	in src/gala/potential/potential/src/cpotential.cpp
0x00007fffe57cd4e0	244	in src/gala/potential/potential/src/cpotential.cpp
0x00007fffe57cd4e4	244	in src/gala/potential/potential/src/cpotential.cpp
0x00007fffe57cd4e7	244	in src/gala/potential/potential/src/cpotential.cpp
gradientv<henon_heiles_gradient_functor> (t=0.015625, pars=0x2d98230, n_dim=2, state=0x0, q=0x29fdcb0, N=1, grad=0x2e9eed0) at src/gala/potential/src/vectorization.h:71
0x00007ffff1460a53	71	in src/gala/potential/src/vectorization.h
0x00007ffff1460a59 in double6ptr::double6ptr (this=<optimized out>, q=<optimized out>, N=<optimized out>) at src/gala/potential/src/vectorization.h:20
20	in src/gala/potential/src/vectorization.h
0x00007ffff1460a61	20	in src/gala/potential/src/vectorization.h
0x00007ffff1460a65	20	in src/gala/potential/src/vectorization.h
0x00007ffff1460a69	20	in src/gala/potential/src/vectorization.h
0x00007ffff1460b60 in gradientv<henon_heiles_gradient_functor> (t=0.015625, pars=0x2d98230, n_dim=<optimized out>, state=0x0, q=0x29fdcb0, N=1, grad=0x2e9eed0) at src/gala/potential/src/vectorization.h:71
71	in src/gala/potential/src/vectorization.h
0x00007ffff1460b63	71	in src/gala/potential/src/vectorization.h
0x00007ffff1460b65	71	in src/gala/potential/src/vectorization.h
henon_heiles_gradient_single (t=<optimized out>, pars=<optimized out>, q=..., n_dim=<optimized out>, grad=..., state=<optimized out>) at src/gala/potential/potential/builtin/builtin_potentials.cpp:37
0x00007ffff1460b76	37	in src/gala/potential/potential/builtin/builtin_potentials.cpp
0x00007ffff1460b7b	37	in src/gala/potential/potential/builtin/builtin_potentials.cpp
0x00007ffff1460b81	37	in src/gala/potential/potential/builtin/builtin_potentials.cpp
0x00007ffff1460b85	37	in src/gala/potential/potential/builtin/builtin_potentials.cpp
0x00007ffff1460b89	37	in src/gala/potential/potential/builtin/builtin_potentials.cpp
0x00007ffff1460b8d	38	in src/gala/potential/potential/builtin/builtin_potentials.cpp
0x00007ffff1460b91	37	in src/gala/potential/potential/builtin/builtin_potentials.cpp
0x00007ffff1460b95	37	in src/gala/potential/potential/builtin/builtin_potentials.cpp
0x00007ffff1460b99	37	in src/gala/potential/potential/builtin/builtin_potentials.cpp
38	in src/gala/potential/potential/builtin/builtin_potentials.cpp
0x00007ffff1460ba3	38	in src/gala/potential/potential/builtin/builtin_potentials.cpp
0x00007ffff1460ba7	38	in src/gala/potential/potential/builtin/builtin_potentials.cpp
0x00007ffff1460bac	38	in src/gala/potential/potential/builtin/builtin_potentials.cpp
0x00007ffff1460bb0	38	in src/gala/potential/potential/builtin/builtin_potentials.cpp
0x00007ffff1460bb4	38	in src/gala/potential/potential/builtin/builtin_potentials.cpp
gradientv<henon_heiles_gradient_functor> (t=<optimized out>, pars=0x2d98230, n_dim=<optimized out>, state=0x0, q=0x29fdcb0, N=1, grad=0x2e9eed0) at src/gala/potential/src/vectorization.h:71
0x00007ffff1460bbd	71	in src/gala/potential/src/vectorization.h
0x00007ffff1460bc0	71	in src/gala/potential/src/vectorization.h
0x00007ffff1460bc2 in henon_heiles_gradient (t=<optimized out>, pars=<optimized out>, q=0x29fdcb0, n_dim=<optimized out>, N=1, grad=0x2e9eed0, state=<optimized out>) at src/gala/potential/potential/builtin/builtin_potentials.cpp:2282
c_gradient (p=0x28cdd20, N=1, t=0.015625, qp=0x29fdcb0, grad=0x2e9eed0) at src/gala/potential/potential/src/cpotential.cpp:242
0x00007fffe57cd4ed	242	in src/gala/potential/potential/src/cpotential.cpp
0x00007fffe57cd4f1	242	in src/gala/potential/potential/src/cpotential.cpp
0x00007fffe57cd4f4	242	in src/gala/potential/potential/src/cpotential.cpp
283	in src/gala/potential/potential/src/cpotential.cpp
0x00007fffe57cd655	283	in src/gala/potential/potential/src/cpotential.cpp
0x00007fffe57cd65b	287	in src/gala/potential/potential/src/cpotential.cpp
0x00007fffe57cd65f	287	in src/gala/potential/potential/src/cpotential.cpp
0x00007fffe57cd660	287	in src/gala/potential/potential/src/cpotential.cpp
0x00007fffe57cd661	287	in src/gala/potential/potential/src/cpotential.cpp
0x00007fffe57cd663	287	in src/gala/potential/potential/src/cpotential.cpp
0x00007fffe57cd665	287	in src/gala/potential/potential/src/cpotential.cpp
0x00007fffe57cd667	287	in src/gala/potential/potential/src/cpotential.cpp
0x00007fffe57cd669	287	in src/gala/potential/potential/src/cpotential.cpp
0x00007fffe57ad84b in __pyx_f_4gala_9integrate_13cyintegrators_8leapfrog_c_leapfrog_step (__pyx_v_p=<optimized out>, __pyx_v_n=1, __pyx_v_half_ndim=<optimized out>, __pyx_v_t=<optimized out>, __pyx_v_dt=0.015625, __pyx_v_x_jm1=<optimized out>, __pyx_v_v_jm1=0x29fdcc0, __pyx_v_v_jm1_2=0x2879a40, __pyx_v_grad=0x2e9eed0) at src/gala/integrate/cyintegrators/leapfrog.cpp:21253
0x00007fffe57ad850	21253	in src/gala/integrate/cyintegrators/leapfrog.cpp
0x00007fffe57ad852	21272	in src/gala/integrate/cyintegrators/leapfrog.cpp
0x00007fffe57ad855	21272	in src/gala/integrate/cyintegrators/leapfrog.cpp
0x00007fffe57ad85d	21272	in src/gala/integrate/cyintegrators/leapfrog.cpp
21286	in src/gala/integrate/cyintegrators/leapfrog.cpp
0x00007fffe57ad862	21286	in src/gala/integrate/cyintegrators/leapfrog.cpp
0x00007fffe57ad864	21286	in src/gala/integrate/cyintegrators/leapfrog.cpp
0x00007fffe57ad86f	21286	in src/gala/integrate/cyintegrators/leapfrog.cpp
21296	in src/gala/integrate/cyintegrators/leapfrog.cpp
0x00007fffe57ad873	21286	in src/gala/integrate/cyintegrators/leapfrog.cpp
0x00007fffe57ad876	21296	in src/gala/integrate/cyintegrators/leapfrog.cpp
0x00007fffe57ad87e	21296	in src/gala/integrate/cyintegrators/leapfrog.cpp
0x00007fffe57ad883	21296	in src/gala/integrate/cyintegrators/leapfrog.cpp
0x00007fffe57ad886	21296	in src/gala/integrate/cyintegrators/leapfrog.cpp
0x00007fffe57ad88a	21296	in src/gala/integrate/cyintegrators/leapfrog.cpp
0x00007fffe57ad88e	21296	in src/gala/integrate/cyintegrators/leapfrog.cpp
0x00007fffe57ad892	21296	in src/gala/integrate/cyintegrators/leapfrog.cpp
0x00007fffe57ad896	21305	in src/gala/integrate/cyintegrators/leapfrog.cpp
0x00007fffe57ad89b	21296	in src/gala/integrate/cyintegrators/leapfrog.cpp
21305	in src/gala/integrate/cyintegrators/leapfrog.cpp
0x00007fffe57ad8a5	21305	in src/gala/integrate/cyintegrators/leapfrog.cpp
0x00007fffe57ad8a9	21286	in src/gala/integrate/cyintegrators/leapfrog.cpp
0x00007fffe57ad8ac	21305	in src/gala/integrate/cyintegrators/leapfrog.cpp
0x00007fffe57ad8b0	21305	in src/gala/integrate/cyintegrators/leapfrog.cpp
21286	in src/gala/integrate/cyintegrators/leapfrog.cpp
0x00007fffe57ad8b7	21286	in src/gala/integrate/cyintegrators/leapfrog.cpp
21272	in src/gala/integrate/cyintegrators/leapfrog.cpp
0x00007fffe57ad8bd	21272	in src/gala/integrate/cyintegrators/leapfrog.cpp
0x00007fffe57ad8c0	21272	in src/gala/integrate/cyintegrators/leapfrog.cpp
0x00007fffe57ad8c3	21272	in src/gala/integrate/cyintegrators/leapfrog.cpp
0x00007fffe57ad8c5	21272	in src/gala/integrate/cyintegrators/leapfrog.cpp
0x00007fffe57ad8c8	21272	in src/gala/integrate/cyintegrators/leapfrog.cpp
21286	in src/gala/integrate/cyintegrators/leapfrog.cpp
0x00007fffe57ad862	21286	in src/gala/integrate/cyintegrators/leapfrog.cpp
0x00007fffe57ad864	21286	in src/gala/integrate/cyintegrators/leapfrog.cpp
0x00007fffe57ad86f	21286	in src/gala/integrate/cyintegrators/leapfrog.cpp
21296	in src/gala/integrate/cyintegrators/leapfrog.cpp
0x00007fffe57ad873	21286	in src/gala/integrate/cyintegrators/leapfrog.cpp
0x00007fffe57ad876	21296	in src/gala/integrate/cyintegrators/leapfrog.cpp
0x00007fffe57ad87e	21296	in src/gala/integrate/cyintegrators/leapfrog.cpp
0x00007fffe57ad883	21296	in src/gala/integrate/cyintegrators/leapfrog.cpp
0x00007fffe57ad886	21296	in src/gala/integrate/cyintegrators/leapfrog.cpp
0x00007fffe57ad88a	21296	in src/gala/integrate/cyintegrators/leapfrog.cpp
0x00007fffe57ad88e	21296	in src/gala/integrate/cyintegrators/leapfrog.cpp
0x00007fffe57ad892	21296	in src/gala/integrate/cyintegrators/leapfrog.cpp
0x00007fffe57ad896	21305	in src/gala/integrate/cyintegrators/leapfrog.cpp
0x00007fffe57ad89b	21296	in src/gala/integrate/cyintegrators/leapfrog.cpp
21305	in src/gala/integrate/cyintegrators/leapfrog.cpp
0x00007fffe57ad8a5	21305	in src/gala/integrate/cyintegrators/leapfrog.cpp
0x00007fffe57ad8a9	21286	in src/gala/integrate/cyintegrators/leapfrog.cpp
0x00007fffe57ad8ac	21305	in src/gala/integrate/cyintegrators/leapfrog.cpp
0x00007fffe57ad8b0	21305	in src/gala/integrate/cyintegrators/leapfrog.cpp
21286	in src/gala/integrate/cyintegrators/leapfrog.cpp
0x00007fffe57ad8b7	21286	in src/gala/integrate/cyintegrators/leapfrog.cpp
21272	in src/gala/integrate/cyintegrators/leapfrog.cpp
0x00007fffe57ad8bd	21272	in src/gala/integrate/cyintegrators/leapfrog.cpp
0x00007fffe57ad8c0	21272	in src/gala/integrate/cyintegrators/leapfrog.cpp
0x00007fffe57ad8c3	21272	in src/gala/integrate/cyintegrators/leapfrog.cpp
0x00007fffe57ad8d5	21328	in src/gala/integrate/cyintegrators/leapfrog.cpp
0x00007fffe57ad8d9	21328	in src/gala/integrate/cyintegrators/leapfrog.cpp
0x00007fffe57ad8da	21328	in src/gala/integrate/cyintegrators/leapfrog.cpp
0x00007fffe57ad8db	21328	in src/gala/integrate/cyintegrators/leapfrog.cpp
0x00007fffe57ad8dd	21328	in src/gala/integrate/cyintegrators/leapfrog.cpp
0x00007fffe57ad8df	21328	in src/gala/integrate/cyintegrators/leapfrog.cpp
0x00007fffe57ad8e1	21328	in src/gala/integrate/cyintegrators/leapfrog.cpp
0x00007fffe57ad8e3	21328	in src/gala/integrate/cyintegrators/leapfrog.cpp
__Pyx_ErrOccurredWithGIL () at src/gala/integrate/cyintegrators/leapfrog.cpp:30419
30419	in src/gala/integrate/cyintegrators/leapfrog.cpp
0x00007fffe57c9621	30419	in src/gala/integrate/cyintegrators/leapfrog.cpp
0x00007fffe57c9623	30419	in src/gala/integrate/cyintegrators/leapfrog.cpp
0x00007fffe579e9d0 in PyGILState_Ensure@plt () from /home/otherside123/venvs/gate2c1-trace/lib/python3.12/site-packages/gala/integrate/cyintegrators/leapfrog.cpython-312-x86_64-linux-gnu.so
0x00000000006b2ba0 in PyGILState_Ensure ()
0x00000000006b2ba4 in PyGILState_Ensure ()
0x00000000006b2ba5 in PyGILState_Ensure ()
0x00000000006b2baa in PyGILState_Ensure ()
0x00000000006b2bad in PyGILState_Ensure ()
0x00000000006b2bae in PyGILState_Ensure ()
0x00000000006b2baf in PyGILState_Ensure ()
0x00000000006104e0 in PyThread_tss_get ()
0x00000000006104e4 in PyThread_tss_get ()
0x00000000006104e7 in PyThread_tss_get ()
0x0000000000421760 in pthread_getspecific@plt ()
___pthread_getspecific (key=0) at ./nptl/pthread_getspecific.c:24
29	in ./nptl/pthread_getspecific.c
0x00007ffff7c9e697	29	in ./nptl/pthread_getspecific.c
30	in ./nptl/pthread_getspecific.c
0x00007ffff7c9e69b	30	in ./nptl/pthread_getspecific.c
0x00007ffff7c9e69f	30	in ./nptl/pthread_getspecific.c
0x00007ffff7c9e6a3	30	in ./nptl/pthread_getspecific.c
54	in ./nptl/pthread_getspecific.c
55	in ./nptl/pthread_getspecific.c
0x00007ffff7c9e6b3	55	in ./nptl/pthread_getspecific.c
59	in ./nptl/pthread_getspecific.c
0x00007ffff7c9e6b7	59	in ./nptl/pthread_getspecific.c
0x00007ffff7c9e6be	59	in ./nptl/pthread_getspecific.c
0x00007ffff7c9e6c1	59	in ./nptl/pthread_getspecific.c
0x00007ffff7c9e6c5	59	in ./nptl/pthread_getspecific.c
0x00007ffff7c9e6c9	59	in ./nptl/pthread_getspecific.c
0x00007ffff7c9e6cb	64	in ./nptl/pthread_getspecific.c
0x00007ffff7c9e6ce	64	in ./nptl/pthread_getspecific.c
0x00000000006b2bb4 in PyGILState_Ensure ()
0x00000000006b2bb7 in PyGILState_Ensure ()
0x00000000006b2bbd in PyGILState_Ensure ()
0x00000000006b2bc6 in PyGILState_Ensure ()
0x00000000006b2bc9 in PyGILState_Ensure ()
0x00000000006b2bce in PyGILState_Ensure ()
0x00000000006b2bd1 in PyGILState_Ensure ()
0x00000000006b2bde in PyGILState_Ensure ()
0x00000000006b2be1 in PyGILState_Ensure ()
0x00000000005fc4c0 in PyEval_RestoreThread ()
0x00000000005fc4c4 in PyEval_RestoreThread ()
0x00000000005fc4c5 in PyEval_RestoreThread ()
0x00000000005fc4c8 in PyEval_RestoreThread ()
0x00000000005fc4c9 in PyEval_RestoreThread ()
0x00000000005fc4cd in PyEval_RestoreThread ()
0x00000000005fc4d0 in PyEval_RestoreThread ()
0x00000000005fc4d6 in PyEval_RestoreThread ()
0x00000000005fc4d9 in PyEval_RestoreThread ()
0x00000000005fbbe0 in ?? ()
0x00000000005fbbe1 in ?? ()
0x00000000005fbbe4 in ?? ()
0x00000000005fbbe6 in ?? ()
0x00000000005fbbe8 in ?? ()
0x00000000005fbbea in ?? ()
0x00000000005fbbed in ?? ()
0x00000000005fbbef in ?? ()
0x00000000005fbbf0 in ?? ()
0x00000000005fbbf4 in ?? ()
0x00000000004214b0 in __errno_location@plt ()
__GI___errno_location () at ./csu/errno-loc.c:25
26	in ./csu/errno-loc.c
0x00007ffff7c2a6eb	26	in ./csu/errno-loc.c
0x00007ffff7c2a6f4	27	in ./csu/errno-loc.c
0x00000000005fbbf9 in ?? ()
0x00000000005fbbfc in ?? ()
0x00000000005fbbff in ?? ()
0x00000000005fbc01 in ?? ()
0x00000000005fbc04 in ?? ()
0x0000000000608330 in ?? ()
0x0000000000608334 in ?? ()
0x0000000000608335 in ?? ()
0x0000000000608338 in ?? ()
0x0000000000608339 in ?? ()
0x000000000060833d in ?? ()
0x0000000000608344 in ?? ()
0x000000000060834b in ?? ()
0x000000000060834e in ?? ()
0x0000000000608350 in ?? ()
0x0000000000608354 in ?? ()
0x0000000000608358 in ?? ()
0x000000000060835f in ?? ()
0x0000000000608362 in ?? ()
0x0000000000608364 in ?? ()
0x0000000000608367 in ?? ()
0x000000000060836d in ?? ()
0x000000000060836f in ?? ()
0x0000000000608373 in ?? ()
0x0000000000608374 in ?? ()
0x00000000005fbc09 in ?? ()
0x00000000005fbc0b in ?? ()
0x00000000005fbc11 in ?? ()
0x00000000005fbc15 in ?? ()
0x00000000005fbc1d in ?? ()
0x00000000005fbc25 in ?? ()
0x00000000005fbc29 in ?? ()
0x00000000005fbc2d in ?? ()
0x00000000005fbc30 in ?? ()
0x0000000000421c00 in pthread_mutex_lock@plt ()
___pthread_mutex_lock (mutex=0xb49288 <_PyRuntime+77512>) at ./nptl/pthread_mutex_lock.c:77
80	in ./nptl/pthread_mutex_lock.c
0x00007ffff7ca00d7	80	in ./nptl/pthread_mutex_lock.c
0x00007ffff7ca00d9	80	in ./nptl/pthread_mutex_lock.c
82	in ./nptl/pthread_mutex_lock.c
84	in ./nptl/pthread_mutex_lock.c
0x00007ffff7ca00e3	84	in ./nptl/pthread_mutex_lock.c
88	in ./nptl/pthread_mutex_lock.c
0x00007ffff7ca00ea	88	in ./nptl/pthread_mutex_lock.c
0x00007ffff7ca00ed	88	in ./nptl/pthread_mutex_lock.c
0x00007ffff7ca00ee	88	in ./nptl/pthread_mutex_lock.c
0x00007ffff7ca00f2	88	in ./nptl/pthread_mutex_lock.c
0x00007ffff7ca00f4	88	in ./nptl/pthread_mutex_lock.c
90	in ./nptl/pthread_mutex_lock.c
0x00007ffff7ca0101	90	in ./nptl/pthread_mutex_lock.c
0x00007ffff7ca0104	90	in ./nptl/pthread_mutex_lock.c
lll_mutex_lock_optimized (mutex=0xb49288 <_PyRuntime+77512>) at ./nptl/pthread_mutex_lock.c:44
44	in ./nptl/pthread_mutex_lock.c
45	in ./nptl/pthread_mutex_lock.c
0x00007ffff7ca010f	45	in ./nptl/pthread_mutex_lock.c
0x00007ffff7ca0111	45	in ./nptl/pthread_mutex_lock.c
0x00007ffff7ca0118	45	in ./nptl/pthread_mutex_lock.c
0x00007ffff7ca0150	45	in ./nptl/pthread_mutex_lock.c
0x00007ffff7ca0153	45	in ./nptl/pthread_mutex_lock.c
0x00007ffff7ca0156	45	in ./nptl/pthread_mutex_lock.c
46	in ./nptl/pthread_mutex_lock.c
0x00007ffff7ca015e	46	in ./nptl/pthread_mutex_lock.c
___pthread_mutex_lock (mutex=<optimized out>) at ./nptl/pthread_mutex_lock.c:94
94	in ./nptl/pthread_mutex_lock.c
0x00007ffff7ca012e	94	in ./nptl/pthread_mutex_lock.c
0x00007ffff7ca0130	94	in ./nptl/pthread_mutex_lock.c
179	in ./nptl/pthread_mutex_lock.c
182	in ./nptl/pthread_mutex_lock.c
184	in ./nptl/pthread_mutex_lock.c
187	in ./nptl/pthread_mutex_lock.c
189	in ./nptl/pthread_mutex_lock.c
0x00007ffff7ca0148	190	in ./nptl/pthread_mutex_lock.c
0x00007ffff7ca014c	190	in ./nptl/pthread_mutex_lock.c
0x00007ffff7ca014d	190	in ./nptl/pthread_mutex_lock.c
0x00000000005fbc35 in ?? ()
0x00000000005fbc38 in ?? ()
0x00000000005fbc3a in ?? ()
0x00000000005fbc40 in ?? ()
0x00000000005fbc43 in ?? ()
0x00000000005fbc47 in ?? ()
0x00000000005fbc49 in ?? ()
0x00000000005fbc4f in ?? ()
0x00000000005fbc56 in ?? ()
0x00000000005fbc59 in ?? ()
0x00000000005fbc5d in ?? ()
0x0000000000421c00 in pthread_mutex_lock@plt ()
___pthread_mutex_lock (mutex=0xb492e0 <_PyRuntime+77600>) at ./nptl/pthread_mutex_lock.c:77
77	in ./nptl/pthread_mutex_lock.c
80	in ./nptl/pthread_mutex_lock.c
0x00007ffff7ca00d7	80	in ./nptl/pthread_mutex_lock.c
0x00007ffff7ca00d9	80	in ./nptl/pthread_mutex_lock.c
82	in ./nptl/pthread_mutex_lock.c
84	in ./nptl/pthread_mutex_lock.c
0x00007ffff7ca00e3	84	in ./nptl/pthread_mutex_lock.c
88	in ./nptl/pthread_mutex_lock.c
0x00007ffff7ca00ea	88	in ./nptl/pthread_mutex_lock.c
0x00007ffff7ca00ed	88	in ./nptl/pthread_mutex_lock.c
0x00007ffff7ca00ee	88	in ./nptl/pthread_mutex_lock.c
0x00007ffff7ca00f2	88	in ./nptl/pthread_mutex_lock.c
0x00007ffff7ca00f4	88	in ./nptl/pthread_mutex_lock.c
90	in ./nptl/pthread_mutex_lock.c
0x00007ffff7ca0101	90	in ./nptl/pthread_mutex_lock.c
0x00007ffff7ca0104	90	in ./nptl/pthread_mutex_lock.c
lll_mutex_lock_optimized (mutex=0xb492e0 <_PyRuntime+77600>) at ./nptl/pthread_mutex_lock.c:44
44	in ./nptl/pthread_mutex_lock.c
45	in ./nptl/pthread_mutex_lock.c
0x00007ffff7ca010f	45	in ./nptl/pthread_mutex_lock.c
0x00007ffff7ca0111	45	in ./nptl/pthread_mutex_lock.c
0x00007ffff7ca0118	45	in ./nptl/pthread_mutex_lock.c
0x00007ffff7ca0150	45	in ./nptl/pthread_mutex_lock.c
0x00007ffff7ca0153	45	in ./nptl/pthread_mutex_lock.c
0x00007ffff7ca0156	45	in ./nptl/pthread_mutex_lock.c
46	in ./nptl/pthread_mutex_lock.c
0x00007ffff7ca015e	46	in ./nptl/pthread_mutex_lock.c
___pthread_mutex_lock (mutex=<optimized out>) at ./nptl/pthread_mutex_lock.c:94
94	in ./nptl/pthread_mutex_lock.c
0x00007ffff7ca012e	94	in ./nptl/pthread_mutex_lock.c
0x00007ffff7ca0130	94	in ./nptl/pthread_mutex_lock.c
179	in ./nptl/pthread_mutex_lock.c
182	in ./nptl/pthread_mutex_lock.c
184	in ./nptl/pthread_mutex_lock.c
187	in ./nptl/pthread_mutex_lock.c
189	in ./nptl/pthread_mutex_lock.c
0x00007ffff7ca0148	190	in ./nptl/pthread_mutex_lock.c
0x00007ffff7ca014c	190	in ./nptl/pthread_mutex_lock.c
0x00007ffff7ca014d	190	in ./nptl/pthread_mutex_lock.c
0x00000000005fbc62 in ?? ()
0x00000000005fbc64 in ?? ()
0x00000000005fbc6a in ?? ()
0x00000000005fbc71 in ?? ()
0x00000000005fbc75 in ?? ()
0x00000000005fbc78 in ?? ()
0x00000000005fbc7e in ?? ()
0x00000000005fbc82 in ?? ()
0x0000000000420470 in pthread_cond_signal@plt ()
___pthread_cond_signal (cond=0xb492b0 <_PyRuntime+77552>) at ./nptl/pthread_cond_signal.c:35
36	in ./nptl/pthread_cond_signal.c
0x00007ffff7c9b0a5	36	in ./nptl/pthread_cond_signal.c
0x00007ffff7c9b0a8	36	in ./nptl/pthread_cond_signal.c
0x00007ffff7c9b0aa	36	in ./nptl/pthread_cond_signal.c
0x00007ffff7c9b0ac	36	in ./nptl/pthread_cond_signal.c
0x00007ffff7c9b0ae	36	in ./nptl/pthread_cond_signal.c
0x00007ffff7c9b0b0	36	in ./nptl/pthread_cond_signal.c
0x00007ffff7c9b0b1	36	in ./nptl/pthread_cond_signal.c
0x00007ffff7c9b0b5	36	in ./nptl/pthread_cond_signal.c
41	in ./nptl/pthread_cond_signal.c
42	in ./nptl/pthread_cond_signal.c
0x00007ffff7c9b0bb	42	in ./nptl/pthread_cond_signal.c
0x00007ffff7c9b0be	42	in ./nptl/pthread_cond_signal.c
0x00007ffff7c9b15b	96	in ./nptl/pthread_cond_signal.c
0x00007ffff7c9b15f	96	in ./nptl/pthread_cond_signal.c
0x00007ffff7c9b161	96	in ./nptl/pthread_cond_signal.c
0x00007ffff7c9b162	96	in ./nptl/pthread_cond_signal.c
0x00007ffff7c9b164	96	in ./nptl/pthread_cond_signal.c
0x00007ffff7c9b166	96	in ./nptl/pthread_cond_signal.c
0x00007ffff7c9b168	96	in ./nptl/pthread_cond_signal.c
0x00007ffff7c9b16a	96	in ./nptl/pthread_cond_signal.c
0x00007ffff7c9b16b	96	in ./nptl/pthread_cond_signal.c
0x00000000005fbc87 in ?? ()
0x00000000005fbc89 in ?? ()
0x00000000005fbc8f in ?? ()
0x00000000005fbc93 in ?? ()
0x0000000000421db0 in pthread_mutex_unlock@plt ()
___pthread_mutex_unlock (mutex=0xb492e0 <_PyRuntime+77600>) at ./nptl/pthread_mutex_unlock.c:367
__GI___pthread_mutex_unlock_usercnt (decr=1, mutex=0xb492e0 <_PyRuntime+77600>) at ./nptl/pthread_mutex_unlock.c:51
51	in ./nptl/pthread_mutex_unlock.c
0x00007ffff7ca1b57	51	in ./nptl/pthread_mutex_unlock.c
0x00007ffff7ca1b59	51	in ./nptl/pthread_mutex_unlock.c
52	in ./nptl/pthread_mutex_unlock.c
0x00007ffff7ca1b61	52	in ./nptl/pthread_mutex_unlock.c
___pthread_mutex_unlock (mutex=0xb492e0 <_PyRuntime+77600>) at ./nptl/pthread_mutex_unlock.c:57
57	in ./nptl/pthread_mutex_unlock.c
0x00007ffff7ca1b64	57	in ./nptl/pthread_mutex_unlock.c
0x00007ffff7ca1b67	57	in ./nptl/pthread_mutex_unlock.c
0x00007ffff7ca1b6b in __GI___pthread_mutex_unlock_usercnt (decr=1, mutex=0xb492e0 <_PyRuntime+77600>) at ./nptl/pthread_mutex_unlock.c:57
57	in ./nptl/pthread_mutex_unlock.c
0x00007ffff7ca1b6d	57	in ./nptl/pthread_mutex_unlock.c
62	in ./nptl/pthread_mutex_unlock.c
0x00007ffff7ca1b73	62	in ./nptl/pthread_mutex_unlock.c
lll_mutex_unlock_optimized (mutex=0xb492e0 <_PyRuntime+77600>) at ./nptl/pthread_mutex_unlock.c:39
39	in ./nptl/pthread_mutex_unlock.c
40	in ./nptl/pthread_mutex_unlock.c
0x00007ffff7ca1b83	40	in ./nptl/pthread_mutex_unlock.c
0x00007ffff7ca1b85	40	in ./nptl/pthread_mutex_unlock.c
0x00007ffff7ca1b8c	40	in ./nptl/pthread_mutex_unlock.c
41	in ./nptl/pthread_mutex_unlock.c
__GI___pthread_mutex_unlock_usercnt (decr=1, mutex=<optimized out>) at ./nptl/pthread_mutex_unlock.c:70
70	in ./nptl/pthread_mutex_unlock.c
72	in ./nptl/pthread_mutex_unlock.c
0x00007ffff7ca1b97 in ___pthread_mutex_unlock (mutex=<optimized out>) at ./nptl/pthread_mutex_unlock.c:369
369	in ./nptl/pthread_mutex_unlock.c
0x00007ffff7ca1b98	369	in ./nptl/pthread_mutex_unlock.c
0x00000000005fbc98 in ?? ()
0x00000000005fbc9a in ?? ()
0x00000000005fbca0 in ?? ()
0x00000000005fbca3 in ?? ()
0x0000000000608330 in ?? ()
0x0000000000608334 in ?? ()
0x0000000000608335 in ?? ()
0x0000000000608338 in ?? ()
0x0000000000608339 in ?? ()
0x000000000060833d in ?? ()
0x0000000000608344 in ?? ()
0x000000000060834b in ?? ()
0x000000000060834e in ?? ()
0x0000000000608350 in ?? ()
0x0000000000608354 in ?? ()
0x0000000000608358 in ?? ()
0x000000000060835f in ?? ()
0x0000000000608362 in ?? ()
0x0000000000608364 in ?? ()
0x0000000000608367 in ?? ()
0x000000000060836d in ?? ()
0x000000000060836f in ?? ()
0x0000000000608373 in ?? ()
0x0000000000608374 in ?? ()
0x00000000005fbca8 in ?? ()
0x00000000005fbcaa in ?? ()
0x00000000005fbcac in ?? ()
0x00000000005fbcb2 in ?? ()
0x00000000005fbcba in ?? ()
0x00000000005fbcbc in ?? ()
0x00000000005fbcc2 in ?? ()
0x00000000005fbcca in ?? ()
0x00000000005fbcd0 in ?? ()
0x00000000005fbcd2 in ?? ()
0x00000000005fbcd8 in ?? ()
0x00000000005fbcdb in ?? ()
0x00000000005fbce3 in ?? ()
0x00000000005fbce6 in ?? ()
0x0000000000610060 in PyThread_get_thread_ident ()
0x0000000000610064 in PyThread_get_thread_ident ()
0x0000000000610065 in PyThread_get_thread_ident ()
0x0000000000610068 in PyThread_get_thread_ident ()
0x000000000061006c in PyThread_get_thread_ident ()
0x0000000000610072 in PyThread_get_thread_ident ()
0x0000000000610074 in PyThread_get_thread_ident ()
0x000000000061007a in PyThread_get_thread_ident ()
0x0000000000420ef0 in pthread_self@plt ()
__GI___pthread_self () at ./nptl/pthread_self.c:23
24	in ./nptl/pthread_self.c
0x00007ffff7ca37bd	24	in ./nptl/pthread_self.c
0x000000000061007f in PyThread_get_thread_ident ()
0x0000000000610083 in PyThread_get_thread_ident ()
0x0000000000610087 in PyThread_get_thread_ident ()
0x0000000000610088 in PyThread_get_thread_ident ()
0x00000000005fbceb in ?? ()
0x00000000005fbcf2 in ?? ()
0x00000000005fbcf5 in ?? ()
0x00000000005fbcfb in ?? ()
0x00000000005fbd02 in ?? ()
0x00000000005fbd08 in ?? ()
0x00000000005fbd0e in ?? ()
0x00000000005fbd16 in ?? ()
0x00000000005fbd19 in ?? ()
0x00000000005fbd1b in ?? ()
0x00000000005fbd1d in ?? ()
0x00000000005fbd1f in ?? ()
0x00000000005fbd22 in ?? ()
0x00000000005fbd25 in ?? ()
0x00000000005fbd27 in ?? ()
0x00000000005fbd2f in ?? ()
0x00000000005fbd31 in ?? ()
0x00000000005fbd39 in ?? ()
0x00000000005fbd41 in ?? ()
0x00000000005fbd47 in ?? ()
0x00000000005fbd4a in ?? ()
0x0000000000421db0 in pthread_mutex_unlock@plt ()
___pthread_mutex_unlock (mutex=0xb49288 <_PyRuntime+77512>) at ./nptl/pthread_mutex_unlock.c:367
__GI___pthread_mutex_unlock_usercnt (decr=1, mutex=0xb49288 <_PyRuntime+77512>) at ./nptl/pthread_mutex_unlock.c:51
51	in ./nptl/pthread_mutex_unlock.c
0x00007ffff7ca1b57	51	in ./nptl/pthread_mutex_unlock.c
0x00007ffff7ca1b59	51	in ./nptl/pthread_mutex_unlock.c
52	in ./nptl/pthread_mutex_unlock.c
0x00007ffff7ca1b61	52	in ./nptl/pthread_mutex_unlock.c
___pthread_mutex_unlock (mutex=0xb49288 <_PyRuntime+77512>) at ./nptl/pthread_mutex_unlock.c:57
57	in ./nptl/pthread_mutex_unlock.c
0x00007ffff7ca1b64	57	in ./nptl/pthread_mutex_unlock.c
0x00007ffff7ca1b67	57	in ./nptl/pthread_mutex_unlock.c
0x00007ffff7ca1b6b in __GI___pthread_mutex_unlock_usercnt (decr=1, mutex=0xb49288 <_PyRuntime+77512>) at ./nptl/pthread_mutex_unlock.c:57
57	in ./nptl/pthread_mutex_unlock.c
0x00007ffff7ca1b6d	57	in ./nptl/pthread_mutex_unlock.c
62	in ./nptl/pthread_mutex_unlock.c
0x00007ffff7ca1b73	62	in ./nptl/pthread_mutex_unlock.c
lll_mutex_unlock_optimized (mutex=0xb49288 <_PyRuntime+77512>) at ./nptl/pthread_mutex_unlock.c:39
39	in ./nptl/pthread_mutex_unlock.c
40	in ./nptl/pthread_mutex_unlock.c
0x00007ffff7ca1b83	40	in ./nptl/pthread_mutex_unlock.c
0x00007ffff7ca1b85	40	in ./nptl/pthread_mutex_unlock.c
0x00007ffff7ca1b8c	40	in ./nptl/pthread_mutex_unlock.c
41	in ./nptl/pthread_mutex_unlock.c
__GI___pthread_mutex_unlock_usercnt (decr=1, mutex=<optimized out>) at ./nptl/pthread_mutex_unlock.c:70
70	in ./nptl/pthread_mutex_unlock.c
72	in ./nptl/pthread_mutex_unlock.c
0x00007ffff7ca1b97 in ___pthread_mutex_unlock (mutex=<optimized out>) at ./nptl/pthread_mutex_unlock.c:369
369	in ./nptl/pthread_mutex_unlock.c
0x00007ffff7ca1b98	369	in ./nptl/pthread_mutex_unlock.c
0x00000000005fbd4f in ?? ()
0x00000000005fbd51 in ?? ()
0x00000000005fbd57 in ?? ()
0x00000000005fbd5a in ?? ()
0x00000000005fbd5d in ?? ()
0x00000000005fbd61 in ?? ()
0x00000000005fbd62 in ?? ()
0x00000000005fbd64 in ?? ()
0x00000000005fbd66 in ?? ()
0x00000000005fbd68 in ?? ()
0x00000000005fbd6a in ?? ()
0x00000000005fbd6b in ?? ()
0x00000000005fc4de in PyEval_RestoreThread ()
0x00000000005fc4e1 in PyEval_RestoreThread ()
0x00000000005fc4e5 in PyEval_RestoreThread ()
0x00000000005fc4e6 in PyEval_RestoreThread ()
0x00000000006082c0 in ?? ()
0x00000000006082c4 in ?? ()
0x00000000006082cd in ?? ()
0x00000000006082da in ?? ()
0x00000000006082dd in ?? ()
0x00000000006082e3 in ?? ()
0x00000000006082e6 in ?? ()
0x00000000006082e8 in ?? ()
0x00000000006082f1 in ?? ()
0x00000000006082f5 in ?? ()
0x00000000006082f8 in ?? ()
0x00000000006082fa in ?? ()
0x00000000006082fd in ?? ()
0x0000000000608300 in ?? ()
0x00000000006b2be6 in PyGILState_Ensure ()
0x00000000006b2be9 in PyGILState_Ensure ()
0x00000000006b2beb in PyGILState_Ensure ()
0x00000000006b2bd3 in PyGILState_Ensure ()
0x00000000006b2bd7 in PyGILState_Ensure ()
0x00000000006b2bda in PyGILState_Ensure ()
0x00000000006b2bdb in PyGILState_Ensure ()
0x00000000006b2bdc in PyGILState_Ensure ()
0x00000000006b2bdd in PyGILState_Ensure ()
0x00007fffe57c9628 in __Pyx_ErrOccurredWithGIL () at src/gala/integrate/cyintegrators/leapfrog.cpp:30419
30420	in src/gala/integrate/cyintegrators/leapfrog.cpp
0x00007fffe579e890 in PyErr_Occurred@plt () from /home/otherside123/venvs/gate2c1-trace/lib/python3.12/site-packages/gala/integrate/cyintegrators/leapfrog.cpython-312-x86_64-linux-gnu.so
0x00000000005f1620 in PyErr_Occurred ()
0x00000000005f1624 in PyErr_Occurred ()
0x00000000005f162b in PyErr_Occurred ()
0x00000000005f162f in PyErr_Occurred ()
0x00000000005f1633 in PyErr_Occurred ()
0x00000000005f1636 in PyErr_Occurred ()
0x00000000005f1638 in PyErr_Occurred ()
0x00007fffe57c9630 in __Pyx_ErrOccurredWithGIL () at src/gala/integrate/cyintegrators/leapfrog.cpp:30421
30421	in src/gala/integrate/cyintegrators/leapfrog.cpp
0x00007fffe57c9633	30420	in src/gala/integrate/cyintegrators/leapfrog.cpp
30421	in src/gala/integrate/cyintegrators/leapfrog.cpp
0x00007fffe579e6e0 in PyGILState_Release@plt () from /home/otherside123/venvs/gate2c1-trace/lib/python3.12/site-packages/gala/integrate/cyintegrators/leapfrog.cpython-312-x86_64-linux-gnu.so
0x00000000006b2bf0 in PyGILState_Release ()
0x00000000006b2bf4 in PyGILState_Release ()
0x00000000006b2bf5 in PyGILState_Release ()
0x00000000006b2bf8 in PyGILState_Release ()
0x00000000006b2bf9 in PyGILState_Release ()
0x00000000006b2bfb in PyGILState_Release ()
0x00000000006b2c00 in PyGILState_Release ()
0x00000000006b2c04 in PyGILState_Release ()
0x00000000006104e0 in PyThread_tss_get ()
0x00000000006104e4 in PyThread_tss_get ()
0x00000000006104e7 in PyThread_tss_get ()
0x0000000000421760 in pthread_getspecific@plt ()
___pthread_getspecific (key=0) at ./nptl/pthread_getspecific.c:24
29	in ./nptl/pthread_getspecific.c
0x00007ffff7c9e697	29	in ./nptl/pthread_getspecific.c
30	in ./nptl/pthread_getspecific.c
0x00007ffff7c9e69b	30	in ./nptl/pthread_getspecific.c
0x00007ffff7c9e69f	30	in ./nptl/pthread_getspecific.c
0x00007ffff7c9e6a3	30	in ./nptl/pthread_getspecific.c
54	in ./nptl/pthread_getspecific.c
55	in ./nptl/pthread_getspecific.c
0x00007ffff7c9e6b3	55	in ./nptl/pthread_getspecific.c
59	in ./nptl/pthread_getspecific.c
0x00007ffff7c9e6b7	59	in ./nptl/pthread_getspecific.c
0x00007ffff7c9e6be	59	in ./nptl/pthread_getspecific.c
0x00007ffff7c9e6c1	59	in ./nptl/pthread_getspecific.c
0x00007ffff7c9e6c5	59	in ./nptl/pthread_getspecific.c
0x00007ffff7c9e6c9	59	in ./nptl/pthread_getspecific.c
0x00007ffff7c9e6cb	64	in ./nptl/pthread_getspecific.c
0x00007ffff7c9e6ce	64	in ./nptl/pthread_getspecific.c
0x00000000006b2c09 in PyGILState_Release ()
0x00000000006b2c0c in PyGILState_Release ()
0x00000000006b2c12 in PyGILState_Release ()
0x00000000006b2c1b in PyGILState_Release ()
0x00000000006b2c21 in PyGILState_Release ()
0x00000000006b2c25 in PyGILState_Release ()
0x00000000006b2c2b in PyGILState_Release ()
0x00000000006b2c2e in PyGILState_Release ()
0x00000000006b2c37 in PyGILState_Release ()
0x00000000006b2c3b in PyGILState_Release ()
0x00000000006b2c3c in PyGILState_Release ()
0x00000000006b2c3d in PyGILState_Release ()
0x00000000005fc060 in PyEval_SaveThread ()
0x00000000005fc064 in PyEval_SaveThread ()
0x00000000005fc065 in PyEval_SaveThread ()
0x00000000005fc067 in PyEval_SaveThread ()
0x00000000005fc06a in PyEval_SaveThread ()
0x00000000005fc06c in PyEval_SaveThread ()
0x00000000005fc06e in PyEval_SaveThread ()
0x00000000005fc070 in PyEval_SaveThread ()
0x00000000005fc071 in PyEval_SaveThread ()
0x00000000006082c0 in ?? ()
0x00000000006082c4 in ?? ()
0x00000000006082cd in ?? ()
0x00000000006082da in ?? ()
0x00000000006082dd in ?? ()
0x00000000006082df in ?? ()
0x00000000006082e3 in ?? ()
0x00000000006082e6 in ?? ()
0x0000000000608308 in ?? ()
0x00000000005fc076 in PyEval_SaveThread ()
0x00000000005fc079 in PyEval_SaveThread ()
0x00000000005fc07f in PyEval_SaveThread ()
0x00000000005fc083 in PyEval_SaveThread ()
0x00000000005fc086 in PyEval_SaveThread ()
0x00000000005fc08d in PyEval_SaveThread ()
0x00000000005fc092 in PyEval_SaveThread ()
0x00000000005fc094 in PyEval_SaveThread ()
0x00000000005fc09a in PyEval_SaveThread ()
0x00000000005fc09f in PyEval_SaveThread ()
0x00000000005fc0a4 in PyEval_SaveThread ()
0x00000000005fc0a7 in PyEval_SaveThread ()
0x0000000000421c00 in pthread_mutex_lock@plt ()
___pthread_mutex_lock (mutex=0xb49288 <_PyRuntime+77512>) at ./nptl/pthread_mutex_lock.c:77
80	in ./nptl/pthread_mutex_lock.c
0x00007ffff7ca00d7	80	in ./nptl/pthread_mutex_lock.c
0x00007ffff7ca00d9	80	in ./nptl/pthread_mutex_lock.c
82	in ./nptl/pthread_mutex_lock.c
84	in ./nptl/pthread_mutex_lock.c
0x00007ffff7ca00e3	84	in ./nptl/pthread_mutex_lock.c
88	in ./nptl/pthread_mutex_lock.c
0x00007ffff7ca00ea	88	in ./nptl/pthread_mutex_lock.c
0x00007ffff7ca00ed	88	in ./nptl/pthread_mutex_lock.c
0x00007ffff7ca00ee	88	in ./nptl/pthread_mutex_lock.c
0x00007ffff7ca00f2	88	in ./nptl/pthread_mutex_lock.c
0x00007ffff7ca00f4	88	in ./nptl/pthread_mutex_lock.c
90	in ./nptl/pthread_mutex_lock.c
0x00007ffff7ca0101	90	in ./nptl/pthread_mutex_lock.c
0x00007ffff7ca0104	90	in ./nptl/pthread_mutex_lock.c
lll_mutex_lock_optimized (mutex=0xb49288 <_PyRuntime+77512>) at ./nptl/pthread_mutex_lock.c:44
44	in ./nptl/pthread_mutex_lock.c
45	in ./nptl/pthread_mutex_lock.c
0x00007ffff7ca010f	45	in ./nptl/pthread_mutex_lock.c
0x00007ffff7ca0111	45	in ./nptl/pthread_mutex_lock.c
0x00007ffff7ca0118	45	in ./nptl/pthread_mutex_lock.c
0x00007ffff7ca0150	45	in ./nptl/pthread_mutex_lock.c
0x00007ffff7ca0153	45	in ./nptl/pthread_mutex_lock.c
0x00007ffff7ca0156	45	in ./nptl/pthread_mutex_lock.c
46	in ./nptl/pthread_mutex_lock.c
0x00007ffff7ca015e	46	in ./nptl/pthread_mutex_lock.c
___pthread_mutex_lock (mutex=<optimized out>) at ./nptl/pthread_mutex_lock.c:94
94	in ./nptl/pthread_mutex_lock.c
0x00007ffff7ca012e	94	in ./nptl/pthread_mutex_lock.c
0x00007ffff7ca0130	94	in ./nptl/pthread_mutex_lock.c
179	in ./nptl/pthread_mutex_lock.c
182	in ./nptl/pthread_mutex_lock.c
184	in ./nptl/pthread_mutex_lock.c
187	in ./nptl/pthread_mutex_lock.c
189	in ./nptl/pthread_mutex_lock.c
0x00007ffff7ca0148	190	in ./nptl/pthread_mutex_lock.c
0x00007ffff7ca014c	190	in ./nptl/pthread_mutex_lock.c
0x00007ffff7ca014d	190	in ./nptl/pthread_mutex_lock.c
0x00000000005fc0ac in PyEval_SaveThread ()
0x00000000005fc0ae in PyEval_SaveThread ()
0x00000000005fc0b4 in PyEval_SaveThread ()
0x00000000005fc0bd in PyEval_SaveThread ()
0x00000000005fc0c2 in PyEval_SaveThread ()
0x0000000000420470 in pthread_cond_signal@plt ()
___pthread_cond_signal (cond=0xb49258 <_PyRuntime+77464>) at ./nptl/pthread_cond_signal.c:35
36	in ./nptl/pthread_cond_signal.c
0x00007ffff7c9b0a5	36	in ./nptl/pthread_cond_signal.c
0x00007ffff7c9b0a8	36	in ./nptl/pthread_cond_signal.c
0x00007ffff7c9b0aa	36	in ./nptl/pthread_cond_signal.c
0x00007ffff7c9b0ac	36	in ./nptl/pthread_cond_signal.c
0x00007ffff7c9b0ae	36	in ./nptl/pthread_cond_signal.c
0x00007ffff7c9b0b0	36	in ./nptl/pthread_cond_signal.c
0x00007ffff7c9b0b1	36	in ./nptl/pthread_cond_signal.c
0x00007ffff7c9b0b5	36	in ./nptl/pthread_cond_signal.c
41	in ./nptl/pthread_cond_signal.c
42	in ./nptl/pthread_cond_signal.c
0x00007ffff7c9b0bb	42	in ./nptl/pthread_cond_signal.c
0x00007ffff7c9b0be	42	in ./nptl/pthread_cond_signal.c
0x00007ffff7c9b15b	96	in ./nptl/pthread_cond_signal.c
0x00007ffff7c9b15f	96	in ./nptl/pthread_cond_signal.c
0x00007ffff7c9b161	96	in ./nptl/pthread_cond_signal.c
0x00007ffff7c9b162	96	in ./nptl/pthread_cond_signal.c
0x00007ffff7c9b164	96	in ./nptl/pthread_cond_signal.c
0x00007ffff7c9b166	96	in ./nptl/pthread_cond_signal.c
0x00007ffff7c9b168	96	in ./nptl/pthread_cond_signal.c
0x00007ffff7c9b16a	96	in ./nptl/pthread_cond_signal.c
0x00007ffff7c9b16b	96	in ./nptl/pthread_cond_signal.c
0x00000000005fc0c7 in PyEval_SaveThread ()
0x00000000005fc0c9 in PyEval_SaveThread ()
0x00000000005fc0cf in PyEval_SaveThread ()
0x00000000005fc0d2 in PyEval_SaveThread ()
0x0000000000421db0 in pthread_mutex_unlock@plt ()
___pthread_mutex_unlock (mutex=0xb49288 <_PyRuntime+77512>) at ./nptl/pthread_mutex_unlock.c:367
__GI___pthread_mutex_unlock_usercnt (decr=1, mutex=0xb49288 <_PyRuntime+77512>) at ./nptl/pthread_mutex_unlock.c:51
51	in ./nptl/pthread_mutex_unlock.c
0x00007ffff7ca1b57	51	in ./nptl/pthread_mutex_unlock.c
0x00007ffff7ca1b59	51	in ./nptl/pthread_mutex_unlock.c
52	in ./nptl/pthread_mutex_unlock.c
0x00007ffff7ca1b61	52	in ./nptl/pthread_mutex_unlock.c
___pthread_mutex_unlock (mutex=0xb49288 <_PyRuntime+77512>) at ./nptl/pthread_mutex_unlock.c:57
57	in ./nptl/pthread_mutex_unlock.c
0x00007ffff7ca1b64	57	in ./nptl/pthread_mutex_unlock.c
0x00007ffff7ca1b67	57	in ./nptl/pthread_mutex_unlock.c
0x00007ffff7ca1b6b in __GI___pthread_mutex_unlock_usercnt (decr=1, mutex=0xb49288 <_PyRuntime+77512>) at ./nptl/pthread_mutex_unlock.c:57
57	in ./nptl/pthread_mutex_unlock.c
0x00007ffff7ca1b6d	57	in ./nptl/pthread_mutex_unlock.c
62	in ./nptl/pthread_mutex_unlock.c
0x00007ffff7ca1b73	62	in ./nptl/pthread_mutex_unlock.c
lll_mutex_unlock_optimized (mutex=0xb49288 <_PyRuntime+77512>) at ./nptl/pthread_mutex_unlock.c:39
39	in ./nptl/pthread_mutex_unlock.c
40	in ./nptl/pthread_mutex_unlock.c
0x00007ffff7ca1b83	40	in ./nptl/pthread_mutex_unlock.c
0x00007ffff7ca1b85	40	in ./nptl/pthread_mutex_unlock.c
0x00007ffff7ca1b8c	40	in ./nptl/pthread_mutex_unlock.c
41	in ./nptl/pthread_mutex_unlock.c
__GI___pthread_mutex_unlock_usercnt (decr=1, mutex=<optimized out>) at ./nptl/pthread_mutex_unlock.c:70
70	in ./nptl/pthread_mutex_unlock.c
72	in ./nptl/pthread_mutex_unlock.c
0x00007ffff7ca1b97 in ___pthread_mutex_unlock (mutex=<optimized out>) at ./nptl/pthread_mutex_unlock.c:369
369	in ./nptl/pthread_mutex_unlock.c
0x00007ffff7ca1b98	369	in ./nptl/pthread_mutex_unlock.c
0x00000000005fc0d7 in PyEval_SaveThread ()
0x00000000005fc0d9 in PyEval_SaveThread ()
0x00000000005fc0df in PyEval_SaveThread ()
0x00000000005fc0e6 in PyEval_SaveThread ()
0x00000000005fc0e8 in PyEval_SaveThread ()
0x00000000005fc0ea in PyEval_SaveThread ()
0x00000000005fc0ed in PyEval_SaveThread ()
0x00000000005fc0ee in PyEval_SaveThread ()
0x00000000005fc0f0 in PyEval_SaveThread ()
0x00000000005fc0f2 in PyEval_SaveThread ()
0x00000000005fc0f4 in PyEval_SaveThread ()
0x00000000005fc0f5 in PyEval_SaveThread ()
__pyx_f_4gala_9integrate_13cyintegrators_8leapfrog_leapfrog_integrate_hamiltonian (__pyx_skip_dispatch=1, __pyx_v_hamiltonian=<optimized out>, __pyx_v_w0=..., __pyx_v_t=..., __pyx_optional_args=<synthetic pointer>) at src/gala/integrate/cyintegrators/leapfrog.cpp:30422
0x00007fffe57c963e	30422	in src/gala/integrate/cyintegrators/leapfrog.cpp
21964	in src/gala/integrate/cyintegrators/leapfrog.cpp
0x00007fffe57c9648	21964	in src/gala/integrate/cyintegrators/leapfrog.cpp
0x00007fffe57c964a	21964	in src/gala/integrate/cyintegrators/leapfrog.cpp
21978	in src/gala/integrate/cyintegrators/leapfrog.cpp
0x00007fffe57cad07	21978	in src/gala/integrate/cyintegrators/leapfrog.cpp
0x00007fffe57cad09	21978	in src/gala/integrate/cyintegrators/leapfrog.cpp
0x00007fffe57cad0f	21978	in src/gala/integrate/cyintegrators/leapfrog.cpp
0x00007fffe57cad17	21978	in src/gala/integrate/cyintegrators/leapfrog.cpp
0x00007fffe57cad1f	21978	in src/gala/integrate/cyintegrators/leapfrog.cpp
0x00007fffe57cad22	21978	in src/gala/integrate/cyintegrators/leapfrog.cpp
0x00007fffe57cad24	21978	in src/gala/integrate/cyintegrators/leapfrog.cpp
0x00007fffe57cad28	21978	in src/gala/integrate/cyintegrators/leapfrog.cpp
21992	in src/gala/integrate/cyintegrators/leapfrog.cpp
0x00007fffe57cad32	21992	in src/gala/integrate/cyintegrators/leapfrog.cpp
0x00007fffe57cad34	21992	in src/gala/integrate/cyintegrators/leapfrog.cpp
0x00007fffe57cad3a	21992	in src/gala/integrate/cyintegrators/leapfrog.cpp
0x00007fffe57cad3c	21992	in src/gala/integrate/cyintegrators/leapfrog.cpp
0x00007fffe57cad3f	21992	in src/gala/integrate/cyintegrators/leapfrog.cpp
0x00007fffe57cad47	21992	in src/gala/integrate/cyintegrators/leapfrog.cpp
0x00007fffe57cad49	21992	in src/gala/integrate/cyintegrators/leapfrog.cpp
0x00007fffe57cad4d	21992	in src/gala/integrate/cyintegrators/leapfrog.cpp
0x00007fffe57cad51	21992	in src/gala/integrate/cyintegrators/leapfrog.cpp
0x00007fffe57cad54	21992	in src/gala/integrate/cyintegrators/leapfrog.cpp
0x00007fffe57cad5a	21992	in src/gala/integrate/cyintegrators/leapfrog.cpp
0x00007fffe57cad5e	21992	in src/gala/integrate/cyintegrators/leapfrog.cpp
0x00007fffe57cb3f2 in Py_DECREF (op=<optimized out>) at /opt/_internal/cpython-3.12.14/include/python3.12/object.h:705
0x00007fffe57cb3f5 in __pyx_f_4gala_9integrate_13cyintegrators_8leapfrog_leapfrog_integrate_hamiltonian (__pyx_skip_dispatch=1, __pyx_v_hamiltonian=<optimized out>, __pyx_v_w0=..., __pyx_v_t=..., __pyx_optional_args=<synthetic pointer>) at src/gala/integrate/cyintegrators/leapfrog.cpp:21357
0x00007fffe57cb3f7	21357	in src/gala/integrate/cyintegrators/leapfrog.cpp
22008	in src/gala/integrate/cyintegrators/leapfrog.cpp
0x00007fffe57cb405	22008	in src/gala/integrate/cyintegrators/leapfrog.cpp
0x00007fffe57cb408	22008	in src/gala/integrate/cyintegrators/leapfrog.cpp
21992	in src/gala/integrate/cyintegrators/leapfrog.cpp
0x00007fffe57cb411	21992	in src/gala/integrate/cyintegrators/leapfrog.cpp
0x00007fffe57cb414	21992	in src/gala/integrate/cyintegrators/leapfrog.cpp
0x00007fffe57cb416	21992	in src/gala/integrate/cyintegrators/leapfrog.cpp
21978	in src/gala/integrate/cyintegrators/leapfrog.cpp
0x00007fffe57cadb2	21978	in src/gala/integrate/cyintegrators/leapfrog.cpp
0x00007fffe57cadb6	21978	in src/gala/integrate/cyintegrators/leapfrog.cpp
0x00007fffe57cadb9	21978	in src/gala/integrate/cyintegrators/leapfrog.cpp
0x00007fffe57cadc1	21978	in src/gala/integrate/cyintegrators/leapfrog.cpp
0x00007fffe57cadc4	21978	in src/gala/integrate/cyintegrators/leapfrog.cpp
0x00007fffe57cadcc	21978	in src/gala/integrate/cyintegrators/leapfrog.cpp
0x00007fffe57cad51	21992	in src/gala/integrate/cyintegrators/leapfrog.cpp
0x00007fffe57cad54	21992	in src/gala/integrate/cyintegrators/leapfrog.cpp
0x00007fffe57cad5a	21992	in src/gala/integrate/cyintegrators/leapfrog.cpp
0x00007fffe57cad5e	21992	in src/gala/integrate/cyintegrators/leapfrog.cpp
0x00007fffe57cb3f2 in Py_DECREF (op=<optimized out>) at /opt/_internal/cpython-3.12.14/include/python3.12/object.h:705
0x00007fffe57cb3f5 in __pyx_f_4gala_9integrate_13cyintegrators_8leapfrog_leapfrog_integrate_hamiltonian (__pyx_skip_dispatch=1, __pyx_v_hamiltonian=<optimized out>, __pyx_v_w0=..., __pyx_v_t=..., __pyx_optional_args=<synthetic pointer>) at src/gala/integrate/cyintegrators/leapfrog.cpp:21357
0x00007fffe57cb3f7	21357	in src/gala/integrate/cyintegrators/leapfrog.cpp
22008	in src/gala/integrate/cyintegrators/leapfrog.cpp
0x00007fffe57cb405	22008	in src/gala/integrate/cyintegrators/leapfrog.cpp
0x00007fffe57cb408	22008	in src/gala/integrate/cyintegrators/leapfrog.cpp
21992	in src/gala/integrate/cyintegrators/leapfrog.cpp
0x00007fffe57cb411	21992	in src/gala/integrate/cyintegrators/leapfrog.cpp
0x00007fffe57cb414	21992	in src/gala/integrate/cyintegrators/leapfrog.cpp
0x00007fffe57cb416	21992	in src/gala/integrate/cyintegrators/leapfrog.cpp
21978	in src/gala/integrate/cyintegrators/leapfrog.cpp
0x00007fffe57cadb2	21978	in src/gala/integrate/cyintegrators/leapfrog.cpp
0x00007fffe57cadb6	21978	in src/gala/integrate/cyintegrators/leapfrog.cpp
0x00007fffe57cadb9	21978	in src/gala/integrate/cyintegrators/leapfrog.cpp
0x00007fffe57cadc1	21978	in src/gala/integrate/cyintegrators/leapfrog.cpp
0x00007fffe57cadc4	21978	in src/gala/integrate/cyintegrators/leapfrog.cpp
0x00007fffe57cadcc	21978	in src/gala/integrate/cyintegrators/leapfrog.cpp
0x00007fffe57cad51	21992	in src/gala/integrate/cyintegrators/leapfrog.cpp
0x00007fffe57cad54	21992	in src/gala/integrate/cyintegrators/leapfrog.cpp
0x00007fffe57cad5a	21992	in src/gala/integrate/cyintegrators/leapfrog.cpp
0x00007fffe57cad5e	21992	in src/gala/integrate/cyintegrators/leapfrog.cpp
0x00007fffe57cb3f2 in Py_DECREF (op=<optimized out>) at /opt/_internal/cpython-3.12.14/include/python3.12/object.h:705
0x00007fffe57cb3f5 in __pyx_f_4gala_9integrate_13cyintegrators_8leapfrog_leapfrog_integrate_hamiltonian (__pyx_skip_dispatch=1, __pyx_v_hamiltonian=<optimized out>, __pyx_v_w0=..., __pyx_v_t=..., __pyx_optional_args=<synthetic pointer>) at src/gala/integrate/cyintegrators/leapfrog.cpp:21357
0x00007fffe57cb3f7	21357	in src/gala/integrate/cyintegrators/leapfrog.cpp
22008	in src/gala/integrate/cyintegrators/leapfrog.cpp
0x00007fffe57cb405	22008	in src/gala/integrate/cyintegrators/leapfrog.cpp
0x00007fffe57cb408	22008	in src/gala/integrate/cyintegrators/leapfrog.cpp
21992	in src/gala/integrate/cyintegrators/leapfrog.cpp
0x00007fffe57cb411	21992	in src/gala/integrate/cyintegrators/leapfrog.cpp
0x00007fffe57cb414	21992	in src/gala/integrate/cyintegrators/leapfrog.cpp
0x00007fffe57cb416	21992	in src/gala/integrate/cyintegrators/leapfrog.cpp
21978	in src/gala/integrate/cyintegrators/leapfrog.cpp
0x00007fffe57cadb2	21978	in src/gala/integrate/cyintegrators/leapfrog.cpp
0x00007fffe57cadb6	21978	in src/gala/integrate/cyintegrators/leapfrog.cpp
0x00007fffe57cadb9	21978	in src/gala/integrate/cyintegrators/leapfrog.cpp
0x00007fffe57cadc1	21978	in src/gala/integrate/cyintegrators/leapfrog.cpp
0x00007fffe57cadc4	21978	in src/gala/integrate/cyintegrators/leapfrog.cpp
0x00007fffe57cadcc	21978	in src/gala/integrate/cyintegrators/leapfrog.cpp
0x00007fffe57cad51	21992	in src/gala/integrate/cyintegrators/leapfrog.cpp
0x00007fffe57cad54	21992	in src/gala/integrate/cyintegrators/leapfrog.cpp
0x00007fffe57cad5a	21992	in src/gala/integrate/cyintegrators/leapfrog.cpp
0x00007fffe57cad5e	21992	in src/gala/integrate/cyintegrators/leapfrog.cpp
0x00007fffe57cb3f2 in Py_DECREF (op=<optimized out>) at /opt/_internal/cpython-3.12.14/include/python3.12/object.h:705
0x00007fffe57cb3f5 in __pyx_f_4gala_9integrate_13cyintegrators_8leapfrog_leapfrog_integrate_hamiltonian (__pyx_skip_dispatch=1, __pyx_v_hamiltonian=<optimized out>, __pyx_v_w0=..., __pyx_v_t=..., __pyx_optional_args=<synthetic pointer>) at src/gala/integrate/cyintegrators/leapfrog.cpp:21357
0x00007fffe57cb3f7	21357	in src/gala/integrate/cyintegrators/leapfrog.cpp
22008	in src/gala/integrate/cyintegrators/leapfrog.cpp
0x00007fffe57cb405	22008	in src/gala/integrate/cyintegrators/leapfrog.cpp
0x00007fffe57cb408	22008	in src/gala/integrate/cyintegrators/leapfrog.cpp
21992	in src/gala/integrate/cyintegrators/leapfrog.cpp
0x00007fffe57cb411	21992	in src/gala/integrate/cyintegrators/leapfrog.cpp
0x00007fffe57cb414	21992	in src/gala/integrate/cyintegrators/leapfrog.cpp
0x00007fffe57cb416	21992	in src/gala/integrate/cyintegrators/leapfrog.cpp
21978	in src/gala/integrate/cyintegrators/leapfrog.cpp
0x00007fffe57cadb2	21978	in src/gala/integrate/cyintegrators/leapfrog.cpp
0x00007fffe57cadb6	21978	in src/gala/integrate/cyintegrators/leapfrog.cpp
0x00007fffe57cadb9	21978	in src/gala/integrate/cyintegrators/leapfrog.cpp
0x00007fffe57cadc1	21978	in src/gala/integrate/cyintegrators/leapfrog.cpp
0x00007fffe57cadc4	21978	in src/gala/integrate/cyintegrators/leapfrog.cpp
0x00007fffe57cadcc	21978	in src/gala/integrate/cyintegrators/leapfrog.cpp
0x00007fffe57cadd2	21978	in src/gala/integrate/cyintegrators/leapfrog.cpp
21882	in src/gala/integrate/cyintegrators/leapfrog.cpp
0x00007fffe57c9658	21882	in src/gala/integrate/cyintegrators/leapfrog.cpp
0x00007fffe57c965c	21882	in src/gala/integrate/cyintegrators/leapfrog.cpp
0x00007fffe57c9661	21882	in src/gala/integrate/cyintegrators/leapfrog.cpp
0x00007fffe57c9669	21882	in src/gala/integrate/cyintegrators/leapfrog.cpp
0x00007fffe57c966c	21882	in src/gala/integrate/cyintegrators/leapfrog.cpp
21898	in src/gala/integrate/cyintegrators/leapfrog.cpp
0x00007fffe57c95cb	21898	in src/gala/integrate/cyintegrators/leapfrog.cpp
0x00007fffe57c95cd	21899	in src/gala/integrate/cyintegrators/leapfrog.cpp
0x00007fffe57c95d5	21899	in src/gala/integrate/cyintegrators/leapfrog.cpp
0x00007fffe57c95da	21899	in src/gala/integrate/cyintegrators/leapfrog.cpp
0x00007fffe57c95dc	21899	in src/gala/integrate/cyintegrators/leapfrog.cpp
0x00007fffe579e350 in memset@plt () from /home/otherside123/venvs/gate2c1-trace/lib/python3.12/site-packages/gala/integrate/cyintegrators/leapfrog.cpython-312-x86_64-linux-gnu.so
__memset_avx2_unaligned_erms () at ../sysdeps/x86_64/multiarch/memset-vec-unaligned-erms.S:158
159	in ../sysdeps/x86_64/multiarch/memset-vec-unaligned-erms.S
0x00007ffff7d89788	159	in ../sysdeps/x86_64/multiarch/memset-vec-unaligned-erms.S
164	in ../sysdeps/x86_64/multiarch/memset-vec-unaligned-erms.S
165	in ../sysdeps/x86_64/multiarch/memset-vec-unaligned-erms.S
337	in ../sysdeps/x86_64/multiarch/memset-vec-unaligned-erms.S
346	in ../sysdeps/x86_64/multiarch/memset-vec-unaligned-erms.S
347	in ../sysdeps/x86_64/multiarch/memset-vec-unaligned-erms.S
378	in ../sysdeps/x86_64/multiarch/memset-vec-unaligned-erms.S
379	in ../sysdeps/x86_64/multiarch/memset-vec-unaligned-erms.S
380	in ../sysdeps/x86_64/multiarch/memset-vec-unaligned-erms.S
__pyx_f_4gala_9integrate_13cyintegrators_8leapfrog_leapfrog_integrate_hamiltonian (__pyx_skip_dispatch=1, __pyx_v_hamiltonian=<optimized out>, __pyx_v_w0=..., __pyx_v_t=..., __pyx_optional_args=<synthetic pointer>) at src/gala/integrate/cyintegrators/leapfrog.cpp:21953
0x00007fffe57c95e5	21953	in src/gala/integrate/cyintegrators/leapfrog.cpp
0x00007fffe57c95eb	21953	in src/gala/integrate/cyintegrators/leapfrog.cpp
0x00007fffe57c95ee	21953	in src/gala/integrate/cyintegrators/leapfrog.cpp
0x00007fffe57c95f1	21953	in src/gala/integrate/cyintegrators/leapfrog.cpp
0x00007fffe57c95f5	21953	in src/gala/integrate/cyintegrators/leapfrog.cpp
0x00007fffe57c95fa	21953	in src/gala/integrate/cyintegrators/leapfrog.cpp
0x00007fffe57c9603	21953	in src/gala/integrate/cyintegrators/leapfrog.cpp
0x00007fffe57c960a	21953	in src/gala/integrate/cyintegrators/leapfrog.cpp
0x00007fffe57c9612	21953	in src/gala/integrate/cyintegrators/leapfrog.cpp
0x00007fffe57c961a	21953	in src/gala/integrate/cyintegrators/leapfrog.cpp

Breakpoint -2, __pyx_f_4gala_9integrate_13cyintegrators_8leapfrog_c_leapfrog_step (__pyx_v_p=0x28cdd20, __pyx_v_n=1, __pyx_v_half_ndim=2, __pyx_v_t=0.03125, __pyx_v_dt=0.015625, __pyx_v_x_jm1=0x29fdcb0, __pyx_v_v_jm1=0x29fdcc0, __pyx_v_v_jm1_2=0x2879a40, __pyx_v_grad=0x2e9eed0) at src/gala/integrate/cyintegrators/leapfrog.cpp:21212
21212	in src/gala/integrate/cyintegrators/leapfrog.cpp
0x00007fffe57ad782	21212	in src/gala/integrate/cyintegrators/leapfrog.cpp
0x00007fffe57ad784	21212	in src/gala/integrate/cyintegrators/leapfrog.cpp
0x00007fffe57ad786	21212	in src/gala/integrate/cyintegrators/leapfrog.cpp
0x00007fffe57ad788	21212	in src/gala/integrate/cyintegrators/leapfrog.cpp
0x00007fffe57ad789	21212	in src/gala/integrate/cyintegrators/leapfrog.cpp
0x00007fffe57ad78a	21212	in src/gala/integrate/cyintegrators/leapfrog.cpp
0x00007fffe57ad78d	21212	in src/gala/integrate/cyintegrators/leapfrog.cpp
21215	in src/gala/integrate/cyintegrators/leapfrog.cpp
0x00007fffe57ad792	21190	in src/gala/integrate/cyintegrators/leapfrog.cpp
0x00007fffe57ad796	21190	in src/gala/integrate/cyintegrators/leapfrog.cpp
0x00007fffe57ad79b	21215	in src/gala/integrate/cyintegrators/leapfrog.cpp
0x00007fffe57ad79d	21215	in src/gala/integrate/cyintegrators/leapfrog.cpp
0x00007fffe57ad7a3	21215	in src/gala/integrate/cyintegrators/leapfrog.cpp
0x00007fffe57ad7a6	21215	in src/gala/integrate/cyintegrators/leapfrog.cpp
0x00007fffe57ad7ab	21215	in src/gala/integrate/cyintegrators/leapfrog.cpp
0x00007fffe57ad7ae	21215	in src/gala/integrate/cyintegrators/leapfrog.cpp
0x00007fffe57ad7b1	21215	in src/gala/integrate/cyintegrators/leapfrog.cpp
0x00007fffe57ad7b4	21215	in src/gala/integrate/cyintegrators/leapfrog.cpp
0x00007fffe57ad7b7	21215	in src/gala/integrate/cyintegrators/leapfrog.cpp
0x00007fffe57ad7bd	21215	in src/gala/integrate/cyintegrators/leapfrog.cpp
21229	in src/gala/integrate/cyintegrators/leapfrog.cpp
0x00007fffe57ad7c2	21229	in src/gala/integrate/cyintegrators/leapfrog.cpp
0x00007fffe57ad7c4	21229	in src/gala/integrate/cyintegrators/leapfrog.cpp
0x00007fffe57ad7cf	21229	in src/gala/integrate/cyintegrators/leapfrog.cpp
0x00007fffe57ad7da	21229	in src/gala/integrate/cyintegrators/leapfrog.cpp
0x00007fffe57ad7e5	21229	in src/gala/integrate/cyintegrators/leapfrog.cpp
0x00007fffe57ad7f0	21229	in src/gala/integrate/cyintegrators/leapfrog.cpp
0x00007fffe57ad7fb	21229	in src/gala/integrate/cyintegrators/leapfrog.cpp
21239	in src/gala/integrate/cyintegrators/leapfrog.cpp
0x00007fffe57ad803	21239	in src/gala/integrate/cyintegrators/leapfrog.cpp
0x00007fffe57ad808	21229	in src/gala/integrate/cyintegrators/leapfrog.cpp
0x00007fffe57ad80b	21239	in src/gala/integrate/cyintegrators/leapfrog.cpp
0x00007fffe57ad811	21239	in src/gala/integrate/cyintegrators/leapfrog.cpp
0x00007fffe57ad815	21229	in src/gala/integrate/cyintegrators/leapfrog.cpp
0x00007fffe57ad818	21239	in src/gala/integrate/cyintegrators/leapfrog.cpp
0x00007fffe57ad81d	21239	in src/gala/integrate/cyintegrators/leapfrog.cpp
21229	in src/gala/integrate/cyintegrators/leapfrog.cpp
0x00007fffe57ad825	21229	in src/gala/integrate/cyintegrators/leapfrog.cpp
21215	in src/gala/integrate/cyintegrators/leapfrog.cpp
0x00007fffe57ad82b	21215	in src/gala/integrate/cyintegrators/leapfrog.cpp
0x00007fffe57ad82e	21215	in src/gala/integrate/cyintegrators/leapfrog.cpp
0x00007fffe57ad830	21215	in src/gala/integrate/cyintegrators/leapfrog.cpp
0x00007fffe57ad832	21215	in src/gala/integrate/cyintegrators/leapfrog.cpp
0x00007fffe57ad835	21215	in src/gala/integrate/cyintegrators/leapfrog.cpp
21229	in src/gala/integrate/cyintegrators/leapfrog.cpp
0x00007fffe57ad7c2	21229	in src/gala/integrate/cyintegrators/leapfrog.cpp
0x00007fffe57ad7c4	21229	in src/gala/integrate/cyintegrators/leapfrog.cpp
0x00007fffe57ad7cf	21229	in src/gala/integrate/cyintegrators/leapfrog.cpp
0x00007fffe57ad7da	21229	in src/gala/integrate/cyintegrators/leapfrog.cpp
0x00007fffe57ad7e5	21229	in src/gala/integrate/cyintegrators/leapfrog.cpp
0x00007fffe57ad7f0	21229	in src/gala/integrate/cyintegrators/leapfrog.cpp
0x00007fffe57ad7fb	21229	in src/gala/integrate/cyintegrators/leapfrog.cpp
21239	in src/gala/integrate/cyintegrators/leapfrog.cpp
0x00007fffe57ad803	21239	in src/gala/integrate/cyintegrators/leapfrog.cpp
0x00007fffe57ad808	21229	in src/gala/integrate/cyintegrators/leapfrog.cpp
0x00007fffe57ad80b	21239	in src/gala/integrate/cyintegrators/leapfrog.cpp
0x00007fffe57ad811	21239	in src/gala/integrate/cyintegrators/leapfrog.cpp
0x00007fffe57ad815	21229	in src/gala/integrate/cyintegrators/leapfrog.cpp
0x00007fffe57ad818	21239	in src/gala/integrate/cyintegrators/leapfrog.cpp
0x00007fffe57ad81d	21239	in src/gala/integrate/cyintegrators/leapfrog.cpp
21229	in src/gala/integrate/cyintegrators/leapfrog.cpp
0x00007fffe57ad825	21229	in src/gala/integrate/cyintegrators/leapfrog.cpp
21215	in src/gala/integrate/cyintegrators/leapfrog.cpp
0x00007fffe57ad82b	21215	in src/gala/integrate/cyintegrators/leapfrog.cpp
0x00007fffe57ad82e	21215	in src/gala/integrate/cyintegrators/leapfrog.cpp
0x00007fffe57ad830	21215	in src/gala/integrate/cyintegrators/leapfrog.cpp
21253	in src/gala/integrate/cyintegrators/leapfrog.cpp
0x00007fffe57ad843	21253	in src/gala/integrate/cyintegrators/leapfrog.cpp
0x00007fffe57ad846	21253	in src/gala/integrate/cyintegrators/leapfrog.cpp
0x00007fffe579e7c0 in c_gradient(_CPotential*, unsigned long, double, double*, double*)@plt () from /home/otherside123/venvs/gate2c1-trace/lib/python3.12/site-packages/gala/integrate/cyintegrators/leapfrog.cpython-312-x86_64-linux-gnu.so
c_gradient (p=0x28cdd20, N=1, t=0.03125, qp=0x29fdcb0, grad=0x2e9eed0) at src/gala/potential/potential/src/cpotential.cpp:223
0x00007fffe57cd3f2	223	in src/gala/potential/potential/src/cpotential.cpp
0x00007fffe57cd3f4	223	in src/gala/potential/potential/src/cpotential.cpp
0x00007fffe57cd3f7	223	in src/gala/potential/potential/src/cpotential.cpp
0x00007fffe57cd3f9	223	in src/gala/potential/potential/src/cpotential.cpp
0x00007fffe57cd3fc	223	in src/gala/potential/potential/src/cpotential.cpp
0x00007fffe57cd3fe	223	in src/gala/potential/potential/src/cpotential.cpp
0x00007fffe57cd3ff	223	in src/gala/potential/potential/src/cpotential.cpp
0x00007fffe57cd400	223	in src/gala/potential/potential/src/cpotential.cpp
0x00007fffe57cd404	238	in src/gala/potential/potential/src/cpotential.cpp
0x00007fffe57cd408	223	in src/gala/potential/potential/src/cpotential.cpp
0x00007fffe57cd40b	214	in src/gala/potential/potential/src/cpotential.cpp
0x00007fffe57cd410	238	in src/gala/potential/potential/src/cpotential.cpp
0x00007fffe57cd413	214	in src/gala/potential/potential/src/cpotential.cpp
0x00007fffe57cd418	238	in src/gala/potential/potential/src/cpotential.cpp
0x00007fffe57cd41c	223	in src/gala/potential/potential/src/cpotential.cpp
0x00007fffe57cd41e	223	in src/gala/potential/potential/src/cpotential.cpp
0x00007fffe57cd424	224	in src/gala/potential/potential/src/cpotential.cpp
0x00007fffe57cd428	224	in src/gala/potential/potential/src/cpotential.cpp
0x00007fffe57cd42b	223	in src/gala/potential/potential/src/cpotential.cpp
0x00007fffe57cd42d	223	in src/gala/potential/potential/src/cpotential.cpp
224	in src/gala/potential/potential/src/cpotential.cpp
0x00007fffe57cd440	224	in src/gala/potential/potential/src/cpotential.cpp
0x00007fffe57cd442	224	in src/gala/potential/potential/src/cpotential.cpp
0x00007fffe57cd430	223	in src/gala/potential/potential/src/cpotential.cpp
0x00007fffe57cd434	223	in src/gala/potential/potential/src/cpotential.cpp
0x00007fffe57cd437	223	in src/gala/potential/potential/src/cpotential.cpp
238	in src/gala/potential/potential/src/cpotential.cpp
0x00007fffe57cd673	238	in src/gala/potential/potential/src/cpotential.cpp
0x00007fffe57cd679	239	in src/gala/potential/potential/src/cpotential.cpp
0x00007fffe57cd681	239	in src/gala/potential/potential/src/cpotential.cpp
0x00007fffe57cd684	239	in src/gala/potential/potential/src/cpotential.cpp
0x00007fffe57cd686	219	in src/gala/potential/potential/src/cpotential.cpp
0x00007fffe57cd689	239	in src/gala/potential/potential/src/cpotential.cpp
0x00007fffe579e350 in memset@plt () from /home/otherside123/venvs/gate2c1-trace/lib/python3.12/site-packages/gala/integrate/cyintegrators/leapfrog.cpython-312-x86_64-linux-gnu.so
__memset_avx2_unaligned_erms () at ../sysdeps/x86_64/multiarch/memset-vec-unaligned-erms.S:158
159	in ../sysdeps/x86_64/multiarch/memset-vec-unaligned-erms.S
0x00007ffff7d89788	159	in ../sysdeps/x86_64/multiarch/memset-vec-unaligned-erms.S
164	in ../sysdeps/x86_64/multiarch/memset-vec-unaligned-erms.S
165	in ../sysdeps/x86_64/multiarch/memset-vec-unaligned-erms.S
337	in ../sysdeps/x86_64/multiarch/memset-vec-unaligned-erms.S
346	in ../sysdeps/x86_64/multiarch/memset-vec-unaligned-erms.S
347	in ../sysdeps/x86_64/multiarch/memset-vec-unaligned-erms.S
378	in ../sysdeps/x86_64/multiarch/memset-vec-unaligned-erms.S
379	in ../sysdeps/x86_64/multiarch/memset-vec-unaligned-erms.S
380	in ../sysdeps/x86_64/multiarch/memset-vec-unaligned-erms.S
c_gradient (p=0x28cdd20, N=1, t=0.03125, qp=0x29fdcb0, grad=0x2e9eed0) at src/gala/potential/potential/src/cpotential.cpp:242
0x00007fffe57cd690	220	in src/gala/potential/potential/src/cpotential.cpp
0x00007fffe57cd695	218	in src/gala/potential/potential/src/cpotential.cpp
0x00007fffe57cd69a	218	in src/gala/potential/potential/src/cpotential.cpp
0x00007fffe57cd493	224	in src/gala/potential/potential/src/cpotential.cpp
0x00007fffe57cd497 in double6ptr::double6ptr (this=<optimized out>, q=<optimized out>, N=<optimized out>) at src/gala/potential/potential/src/../../src/vectorization.h:20
0x00007fffe57cd49f in c_gradient (p=0x28cdd20, N=1, t=0.03125, qp=0x29fdcb0, grad=0x2e9eed0) at src/gala/potential/potential/src/cpotential.cpp:242
0x00007fffe57cd4a1	242	in src/gala/potential/potential/src/cpotential.cpp
0x00007fffe57cd4a4 in double6ptr::double6ptr (this=<optimized out>, q=<optimized out>, N=<optimized out>) at src/gala/potential/potential/src/../../src/vectorization.h:20
0x00007fffe57cd4a9	21	in src/gala/potential/potential/src/../../src/vectorization.h
0x00007fffe57cd4ac	21	in src/gala/potential/potential/src/../../src/vectorization.h
0x00007fffe57cd4b0	21	in src/gala/potential/potential/src/../../src/vectorization.h
0x00007fffe57cd4b5	21	in src/gala/potential/potential/src/../../src/vectorization.h
c_gradient (p=0x28cdd20, N=1, t=0.03125, qp=0x29fdcb0, grad=0x2e9eed0) at src/gala/potential/potential/src/cpotential.cpp:243
0x00007fffe57cd505	243	in src/gala/potential/potential/src/cpotential.cpp
0x00007fffe57cd50d	243	in src/gala/potential/potential/src/cpotential.cpp
0x00007fffe57cd50f	243	in src/gala/potential/potential/src/cpotential.cpp
244	in src/gala/potential/potential/src/cpotential.cpp
0x00007fffe57cd4c4	244	in src/gala/potential/potential/src/cpotential.cpp
0x00007fffe57cd4c8	244	in src/gala/potential/potential/src/cpotential.cpp
0x00007fffe57cd4cb	244	in src/gala/potential/potential/src/cpotential.cpp
0x00007fffe57cd4ce	244	in src/gala/potential/potential/src/cpotential.cpp
0x00007fffe57cd4d3	244	in src/gala/potential/potential/src/cpotential.cpp
0x00007fffe57cd4d8	244	in src/gala/potential/potential/src/cpotential.cpp
0x00007fffe57cd4dc	244	in src/gala/potential/potential/src/cpotential.cpp
0x00007fffe57cd4e0	244	in src/gala/potential/potential/src/cpotential.cpp
0x00007fffe57cd4e4	244	in src/gala/potential/potential/src/cpotential.cpp
0x00007fffe57cd4e7	244	in src/gala/potential/potential/src/cpotential.cpp
gradientv<henon_heiles_gradient_functor> (t=0.03125, pars=0x2d98230, n_dim=2, state=0x0, q=0x29fdcb0, N=1, grad=0x2e9eed0) at src/gala/potential/src/vectorization.h:71
0x00007ffff1460a53	71	in src/gala/potential/src/vectorization.h
0x00007ffff1460a59 in double6ptr::double6ptr (this=<optimized out>, q=<optimized out>, N=<optimized out>) at src/gala/potential/src/vectorization.h:20
20	in src/gala/potential/src/vectorization.h
0x00007ffff1460a61	20	in src/gala/potential/src/vectorization.h
0x00007ffff1460a65	20	in src/gala/potential/src/vectorization.h
0x00007ffff1460a69	20	in src/gala/potential/src/vectorization.h
0x00007ffff1460b60 in gradientv<henon_heiles_gradient_functor> (t=0.03125, pars=0x2d98230, n_dim=<optimized out>, state=0x0, q=0x29fdcb0, N=1, grad=0x2e9eed0) at src/gala/potential/src/vectorization.h:71
71	in src/gala/potential/src/vectorization.h
0x00007ffff1460b63	71	in src/gala/potential/src/vectorization.h
0x00007ffff1460b65	71	in src/gala/potential/src/vectorization.h
henon_heiles_gradient_single (t=<optimized out>, pars=<optimized out>, q=..., n_dim=<optimized out>, grad=..., state=<optimized out>) at src/gala/potential/potential/builtin/builtin_potentials.cpp:37
0x00007ffff1460b76	37	in src/gala/potential/potential/builtin/builtin_potentials.cpp
0x00007ffff1460b7b	37	in src/gala/potential/potential/builtin/builtin_potentials.cpp
0x00007ffff1460b81	37	in src/gala/potential/potential/builtin/builtin_potentials.cpp
0x00007ffff1460b85	37	in src/gala/potential/potential/builtin/builtin_potentials.cpp
0x00007ffff1460b89	37	in src/gala/potential/potential/builtin/builtin_potentials.cpp
0x00007ffff1460b8d	38	in src/gala/potential/potential/builtin/builtin_potentials.cpp
0x00007ffff1460b91	37	in src/gala/potential/potential/builtin/builtin_potentials.cpp
0x00007ffff1460b95	37	in src/gala/potential/potential/builtin/builtin_potentials.cpp
0x00007ffff1460b99	37	in src/gala/potential/potential/builtin/builtin_potentials.cpp
38	in src/gala/potential/potential/builtin/builtin_potentials.cpp
0x00007ffff1460ba3	38	in src/gala/potential/potential/builtin/builtin_potentials.cpp
0x00007ffff1460ba7	38	in src/gala/potential/potential/builtin/builtin_potentials.cpp
0x00007ffff1460bac	38	in src/gala/potential/potential/builtin/builtin_potentials.cpp
0x00007ffff1460bb0	38	in src/gala/potential/potential/builtin/builtin_potentials.cpp
0x00007ffff1460bb4	38	in src/gala/potential/potential/builtin/builtin_potentials.cpp
gradientv<henon_heiles_gradient_functor> (t=<optimized out>, pars=0x2d98230, n_dim=<optimized out>, state=0x0, q=0x29fdcb0, N=1, grad=0x2e9eed0) at src/gala/potential/src/vectorization.h:71
0x00007ffff1460bbd	71	in src/gala/potential/src/vectorization.h
0x00007ffff1460bc0	71	in src/gala/potential/src/vectorization.h
0x00007ffff1460bc2 in henon_heiles_gradient (t=<optimized out>, pars=<optimized out>, q=0x29fdcb0, n_dim=<optimized out>, N=1, grad=0x2e9eed0, state=<optimized out>) at src/gala/potential/potential/builtin/builtin_potentials.cpp:2282
c_gradient (p=0x28cdd20, N=1, t=0.03125, qp=0x29fdcb0, grad=0x2e9eed0) at src/gala/potential/potential/src/cpotential.cpp:242
0x00007fffe57cd4ed	242	in src/gala/potential/potential/src/cpotential.cpp
0x00007fffe57cd4f1	242	in src/gala/potential/potential/src/cpotential.cpp
0x00007fffe57cd4f4	242	in src/gala/potential/potential/src/cpotential.cpp
283	in src/gala/potential/potential/src/cpotential.cpp
0x00007fffe57cd655	283	in src/gala/potential/potential/src/cpotential.cpp
0x00007fffe57cd65b	287	in src/gala/potential/potential/src/cpotential.cpp
0x00007fffe57cd65f	287	in src/gala/potential/potential/src/cpotential.cpp
0x00007fffe57cd660	287	in src/gala/potential/potential/src/cpotential.cpp
0x00007fffe57cd661	287	in src/gala/potential/potential/src/cpotential.cpp
0x00007fffe57cd663	287	in src/gala/potential/potential/src/cpotential.cpp
0x00007fffe57cd665	287	in src/gala/potential/potential/src/cpotential.cpp
0x00007fffe57cd667	287	in src/gala/potential/potential/src/cpotential.cpp
0x00007fffe57cd669	287	in src/gala/potential/potential/src/cpotential.cpp
0x00007fffe57ad84b in __pyx_f_4gala_9integrate_13cyintegrators_8leapfrog_c_leapfrog_step (__pyx_v_p=<optimized out>, __pyx_v_n=1, __pyx_v_half_ndim=<optimized out>, __pyx_v_t=<optimized out>, __pyx_v_dt=0.015625, __pyx_v_x_jm1=<optimized out>, __pyx_v_v_jm1=0x29fdcc0, __pyx_v_v_jm1_2=0x2879a40, __pyx_v_grad=0x2e9eed0) at src/gala/integrate/cyintegrators/leapfrog.cpp:21253
0x00007fffe57ad850	21253	in src/gala/integrate/cyintegrators/leapfrog.cpp
0x00007fffe57ad852	21272	in src/gala/integrate/cyintegrators/leapfrog.cpp
0x00007fffe57ad855	21272	in src/gala/integrate/cyintegrators/leapfrog.cpp
0x00007fffe57ad85d	21272	in src/gala/integrate/cyintegrators/leapfrog.cpp
21286	in src/gala/integrate/cyintegrators/leapfrog.cpp
0x00007fffe57ad862	21286	in src/gala/integrate/cyintegrators/leapfrog.cpp
0x00007fffe57ad864	21286	in src/gala/integrate/cyintegrators/leapfrog.cpp
0x00007fffe57ad86f	21286	in src/gala/integrate/cyintegrators/leapfrog.cpp
21296	in src/gala/integrate/cyintegrators/leapfrog.cpp
0x00007fffe57ad873	21286	in src/gala/integrate/cyintegrators/leapfrog.cpp
0x00007fffe57ad876	21296	in src/gala/integrate/cyintegrators/leapfrog.cpp
0x00007fffe57ad87e	21296	in src/gala/integrate/cyintegrators/leapfrog.cpp
0x00007fffe57ad883	21296	in src/gala/integrate/cyintegrators/leapfrog.cpp
0x00007fffe57ad886	21296	in src/gala/integrate/cyintegrators/leapfrog.cpp
0x00007fffe57ad88a	21296	in src/gala/integrate/cyintegrators/leapfrog.cpp
0x00007fffe57ad88e	21296	in src/gala/integrate/cyintegrators/leapfrog.cpp
0x00007fffe57ad892	21296	in src/gala/integrate/cyintegrators/leapfrog.cpp
0x00007fffe57ad896	21305	in src/gala/integrate/cyintegrators/leapfrog.cpp
0x00007fffe57ad89b	21296	in src/gala/integrate/cyintegrators/leapfrog.cpp
21305	in src/gala/integrate/cyintegrators/leapfrog.cpp
0x00007fffe57ad8a5	21305	in src/gala/integrate/cyintegrators/leapfrog.cpp
0x00007fffe57ad8a9	21286	in src/gala/integrate/cyintegrators/leapfrog.cpp
0x00007fffe57ad8ac	21305	in src/gala/integrate/cyintegrators/leapfrog.cpp
0x00007fffe57ad8b0	21305	in src/gala/integrate/cyintegrators/leapfrog.cpp
21286	in src/gala/integrate/cyintegrators/leapfrog.cpp
0x00007fffe57ad8b7	21286	in src/gala/integrate/cyintegrators/leapfrog.cpp
21272	in src/gala/integrate/cyintegrators/leapfrog.cpp
0x00007fffe57ad8bd	21272	in src/gala/integrate/cyintegrators/leapfrog.cpp
0x00007fffe57ad8c0	21272	in src/gala/integrate/cyintegrators/leapfrog.cpp
0x00007fffe57ad8c3	21272	in src/gala/integrate/cyintegrators/leapfrog.cpp
0x00007fffe57ad8c5	21272	in src/gala/integrate/cyintegrators/leapfrog.cpp
0x00007fffe57ad8c8	21272	in src/gala/integrate/cyintegrators/leapfrog.cpp
21286	in src/gala/integrate/cyintegrators/leapfrog.cpp
0x00007fffe57ad862	21286	in src/gala/integrate/cyintegrators/leapfrog.cpp
0x00007fffe57ad864	21286	in src/gala/integrate/cyintegrators/leapfrog.cpp
0x00007fffe57ad86f	21286	in src/gala/integrate/cyintegrators/leapfrog.cpp
21296	in src/gala/integrate/cyintegrators/leapfrog.cpp
0x00007fffe57ad873	21286	in src/gala/integrate/cyintegrators/leapfrog.cpp
0x00007fffe57ad876	21296	in src/gala/integrate/cyintegrators/leapfrog.cpp
0x00007fffe57ad87e	21296	in src/gala/integrate/cyintegrators/leapfrog.cpp
0x00007fffe57ad883	21296	in src/gala/integrate/cyintegrators/leapfrog.cpp
0x00007fffe57ad886	21296	in src/gala/integrate/cyintegrators/leapfrog.cpp
0x00007fffe57ad88a	21296	in src/gala/integrate/cyintegrators/leapfrog.cpp
0x00007fffe57ad88e	21296	in src/gala/integrate/cyintegrators/leapfrog.cpp
0x00007fffe57ad892	21296	in src/gala/integrate/cyintegrators/leapfrog.cpp
0x00007fffe57ad896	21305	in src/gala/integrate/cyintegrators/leapfrog.cpp
0x00007fffe57ad89b	21296	in src/gala/integrate/cyintegrators/leapfrog.cpp
21305	in src/gala/integrate/cyintegrators/leapfrog.cpp
0x00007fffe57ad8a5	21305	in src/gala/integrate/cyintegrators/leapfrog.cpp
0x00007fffe57ad8a9	21286	in src/gala/integrate/cyintegrators/leapfrog.cpp
0x00007fffe57ad8ac	21305	in src/gala/integrate/cyintegrators/leapfrog.cpp
0x00007fffe57ad8b0	21305	in src/gala/integrate/cyintegrators/leapfrog.cpp
21286	in src/gala/integrate/cyintegrators/leapfrog.cpp
0x00007fffe57ad8b7	21286	in src/gala/integrate/cyintegrators/leapfrog.cpp
21272	in src/gala/integrate/cyintegrators/leapfrog.cpp
0x00007fffe57ad8bd	21272	in src/gala/integrate/cyintegrators/leapfrog.cpp
0x00007fffe57ad8c0	21272	in src/gala/integrate/cyintegrators/leapfrog.cpp
0x00007fffe57ad8c3	21272	in src/gala/integrate/cyintegrators/leapfrog.cpp
0x00007fffe57ad8d5	21328	in src/gala/integrate/cyintegrators/leapfrog.cpp
0x00007fffe57ad8d9	21328	in src/gala/integrate/cyintegrators/leapfrog.cpp
0x00007fffe57ad8da	21328	in src/gala/integrate/cyintegrators/leapfrog.cpp
0x00007fffe57ad8db	21328	in src/gala/integrate/cyintegrators/leapfrog.cpp
0x00007fffe57ad8dd	21328	in src/gala/integrate/cyintegrators/leapfrog.cpp
0x00007fffe57ad8df	21328	in src/gala/integrate/cyintegrators/leapfrog.cpp
0x00007fffe57ad8e1	21328	in src/gala/integrate/cyintegrators/leapfrog.cpp
0x00007fffe57ad8e3	21328	in src/gala/integrate/cyintegrators/leapfrog.cpp
__Pyx_ErrOccurredWithGIL () at src/gala/integrate/cyintegrators/leapfrog.cpp:30419
30419	in src/gala/integrate/cyintegrators/leapfrog.cpp
0x00007fffe57c9621	30419	in src/gala/integrate/cyintegrators/leapfrog.cpp
0x00007fffe57c9623	30419	in src/gala/integrate/cyintegrators/leapfrog.cpp
0x00007fffe579e9d0 in PyGILState_Ensure@plt () from /home/otherside123/venvs/gate2c1-trace/lib/python3.12/site-packages/gala/integrate/cyintegrators/leapfrog.cpython-312-x86_64-linux-gnu.so
0x00000000006b2ba0 in PyGILState_Ensure ()
0x00000000006b2ba4 in PyGILState_Ensure ()
0x00000000006b2ba5 in PyGILState_Ensure ()
0x00000000006b2baa in PyGILState_Ensure ()
0x00000000006b2bad in PyGILState_Ensure ()
0x00000000006b2bae in PyGILState_Ensure ()
0x00000000006b2baf in PyGILState_Ensure ()
0x00000000006104e0 in PyThread_tss_get ()
0x00000000006104e4 in PyThread_tss_get ()
0x00000000006104e7 in PyThread_tss_get ()
0x0000000000421760 in pthread_getspecific@plt ()
___pthread_getspecific (key=0) at ./nptl/pthread_getspecific.c:24
29	in ./nptl/pthread_getspecific.c
0x00007ffff7c9e697	29	in ./nptl/pthread_getspecific.c
30	in ./nptl/pthread_getspecific.c
0x00007ffff7c9e69b	30	in ./nptl/pthread_getspecific.c
0x00007ffff7c9e69f	30	in ./nptl/pthread_getspecific.c
0x00007ffff7c9e6a3	30	in ./nptl/pthread_getspecific.c
54	in ./nptl/pthread_getspecific.c
55	in ./nptl/pthread_getspecific.c
0x00007ffff7c9e6b3	55	in ./nptl/pthread_getspecific.c
59	in ./nptl/pthread_getspecific.c
0x00007ffff7c9e6b7	59	in ./nptl/pthread_getspecific.c
0x00007ffff7c9e6be	59	in ./nptl/pthread_getspecific.c
0x00007ffff7c9e6c1	59	in ./nptl/pthread_getspecific.c
0x00007ffff7c9e6c5	59	in ./nptl/pthread_getspecific.c
0x00007ffff7c9e6c9	59	in ./nptl/pthread_getspecific.c
0x00007ffff7c9e6cb	64	in ./nptl/pthread_getspecific.c
0x00007ffff7c9e6ce	64	in ./nptl/pthread_getspecific.c
0x00000000006b2bb4 in PyGILState_Ensure ()
0x00000000006b2bb7 in PyGILState_Ensure ()
0x00000000006b2bbd in PyGILState_Ensure ()
0x00000000006b2bc6 in PyGILState_Ensure ()
0x00000000006b2bc9 in PyGILState_Ensure ()
0x00000000006b2bce in PyGILState_Ensure ()
0x00000000006b2bd1 in PyGILState_Ensure ()
0x00000000006b2bde in PyGILState_Ensure ()
0x00000000006b2be1 in PyGILState_Ensure ()
0x00000000005fc4c0 in PyEval_RestoreThread ()
0x00000000005fc4c4 in PyEval_RestoreThread ()
0x00000000005fc4c5 in PyEval_RestoreThread ()
0x00000000005fc4c8 in PyEval_RestoreThread ()
0x00000000005fc4c9 in PyEval_RestoreThread ()
0x00000000005fc4cd in PyEval_RestoreThread ()
0x00000000005fc4d0 in PyEval_RestoreThread ()
0x00000000005fc4d6 in PyEval_RestoreThread ()
0x00000000005fc4d9 in PyEval_RestoreThread ()
0x00000000005fbbe0 in ?? ()
0x00000000005fbbe1 in ?? ()
0x00000000005fbbe4 in ?? ()
0x00000000005fbbe6 in ?? ()
0x00000000005fbbe8 in ?? ()
0x00000000005fbbea in ?? ()
0x00000000005fbbed in ?? ()
0x00000000005fbbef in ?? ()
0x00000000005fbbf0 in ?? ()
0x00000000005fbbf4 in ?? ()
0x00000000004214b0 in __errno_location@plt ()
__GI___errno_location () at ./csu/errno-loc.c:25
26	in ./csu/errno-loc.c
0x00007ffff7c2a6eb	26	in ./csu/errno-loc.c
0x00007ffff7c2a6f4	27	in ./csu/errno-loc.c
0x00000000005fbbf9 in ?? ()
0x00000000005fbbfc in ?? ()
0x00000000005fbbff in ?? ()
0x00000000005fbc01 in ?? ()
0x00000000005fbc04 in ?? ()
0x0000000000608330 in ?? ()
0x0000000000608334 in ?? ()
0x0000000000608335 in ?? ()
0x0000000000608338 in ?? ()
0x0000000000608339 in ?? ()
0x000000000060833d in ?? ()
0x0000000000608344 in ?? ()
0x000000000060834b in ?? ()
0x000000000060834e in ?? ()
0x0000000000608350 in ?? ()
0x0000000000608354 in ?? ()
0x0000000000608358 in ?? ()
0x000000000060835f in ?? ()
0x0000000000608362 in ?? ()
0x0000000000608364 in ?? ()
0x0000000000608367 in ?? ()
0x000000000060836d in ?? ()
0x000000000060836f in ?? ()
0x0000000000608373 in ?? ()
0x0000000000608374 in ?? ()
0x00000000005fbc09 in ?? ()
0x00000000005fbc0b in ?? ()
0x00000000005fbc11 in ?? ()
0x00000000005fbc15 in ?? ()
0x00000000005fbc1d in ?? ()
0x00000000005fbc25 in ?? ()
0x00000000005fbc29 in ?? ()
0x00000000005fbc2d in ?? ()
0x00000000005fbc30 in ?? ()
0x0000000000421c00 in pthread_mutex_lock@plt ()
___pthread_mutex_lock (mutex=0xb49288 <_PyRuntime+77512>) at ./nptl/pthread_mutex_lock.c:77
80	in ./nptl/pthread_mutex_lock.c
0x00007ffff7ca00d7	80	in ./nptl/pthread_mutex_lock.c
0x00007ffff7ca00d9	80	in ./nptl/pthread_mutex_lock.c
82	in ./nptl/pthread_mutex_lock.c
84	in ./nptl/pthread_mutex_lock.c
0x00007ffff7ca00e3	84	in ./nptl/pthread_mutex_lock.c
88	in ./nptl/pthread_mutex_lock.c
0x00007ffff7ca00ea	88	in ./nptl/pthread_mutex_lock.c
0x00007ffff7ca00ed	88	in ./nptl/pthread_mutex_lock.c
0x00007ffff7ca00ee	88	in ./nptl/pthread_mutex_lock.c
0x00007ffff7ca00f2	88	in ./nptl/pthread_mutex_lock.c
0x00007ffff7ca00f4	88	in ./nptl/pthread_mutex_lock.c
90	in ./nptl/pthread_mutex_lock.c
0x00007ffff7ca0101	90	in ./nptl/pthread_mutex_lock.c
0x00007ffff7ca0104	90	in ./nptl/pthread_mutex_lock.c
lll_mutex_lock_optimized (mutex=0xb49288 <_PyRuntime+77512>) at ./nptl/pthread_mutex_lock.c:44
44	in ./nptl/pthread_mutex_lock.c
45	in ./nptl/pthread_mutex_lock.c
0x00007ffff7ca010f	45	in ./nptl/pthread_mutex_lock.c
0x00007ffff7ca0111	45	in ./nptl/pthread_mutex_lock.c
0x00007ffff7ca0118	45	in ./nptl/pthread_mutex_lock.c
0x00007ffff7ca0150	45	in ./nptl/pthread_mutex_lock.c
0x00007ffff7ca0153	45	in ./nptl/pthread_mutex_lock.c
0x00007ffff7ca0156	45	in ./nptl/pthread_mutex_lock.c
46	in ./nptl/pthread_mutex_lock.c
0x00007ffff7ca015e	46	in ./nptl/pthread_mutex_lock.c
___pthread_mutex_lock (mutex=<optimized out>) at ./nptl/pthread_mutex_lock.c:94
94	in ./nptl/pthread_mutex_lock.c
0x00007ffff7ca012e	94	in ./nptl/pthread_mutex_lock.c
0x00007ffff7ca0130	94	in ./nptl/pthread_mutex_lock.c
179	in ./nptl/pthread_mutex_lock.c
182	in ./nptl/pthread_mutex_lock.c
184	in ./nptl/pthread_mutex_lock.c
187	in ./nptl/pthread_mutex_lock.c
189	in ./nptl/pthread_mutex_lock.c
0x00007ffff7ca0148	190	in ./nptl/pthread_mutex_lock.c
0x00007ffff7ca014c	190	in ./nptl/pthread_mutex_lock.c
0x00007ffff7ca014d	190	in ./nptl/pthread_mutex_lock.c
0x00000000005fbc35 in ?? ()
0x00000000005fbc38 in ?? ()
0x00000000005fbc3a in ?? ()
0x00000000005fbc40 in ?? ()
0x00000000005fbc43 in ?? ()
0x00000000005fbc47 in ?? ()
0x00000000005fbc49 in ?? ()
0x00000000005fbc4f in ?? ()
0x00000000005fbc56 in ?? ()
0x00000000005fbc59 in ?? ()
0x00000000005fbc5d in ?? ()
0x0000000000421c00 in pthread_mutex_lock@plt ()
___pthread_mutex_lock (mutex=0xb492e0 <_PyRuntime+77600>) at ./nptl/pthread_mutex_lock.c:77
77	in ./nptl/pthread_mutex_lock.c
80	in ./nptl/pthread_mutex_lock.c
0x00007ffff7ca00d7	80	in ./nptl/pthread_mutex_lock.c
0x00007ffff7ca00d9	80	in ./nptl/pthread_mutex_lock.c
82	in ./nptl/pthread_mutex_lock.c
84	in ./nptl/pthread_mutex_lock.c
0x00007ffff7ca00e3	84	in ./nptl/pthread_mutex_lock.c
88	in ./nptl/pthread_mutex_lock.c
0x00007ffff7ca00ea	88	in ./nptl/pthread_mutex_lock.c
0x00007ffff7ca00ed	88	in ./nptl/pthread_mutex_lock.c
0x00007ffff7ca00ee	88	in ./nptl/pthread_mutex_lock.c
0x00007ffff7ca00f2	88	in ./nptl/pthread_mutex_lock.c
0x00007ffff7ca00f4	88	in ./nptl/pthread_mutex_lock.c
90	in ./nptl/pthread_mutex_lock.c
0x00007ffff7ca0101	90	in ./nptl/pthread_mutex_lock.c
0x00007ffff7ca0104	90	in ./nptl/pthread_mutex_lock.c
lll_mutex_lock_optimized (mutex=0xb492e0 <_PyRuntime+77600>) at ./nptl/pthread_mutex_lock.c:44
44	in ./nptl/pthread_mutex_lock.c
45	in ./nptl/pthread_mutex_lock.c
0x00007ffff7ca010f	45	in ./nptl/pthread_mutex_lock.c
0x00007ffff7ca0111	45	in ./nptl/pthread_mutex_lock.c
0x00007ffff7ca0118	45	in ./nptl/pthread_mutex_lock.c
0x00007ffff7ca0150	45	in ./nptl/pthread_mutex_lock.c
0x00007ffff7ca0153	45	in ./nptl/pthread_mutex_lock.c
0x00007ffff7ca0156	45	in ./nptl/pthread_mutex_lock.c
46	in ./nptl/pthread_mutex_lock.c
0x00007ffff7ca015e	46	in ./nptl/pthread_mutex_lock.c
___pthread_mutex_lock (mutex=<optimized out>) at ./nptl/pthread_mutex_lock.c:94
94	in ./nptl/pthread_mutex_lock.c
0x00007ffff7ca012e	94	in ./nptl/pthread_mutex_lock.c
0x00007ffff7ca0130	94	in ./nptl/pthread_mutex_lock.c
179	in ./nptl/pthread_mutex_lock.c
182	in ./nptl/pthread_mutex_lock.c
184	in ./nptl/pthread_mutex_lock.c
187	in ./nptl/pthread_mutex_lock.c
189	in ./nptl/pthread_mutex_lock.c
0x00007ffff7ca0148	190	in ./nptl/pthread_mutex_lock.c
0x00007ffff7ca014c	190	in ./nptl/pthread_mutex_lock.c
0x00007ffff7ca014d	190	in ./nptl/pthread_mutex_lock.c
0x00000000005fbc62 in ?? ()
0x00000000005fbc64 in ?? ()
0x00000000005fbc6a in ?? ()
0x00000000005fbc71 in ?? ()
0x00000000005fbc75 in ?? ()
0x00000000005fbc78 in ?? ()
0x00000000005fbc7e in ?? ()
0x00000000005fbc82 in ?? ()
0x0000000000420470 in pthread_cond_signal@plt ()
___pthread_cond_signal (cond=0xb492b0 <_PyRuntime+77552>) at ./nptl/pthread_cond_signal.c:35
36	in ./nptl/pthread_cond_signal.c
0x00007ffff7c9b0a5	36	in ./nptl/pthread_cond_signal.c
0x00007ffff7c9b0a8	36	in ./nptl/pthread_cond_signal.c
0x00007ffff7c9b0aa	36	in ./nptl/pthread_cond_signal.c
0x00007ffff7c9b0ac	36	in ./nptl/pthread_cond_signal.c
0x00007ffff7c9b0ae	36	in ./nptl/pthread_cond_signal.c
0x00007ffff7c9b0b0	36	in ./nptl/pthread_cond_signal.c
0x00007ffff7c9b0b1	36	in ./nptl/pthread_cond_signal.c
0x00007ffff7c9b0b5	36	in ./nptl/pthread_cond_signal.c
41	in ./nptl/pthread_cond_signal.c
42	in ./nptl/pthread_cond_signal.c
0x00007ffff7c9b0bb	42	in ./nptl/pthread_cond_signal.c
0x00007ffff7c9b0be	42	in ./nptl/pthread_cond_signal.c
0x00007ffff7c9b15b	96	in ./nptl/pthread_cond_signal.c
0x00007ffff7c9b15f	96	in ./nptl/pthread_cond_signal.c
0x00007ffff7c9b161	96	in ./nptl/pthread_cond_signal.c
0x00007ffff7c9b162	96	in ./nptl/pthread_cond_signal.c
0x00007ffff7c9b164	96	in ./nptl/pthread_cond_signal.c
0x00007ffff7c9b166	96	in ./nptl/pthread_cond_signal.c
0x00007ffff7c9b168	96	in ./nptl/pthread_cond_signal.c
0x00007ffff7c9b16a	96	in ./nptl/pthread_cond_signal.c
0x00007ffff7c9b16b	96	in ./nptl/pthread_cond_signal.c
0x00000000005fbc87 in ?? ()
0x00000000005fbc89 in ?? ()
0x00000000005fbc8f in ?? ()
0x00000000005fbc93 in ?? ()
0x0000000000421db0 in pthread_mutex_unlock@plt ()
___pthread_mutex_unlock (mutex=0xb492e0 <_PyRuntime+77600>) at ./nptl/pthread_mutex_unlock.c:367
__GI___pthread_mutex_unlock_usercnt (decr=1, mutex=0xb492e0 <_PyRuntime+77600>) at ./nptl/pthread_mutex_unlock.c:51
51	in ./nptl/pthread_mutex_unlock.c
0x00007ffff7ca1b57	51	in ./nptl/pthread_mutex_unlock.c
0x00007ffff7ca1b59	51	in ./nptl/pthread_mutex_unlock.c
52	in ./nptl/pthread_mutex_unlock.c
0x00007ffff7ca1b61	52	in ./nptl/pthread_mutex_unlock.c
___pthread_mutex_unlock (mutex=0xb492e0 <_PyRuntime+77600>) at ./nptl/pthread_mutex_unlock.c:57
57	in ./nptl/pthread_mutex_unlock.c
0x00007ffff7ca1b64	57	in ./nptl/pthread_mutex_unlock.c
0x00007ffff7ca1b67	57	in ./nptl/pthread_mutex_unlock.c
0x00007ffff7ca1b6b in __GI___pthread_mutex_unlock_usercnt (decr=1, mutex=0xb492e0 <_PyRuntime+77600>) at ./nptl/pthread_mutex_unlock.c:57
57	in ./nptl/pthread_mutex_unlock.c
0x00007ffff7ca1b6d	57	in ./nptl/pthread_mutex_unlock.c
62	in ./nptl/pthread_mutex_unlock.c
0x00007ffff7ca1b73	62	in ./nptl/pthread_mutex_unlock.c
lll_mutex_unlock_optimized (mutex=0xb492e0 <_PyRuntime+77600>) at ./nptl/pthread_mutex_unlock.c:39
39	in ./nptl/pthread_mutex_unlock.c
40	in ./nptl/pthread_mutex_unlock.c
0x00007ffff7ca1b83	40	in ./nptl/pthread_mutex_unlock.c
0x00007ffff7ca1b85	40	in ./nptl/pthread_mutex_unlock.c
0x00007ffff7ca1b8c	40	in ./nptl/pthread_mutex_unlock.c
41	in ./nptl/pthread_mutex_unlock.c
__GI___pthread_mutex_unlock_usercnt (decr=1, mutex=<optimized out>) at ./nptl/pthread_mutex_unlock.c:70
70	in ./nptl/pthread_mutex_unlock.c
72	in ./nptl/pthread_mutex_unlock.c
0x00007ffff7ca1b97 in ___pthread_mutex_unlock (mutex=<optimized out>) at ./nptl/pthread_mutex_unlock.c:369
369	in ./nptl/pthread_mutex_unlock.c
0x00007ffff7ca1b98	369	in ./nptl/pthread_mutex_unlock.c
0x00000000005fbc98 in ?? ()
0x00000000005fbc9a in ?? ()
0x00000000005fbca0 in ?? ()
0x00000000005fbca3 in ?? ()
0x0000000000608330 in ?? ()
0x0000000000608334 in ?? ()
0x0000000000608335 in ?? ()
0x0000000000608338 in ?? ()
0x0000000000608339 in ?? ()
0x000000000060833d in ?? ()
0x0000000000608344 in ?? ()
0x000000000060834b in ?? ()
0x000000000060834e in ?? ()
0x0000000000608350 in ?? ()
0x0000000000608354 in ?? ()
0x0000000000608358 in ?? ()
0x000000000060835f in ?? ()
0x0000000000608362 in ?? ()
0x0000000000608364 in ?? ()
0x0000000000608367 in ?? ()
0x000000000060836d in ?? ()
0x000000000060836f in ?? ()
0x0000000000608373 in ?? ()
0x0000000000608374 in ?? ()
0x00000000005fbca8 in ?? ()
0x00000000005fbcaa in ?? ()
0x00000000005fbcac in ?? ()
0x00000000005fbcb2 in ?? ()
0x00000000005fbcba in ?? ()
0x00000000005fbcbc in ?? ()
0x00000000005fbcc2 in ?? ()
0x00000000005fbcca in ?? ()
0x00000000005fbcd0 in ?? ()
0x00000000005fbcd2 in ?? ()
0x00000000005fbcd8 in ?? ()
0x00000000005fbcdb in ?? ()
0x00000000005fbce3 in ?? ()
0x00000000005fbce6 in ?? ()
0x0000000000610060 in PyThread_get_thread_ident ()
0x0000000000610064 in PyThread_get_thread_ident ()
0x0000000000610065 in PyThread_get_thread_ident ()
0x0000000000610068 in PyThread_get_thread_ident ()
0x000000000061006c in PyThread_get_thread_ident ()
0x0000000000610072 in PyThread_get_thread_ident ()
0x0000000000610074 in PyThread_get_thread_ident ()
0x000000000061007a in PyThread_get_thread_ident ()
0x0000000000420ef0 in pthread_self@plt ()
__GI___pthread_self () at ./nptl/pthread_self.c:23
24	in ./nptl/pthread_self.c
0x00007ffff7ca37bd	24	in ./nptl/pthread_self.c
0x000000000061007f in PyThread_get_thread_ident ()
0x0000000000610083 in PyThread_get_thread_ident ()
0x0000000000610087 in PyThread_get_thread_ident ()
0x0000000000610088 in PyThread_get_thread_ident ()
0x00000000005fbceb in ?? ()
0x00000000005fbcf2 in ?? ()
0x00000000005fbcf5 in ?? ()
0x00000000005fbcfb in ?? ()
0x00000000005fbd02 in ?? ()
0x00000000005fbd08 in ?? ()
0x00000000005fbd0e in ?? ()
0x00000000005fbd16 in ?? ()
0x00000000005fbd19 in ?? ()
0x00000000005fbd1b in ?? ()
0x00000000005fbd1d in ?? ()
0x00000000005fbd1f in ?? ()
0x00000000005fbd22 in ?? ()
0x00000000005fbd25 in ?? ()
0x00000000005fbd27 in ?? ()
0x00000000005fbd2f in ?? ()
0x00000000005fbd31 in ?? ()
0x00000000005fbd39 in ?? ()
0x00000000005fbd41 in ?? ()
0x00000000005fbd47 in ?? ()
0x00000000005fbd4a in ?? ()
0x0000000000421db0 in pthread_mutex_unlock@plt ()
___pthread_mutex_unlock (mutex=0xb49288 <_PyRuntime+77512>) at ./nptl/pthread_mutex_unlock.c:367
__GI___pthread_mutex_unlock_usercnt (decr=1, mutex=0xb49288 <_PyRuntime+77512>) at ./nptl/pthread_mutex_unlock.c:51
51	in ./nptl/pthread_mutex_unlock.c
0x00007ffff7ca1b57	51	in ./nptl/pthread_mutex_unlock.c
0x00007ffff7ca1b59	51	in ./nptl/pthread_mutex_unlock.c
52	in ./nptl/pthread_mutex_unlock.c
0x00007ffff7ca1b61	52	in ./nptl/pthread_mutex_unlock.c
___pthread_mutex_unlock (mutex=0xb49288 <_PyRuntime+77512>) at ./nptl/pthread_mutex_unlock.c:57
57	in ./nptl/pthread_mutex_unlock.c
0x00007ffff7ca1b64	57	in ./nptl/pthread_mutex_unlock.c
0x00007ffff7ca1b67	57	in ./nptl/pthread_mutex_unlock.c
0x00007ffff7ca1b6b in __GI___pthread_mutex_unlock_usercnt (decr=1, mutex=0xb49288 <_PyRuntime+77512>) at ./nptl/pthread_mutex_unlock.c:57
57	in ./nptl/pthread_mutex_unlock.c
0x00007ffff7ca1b6d	57	in ./nptl/pthread_mutex_unlock.c
62	in ./nptl/pthread_mutex_unlock.c
0x00007ffff7ca1b73	62	in ./nptl/pthread_mutex_unlock.c
lll_mutex_unlock_optimized (mutex=0xb49288 <_PyRuntime+77512>) at ./nptl/pthread_mutex_unlock.c:39
39	in ./nptl/pthread_mutex_unlock.c
40	in ./nptl/pthread_mutex_unlock.c
0x00007ffff7ca1b83	40	in ./nptl/pthread_mutex_unlock.c
0x00007ffff7ca1b85	40	in ./nptl/pthread_mutex_unlock.c
0x00007ffff7ca1b8c	40	in ./nptl/pthread_mutex_unlock.c
41	in ./nptl/pthread_mutex_unlock.c
__GI___pthread_mutex_unlock_usercnt (decr=1, mutex=<optimized out>) at ./nptl/pthread_mutex_unlock.c:70
70	in ./nptl/pthread_mutex_unlock.c
72	in ./nptl/pthread_mutex_unlock.c
0x00007ffff7ca1b97 in ___pthread_mutex_unlock (mutex=<optimized out>) at ./nptl/pthread_mutex_unlock.c:369
369	in ./nptl/pthread_mutex_unlock.c
0x00007ffff7ca1b98	369	in ./nptl/pthread_mutex_unlock.c
0x00000000005fbd4f in ?? ()
0x00000000005fbd51 in ?? ()
0x00000000005fbd57 in ?? ()
0x00000000005fbd5a in ?? ()
0x00000000005fbd5d in ?? ()
0x00000000005fbd61 in ?? ()
0x00000000005fbd62 in ?? ()
0x00000000005fbd64 in ?? ()
0x00000000005fbd66 in ?? ()
0x00000000005fbd68 in ?? ()
0x00000000005fbd6a in ?? ()
0x00000000005fbd6b in ?? ()
0x00000000005fc4de in PyEval_RestoreThread ()
0x00000000005fc4e1 in PyEval_RestoreThread ()
0x00000000005fc4e5 in PyEval_RestoreThread ()
0x00000000005fc4e6 in PyEval_RestoreThread ()
0x00000000006082c0 in ?? ()
0x00000000006082c4 in ?? ()
0x00000000006082cd in ?? ()
0x00000000006082da in ?? ()
0x00000000006082dd in ?? ()
0x00000000006082e3 in ?? ()
0x00000000006082e6 in ?? ()
0x00000000006082e8 in ?? ()
0x00000000006082f1 in ?? ()
0x00000000006082f5 in ?? ()
0x00000000006082f8 in ?? ()
0x00000000006082fa in ?? ()
0x00000000006082fd in ?? ()
0x0000000000608300 in ?? ()
0x00000000006b2be6 in PyGILState_Ensure ()
0x00000000006b2be9 in PyGILState_Ensure ()
0x00000000006b2beb in PyGILState_Ensure ()
0x00000000006b2bd3 in PyGILState_Ensure ()
0x00000000006b2bd7 in PyGILState_Ensure ()
0x00000000006b2bda in PyGILState_Ensure ()
0x00000000006b2bdb in PyGILState_Ensure ()
0x00000000006b2bdc in PyGILState_Ensure ()
0x00000000006b2bdd in PyGILState_Ensure ()
0x00007fffe57c9628 in __Pyx_ErrOccurredWithGIL () at src/gala/integrate/cyintegrators/leapfrog.cpp:30419
30420	in src/gala/integrate/cyintegrators/leapfrog.cpp
0x00007fffe579e890 in PyErr_Occurred@plt () from /home/otherside123/venvs/gate2c1-trace/lib/python3.12/site-packages/gala/integrate/cyintegrators/leapfrog.cpython-312-x86_64-linux-gnu.so
0x00000000005f1620 in PyErr_Occurred ()
0x00000000005f1624 in PyErr_Occurred ()
0x00000000005f162b in PyErr_Occurred ()
0x00000000005f162f in PyErr_Occurred ()
0x00000000005f1633 in PyErr_Occurred ()
0x00000000005f1636 in PyErr_Occurred ()
0x00000000005f1638 in PyErr_Occurred ()
0x00007fffe57c9630 in __Pyx_ErrOccurredWithGIL () at src/gala/integrate/cyintegrators/leapfrog.cpp:30421
30421	in src/gala/integrate/cyintegrators/leapfrog.cpp
0x00007fffe57c9633	30420	in src/gala/integrate/cyintegrators/leapfrog.cpp
30421	in src/gala/integrate/cyintegrators/leapfrog.cpp
0x00007fffe579e6e0 in PyGILState_Release@plt () from /home/otherside123/venvs/gate2c1-trace/lib/python3.12/site-packages/gala/integrate/cyintegrators/leapfrog.cpython-312-x86_64-linux-gnu.so
0x00000000006b2bf0 in PyGILState_Release ()
0x00000000006b2bf4 in PyGILState_Release ()
0x00000000006b2bf5 in PyGILState_Release ()
0x00000000006b2bf8 in PyGILState_Release ()
0x00000000006b2bf9 in PyGILState_Release ()
0x00000000006b2bfb in PyGILState_Release ()
0x00000000006b2c00 in PyGILState_Release ()
0x00000000006b2c04 in PyGILState_Release ()
0x00000000006104e0 in PyThread_tss_get ()
0x00000000006104e4 in PyThread_tss_get ()
0x00000000006104e7 in PyThread_tss_get ()
0x0000000000421760 in pthread_getspecific@plt ()
___pthread_getspecific (key=0) at ./nptl/pthread_getspecific.c:24
29	in ./nptl/pthread_getspecific.c
0x00007ffff7c9e697	29	in ./nptl/pthread_getspecific.c
30	in ./nptl/pthread_getspecific.c
0x00007ffff7c9e69b	30	in ./nptl/pthread_getspecific.c
0x00007ffff7c9e69f	30	in ./nptl/pthread_getspecific.c
0x00007ffff7c9e6a3	30	in ./nptl/pthread_getspecific.c
54	in ./nptl/pthread_getspecific.c
55	in ./nptl/pthread_getspecific.c
0x00007ffff7c9e6b3	55	in ./nptl/pthread_getspecific.c
59	in ./nptl/pthread_getspecific.c
0x00007ffff7c9e6b7	59	in ./nptl/pthread_getspecific.c
0x00007ffff7c9e6be	59	in ./nptl/pthread_getspecific.c
0x00007ffff7c9e6c1	59	in ./nptl/pthread_getspecific.c
0x00007ffff7c9e6c5	59	in ./nptl/pthread_getspecific.c
0x00007ffff7c9e6c9	59	in ./nptl/pthread_getspecific.c
0x00007ffff7c9e6cb	64	in ./nptl/pthread_getspecific.c
0x00007ffff7c9e6ce	64	in ./nptl/pthread_getspecific.c
0x00000000006b2c09 in PyGILState_Release ()
0x00000000006b2c0c in PyGILState_Release ()
0x00000000006b2c12 in PyGILState_Release ()
0x00000000006b2c1b in PyGILState_Release ()
0x00000000006b2c21 in PyGILState_Release ()
0x00000000006b2c25 in PyGILState_Release ()
0x00000000006b2c2b in PyGILState_Release ()
0x00000000006b2c2e in PyGILState_Release ()
0x00000000006b2c37 in PyGILState_Release ()
0x00000000006b2c3b in PyGILState_Release ()
0x00000000006b2c3c in PyGILState_Release ()
0x00000000006b2c3d in PyGILState_Release ()
0x00000000005fc060 in PyEval_SaveThread ()
0x00000000005fc064 in PyEval_SaveThread ()
0x00000000005fc065 in PyEval_SaveThread ()
0x00000000005fc067 in PyEval_SaveThread ()
0x00000000005fc06a in PyEval_SaveThread ()
0x00000000005fc06c in PyEval_SaveThread ()
0x00000000005fc06e in PyEval_SaveThread ()
0x00000000005fc070 in PyEval_SaveThread ()
0x00000000005fc071 in PyEval_SaveThread ()
0x00000000006082c0 in ?? ()
0x00000000006082c4 in ?? ()
0x00000000006082cd in ?? ()
0x00000000006082da in ?? ()
0x00000000006082dd in ?? ()
0x00000000006082df in ?? ()
0x00000000006082e3 in ?? ()
0x00000000006082e6 in ?? ()
0x0000000000608308 in ?? ()
0x00000000005fc076 in PyEval_SaveThread ()
0x00000000005fc079 in PyEval_SaveThread ()
0x00000000005fc07f in PyEval_SaveThread ()
0x00000000005fc083 in PyEval_SaveThread ()
0x00000000005fc086 in PyEval_SaveThread ()
0x00000000005fc08d in PyEval_SaveThread ()
0x00000000005fc092 in PyEval_SaveThread ()
0x00000000005fc094 in PyEval_SaveThread ()
0x00000000005fc09a in PyEval_SaveThread ()
0x00000000005fc09f in PyEval_SaveThread ()
0x00000000005fc0a4 in PyEval_SaveThread ()
0x00000000005fc0a7 in PyEval_SaveThread ()
0x0000000000421c00 in pthread_mutex_lock@plt ()
___pthread_mutex_lock (mutex=0xb49288 <_PyRuntime+77512>) at ./nptl/pthread_mutex_lock.c:77
80	in ./nptl/pthread_mutex_lock.c
0x00007ffff7ca00d7	80	in ./nptl/pthread_mutex_lock.c
0x00007ffff7ca00d9	80	in ./nptl/pthread_mutex_lock.c
82	in ./nptl/pthread_mutex_lock.c
84	in ./nptl/pthread_mutex_lock.c
0x00007ffff7ca00e3	84	in ./nptl/pthread_mutex_lock.c
88	in ./nptl/pthread_mutex_lock.c
0x00007ffff7ca00ea	88	in ./nptl/pthread_mutex_lock.c
0x00007ffff7ca00ed	88	in ./nptl/pthread_mutex_lock.c
0x00007ffff7ca00ee	88	in ./nptl/pthread_mutex_lock.c
0x00007ffff7ca00f2	88	in ./nptl/pthread_mutex_lock.c
0x00007ffff7ca00f4	88	in ./nptl/pthread_mutex_lock.c
90	in ./nptl/pthread_mutex_lock.c
0x00007ffff7ca0101	90	in ./nptl/pthread_mutex_lock.c
0x00007ffff7ca0104	90	in ./nptl/pthread_mutex_lock.c
lll_mutex_lock_optimized (mutex=0xb49288 <_PyRuntime+77512>) at ./nptl/pthread_mutex_lock.c:44
44	in ./nptl/pthread_mutex_lock.c
45	in ./nptl/pthread_mutex_lock.c
0x00007ffff7ca010f	45	in ./nptl/pthread_mutex_lock.c
0x00007ffff7ca0111	45	in ./nptl/pthread_mutex_lock.c
0x00007ffff7ca0118	45	in ./nptl/pthread_mutex_lock.c
0x00007ffff7ca0150	45	in ./nptl/pthread_mutex_lock.c
0x00007ffff7ca0153	45	in ./nptl/pthread_mutex_lock.c
0x00007ffff7ca0156	45	in ./nptl/pthread_mutex_lock.c
46	in ./nptl/pthread_mutex_lock.c
0x00007ffff7ca015e	46	in ./nptl/pthread_mutex_lock.c
___pthread_mutex_lock (mutex=<optimized out>) at ./nptl/pthread_mutex_lock.c:94
94	in ./nptl/pthread_mutex_lock.c
0x00007ffff7ca012e	94	in ./nptl/pthread_mutex_lock.c
0x00007ffff7ca0130	94	in ./nptl/pthread_mutex_lock.c
179	in ./nptl/pthread_mutex_lock.c
182	in ./nptl/pthread_mutex_lock.c
184	in ./nptl/pthread_mutex_lock.c
187	in ./nptl/pthread_mutex_lock.c
189	in ./nptl/pthread_mutex_lock.c
0x00007ffff7ca0148	190	in ./nptl/pthread_mutex_lock.c
0x00007ffff7ca014c	190	in ./nptl/pthread_mutex_lock.c
0x00007ffff7ca014d	190	in ./nptl/pthread_mutex_lock.c
0x00000000005fc0ac in PyEval_SaveThread ()
0x00000000005fc0ae in PyEval_SaveThread ()
0x00000000005fc0b4 in PyEval_SaveThread ()
0x00000000005fc0bd in PyEval_SaveThread ()
0x00000000005fc0c2 in PyEval_SaveThread ()
0x0000000000420470 in pthread_cond_signal@plt ()
___pthread_cond_signal (cond=0xb49258 <_PyRuntime+77464>) at ./nptl/pthread_cond_signal.c:35
36	in ./nptl/pthread_cond_signal.c
0x00007ffff7c9b0a5	36	in ./nptl/pthread_cond_signal.c
0x00007ffff7c9b0a8	36	in ./nptl/pthread_cond_signal.c
0x00007ffff7c9b0aa	36	in ./nptl/pthread_cond_signal.c
0x00007ffff7c9b0ac	36	in ./nptl/pthread_cond_signal.c
0x00007ffff7c9b0ae	36	in ./nptl/pthread_cond_signal.c
0x00007ffff7c9b0b0	36	in ./nptl/pthread_cond_signal.c
0x00007ffff7c9b0b1	36	in ./nptl/pthread_cond_signal.c
0x00007ffff7c9b0b5	36	in ./nptl/pthread_cond_signal.c
41	in ./nptl/pthread_cond_signal.c
42	in ./nptl/pthread_cond_signal.c
0x00007ffff7c9b0bb	42	in ./nptl/pthread_cond_signal.c
0x00007ffff7c9b0be	42	in ./nptl/pthread_cond_signal.c
0x00007ffff7c9b15b	96	in ./nptl/pthread_cond_signal.c
0x00007ffff7c9b15f	96	in ./nptl/pthread_cond_signal.c
0x00007ffff7c9b161	96	in ./nptl/pthread_cond_signal.c
0x00007ffff7c9b162	96	in ./nptl/pthread_cond_signal.c
0x00007ffff7c9b164	96	in ./nptl/pthread_cond_signal.c
0x00007ffff7c9b166	96	in ./nptl/pthread_cond_signal.c
0x00007ffff7c9b168	96	in ./nptl/pthread_cond_signal.c
0x00007ffff7c9b16a	96	in ./nptl/pthread_cond_signal.c
0x00007ffff7c9b16b	96	in ./nptl/pthread_cond_signal.c
0x00000000005fc0c7 in PyEval_SaveThread ()
0x00000000005fc0c9 in PyEval_SaveThread ()
0x00000000005fc0cf in PyEval_SaveThread ()
0x00000000005fc0d2 in PyEval_SaveThread ()
0x0000000000421db0 in pthread_mutex_unlock@plt ()
___pthread_mutex_unlock (mutex=0xb49288 <_PyRuntime+77512>) at ./nptl/pthread_mutex_unlock.c:367
__GI___pthread_mutex_unlock_usercnt (decr=1, mutex=0xb49288 <_PyRuntime+77512>) at ./nptl/pthread_mutex_unlock.c:51
51	in ./nptl/pthread_mutex_unlock.c
0x00007ffff7ca1b57	51	in ./nptl/pthread_mutex_unlock.c
0x00007ffff7ca1b59	51	in ./nptl/pthread_mutex_unlock.c
52	in ./nptl/pthread_mutex_unlock.c
0x00007ffff7ca1b61	52	in ./nptl/pthread_mutex_unlock.c
___pthread_mutex_unlock (mutex=0xb49288 <_PyRuntime+77512>) at ./nptl/pthread_mutex_unlock.c:57
57	in ./nptl/pthread_mutex_unlock.c
0x00007ffff7ca1b64	57	in ./nptl/pthread_mutex_unlock.c
0x00007ffff7ca1b67	57	in ./nptl/pthread_mutex_unlock.c
0x00007ffff7ca1b6b in __GI___pthread_mutex_unlock_usercnt (decr=1, mutex=0xb49288 <_PyRuntime+77512>) at ./nptl/pthread_mutex_unlock.c:57
57	in ./nptl/pthread_mutex_unlock.c
0x00007ffff7ca1b6d	57	in ./nptl/pthread_mutex_unlock.c
62	in ./nptl/pthread_mutex_unlock.c
0x00007ffff7ca1b73	62	in ./nptl/pthread_mutex_unlock.c
lll_mutex_unlock_optimized (mutex=0xb49288 <_PyRuntime+77512>) at ./nptl/pthread_mutex_unlock.c:39
39	in ./nptl/pthread_mutex_unlock.c
40	in ./nptl/pthread_mutex_unlock.c
0x00007ffff7ca1b83	40	in ./nptl/pthread_mutex_unlock.c
0x00007ffff7ca1b85	40	in ./nptl/pthread_mutex_unlock.c
0x00007ffff7ca1b8c	40	in ./nptl/pthread_mutex_unlock.c
41	in ./nptl/pthread_mutex_unlock.c
__GI___pthread_mutex_unlock_usercnt (decr=1, mutex=<optimized out>) at ./nptl/pthread_mutex_unlock.c:70
70	in ./nptl/pthread_mutex_unlock.c
72	in ./nptl/pthread_mutex_unlock.c
0x00007ffff7ca1b97 in ___pthread_mutex_unlock (mutex=<optimized out>) at ./nptl/pthread_mutex_unlock.c:369
369	in ./nptl/pthread_mutex_unlock.c
0x00007ffff7ca1b98	369	in ./nptl/pthread_mutex_unlock.c
0x00000000005fc0d7 in PyEval_SaveThread ()
0x00000000005fc0d9 in PyEval_SaveThread ()
0x00000000005fc0df in PyEval_SaveThread ()
0x00000000005fc0e6 in PyEval_SaveThread ()
0x00000000005fc0e8 in PyEval_SaveThread ()
0x00000000005fc0ea in PyEval_SaveThread ()
0x00000000005fc0ed in PyEval_SaveThread ()
0x00000000005fc0ee in PyEval_SaveThread ()
0x00000000005fc0f0 in PyEval_SaveThread ()
0x00000000005fc0f2 in PyEval_SaveThread ()
0x00000000005fc0f4 in PyEval_SaveThread ()
0x00000000005fc0f5 in PyEval_SaveThread ()
__pyx_f_4gala_9integrate_13cyintegrators_8leapfrog_leapfrog_integrate_hamiltonian (__pyx_skip_dispatch=1, __pyx_v_hamiltonian=<optimized out>, __pyx_v_w0=..., __pyx_v_t=..., __pyx_optional_args=<synthetic pointer>) at src/gala/integrate/cyintegrators/leapfrog.cpp:30422
0x00007fffe57c963e	30422	in src/gala/integrate/cyintegrators/leapfrog.cpp
21964	in src/gala/integrate/cyintegrators/leapfrog.cpp
0x00007fffe57c9648	21964	in src/gala/integrate/cyintegrators/leapfrog.cpp
0x00007fffe57c964a	21964	in src/gala/integrate/cyintegrators/leapfrog.cpp
21978	in src/gala/integrate/cyintegrators/leapfrog.cpp
0x00007fffe57cad07	21978	in src/gala/integrate/cyintegrators/leapfrog.cpp
0x00007fffe57cad09	21978	in src/gala/integrate/cyintegrators/leapfrog.cpp
0x00007fffe57cad0f	21978	in src/gala/integrate/cyintegrators/leapfrog.cpp
0x00007fffe57cad17	21978	in src/gala/integrate/cyintegrators/leapfrog.cpp
0x00007fffe57cad1f	21978	in src/gala/integrate/cyintegrators/leapfrog.cpp
0x00007fffe57cad22	21978	in src/gala/integrate/cyintegrators/leapfrog.cpp
0x00007fffe57cad24	21978	in src/gala/integrate/cyintegrators/leapfrog.cpp
0x00007fffe57cad28	21978	in src/gala/integrate/cyintegrators/leapfrog.cpp
21992	in src/gala/integrate/cyintegrators/leapfrog.cpp
0x00007fffe57cad32	21992	in src/gala/integrate/cyintegrators/leapfrog.cpp
0x00007fffe57cad34	21992	in src/gala/integrate/cyintegrators/leapfrog.cpp
0x00007fffe57cad3a	21992	in src/gala/integrate/cyintegrators/leapfrog.cpp
0x00007fffe57cad3c	21992	in src/gala/integrate/cyintegrators/leapfrog.cpp
0x00007fffe57cad3f	21992	in src/gala/integrate/cyintegrators/leapfrog.cpp
0x00007fffe57cad47	21992	in src/gala/integrate/cyintegrators/leapfrog.cpp
0x00007fffe57cad49	21992	in src/gala/integrate/cyintegrators/leapfrog.cpp
0x00007fffe57cad4d	21992	in src/gala/integrate/cyintegrators/leapfrog.cpp
0x00007fffe57cad51	21992	in src/gala/integrate/cyintegrators/leapfrog.cpp
0x00007fffe57cad54	21992	in src/gala/integrate/cyintegrators/leapfrog.cpp
0x00007fffe57cad5a	21992	in src/gala/integrate/cyintegrators/leapfrog.cpp
0x00007fffe57cad5e	21992	in src/gala/integrate/cyintegrators/leapfrog.cpp
0x00007fffe57cb3f2 in Py_DECREF (op=<optimized out>) at /opt/_internal/cpython-3.12.14/include/python3.12/object.h:705
0x00007fffe57cb3f5 in __pyx_f_4gala_9integrate_13cyintegrators_8leapfrog_leapfrog_integrate_hamiltonian (__pyx_skip_dispatch=1, __pyx_v_hamiltonian=<optimized out>, __pyx_v_w0=..., __pyx_v_t=..., __pyx_optional_args=<synthetic pointer>) at src/gala/integrate/cyintegrators/leapfrog.cpp:21357
0x00007fffe57cb3f7	21357	in src/gala/integrate/cyintegrators/leapfrog.cpp
22008	in src/gala/integrate/cyintegrators/leapfrog.cpp
0x00007fffe57cb405	22008	in src/gala/integrate/cyintegrators/leapfrog.cpp
0x00007fffe57cb408	22008	in src/gala/integrate/cyintegrators/leapfrog.cpp
21992	in src/gala/integrate/cyintegrators/leapfrog.cpp
0x00007fffe57cb411	21992	in src/gala/integrate/cyintegrators/leapfrog.cpp
0x00007fffe57cb414	21992	in src/gala/integrate/cyintegrators/leapfrog.cpp
0x00007fffe57cb416	21992	in src/gala/integrate/cyintegrators/leapfrog.cpp
21978	in src/gala/integrate/cyintegrators/leapfrog.cpp
0x00007fffe57cadb2	21978	in src/gala/integrate/cyintegrators/leapfrog.cpp
0x00007fffe57cadb6	21978	in src/gala/integrate/cyintegrators/leapfrog.cpp
0x00007fffe57cadb9	21978	in src/gala/integrate/cyintegrators/leapfrog.cpp
0x00007fffe57cadc1	21978	in src/gala/integrate/cyintegrators/leapfrog.cpp
0x00007fffe57cadc4	21978	in src/gala/integrate/cyintegrators/leapfrog.cpp
0x00007fffe57cadcc	21978	in src/gala/integrate/cyintegrators/leapfrog.cpp
0x00007fffe57cad51	21992	in src/gala/integrate/cyintegrators/leapfrog.cpp
0x00007fffe57cad54	21992	in src/gala/integrate/cyintegrators/leapfrog.cpp
0x00007fffe57cad5a	21992	in src/gala/integrate/cyintegrators/leapfrog.cpp
0x00007fffe57cad5e	21992	in src/gala/integrate/cyintegrators/leapfrog.cpp
0x00007fffe57cb3f2 in Py_DECREF (op=<optimized out>) at /opt/_internal/cpython-3.12.14/include/python3.12/object.h:705
0x00007fffe57cb3f5 in __pyx_f_4gala_9integrate_13cyintegrators_8leapfrog_leapfrog_integrate_hamiltonian (__pyx_skip_dispatch=1, __pyx_v_hamiltonian=<optimized out>, __pyx_v_w0=..., __pyx_v_t=..., __pyx_optional_args=<synthetic pointer>) at src/gala/integrate/cyintegrators/leapfrog.cpp:21357
0x00007fffe57cb3f7	21357	in src/gala/integrate/cyintegrators/leapfrog.cpp
22008	in src/gala/integrate/cyintegrators/leapfrog.cpp
0x00007fffe57cb405	22008	in src/gala/integrate/cyintegrators/leapfrog.cpp
0x00007fffe57cb408	22008	in src/gala/integrate/cyintegrators/leapfrog.cpp
21992	in src/gala/integrate/cyintegrators/leapfrog.cpp
0x00007fffe57cb411	21992	in src/gala/integrate/cyintegrators/leapfrog.cpp
0x00007fffe57cb414	21992	in src/gala/integrate/cyintegrators/leapfrog.cpp
0x00007fffe57cb416	21992	in src/gala/integrate/cyintegrators/leapfrog.cpp
21978	in src/gala/integrate/cyintegrators/leapfrog.cpp
0x00007fffe57cadb2	21978	in src/gala/integrate/cyintegrators/leapfrog.cpp
0x00007fffe57cadb6	21978	in src/gala/integrate/cyintegrators/leapfrog.cpp
0x00007fffe57cadb9	21978	in src/gala/integrate/cyintegrators/leapfrog.cpp
0x00007fffe57cadc1	21978	in src/gala/integrate/cyintegrators/leapfrog.cpp
0x00007fffe57cadc4	21978	in src/gala/integrate/cyintegrators/leapfrog.cpp
0x00007fffe57cadcc	21978	in src/gala/integrate/cyintegrators/leapfrog.cpp
0x00007fffe57cad51	21992	in src/gala/integrate/cyintegrators/leapfrog.cpp
0x00007fffe57cad54	21992	in src/gala/integrate/cyintegrators/leapfrog.cpp
0x00007fffe57cad5a	21992	in src/gala/integrate/cyintegrators/leapfrog.cpp
0x00007fffe57cad5e	21992	in src/gala/integrate/cyintegrators/leapfrog.cpp
0x00007fffe57cb3f2 in Py_DECREF (op=<optimized out>) at /opt/_internal/cpython-3.12.14/include/python3.12/object.h:705
0x00007fffe57cb3f5 in __pyx_f_4gala_9integrate_13cyintegrators_8leapfrog_leapfrog_integrate_hamiltonian (__pyx_skip_dispatch=1, __pyx_v_hamiltonian=<optimized out>, __pyx_v_w0=..., __pyx_v_t=..., __pyx_optional_args=<synthetic pointer>) at src/gala/integrate/cyintegrators/leapfrog.cpp:21357
0x00007fffe57cb3f7	21357	in src/gala/integrate/cyintegrators/leapfrog.cpp
22008	in src/gala/integrate/cyintegrators/leapfrog.cpp
0x00007fffe57cb405	22008	in src/gala/integrate/cyintegrators/leapfrog.cpp
0x00007fffe57cb408	22008	in src/gala/integrate/cyintegrators/leapfrog.cpp
21992	in src/gala/integrate/cyintegrators/leapfrog.cpp
0x00007fffe57cb411	21992	in src/gala/integrate/cyintegrators/leapfrog.cpp
0x00007fffe57cb414	21992	in src/gala/integrate/cyintegrators/leapfrog.cpp
0x00007fffe57cb416	21992	in src/gala/integrate/cyintegrators/leapfrog.cpp
21978	in src/gala/integrate/cyintegrators/leapfrog.cpp
0x00007fffe57cadb2	21978	in src/gala/integrate/cyintegrators/leapfrog.cpp
0x00007fffe57cadb6	21978	in src/gala/integrate/cyintegrators/leapfrog.cpp
0x00007fffe57cadb9	21978	in src/gala/integrate/cyintegrators/leapfrog.cpp
0x00007fffe57cadc1	21978	in src/gala/integrate/cyintegrators/leapfrog.cpp
0x00007fffe57cadc4	21978	in src/gala/integrate/cyintegrators/leapfrog.cpp
0x00007fffe57cadcc	21978	in src/gala/integrate/cyintegrators/leapfrog.cpp
0x00007fffe57cad51	21992	in src/gala/integrate/cyintegrators/leapfrog.cpp
0x00007fffe57cad54	21992	in src/gala/integrate/cyintegrators/leapfrog.cpp
0x00007fffe57cad5a	21992	in src/gala/integrate/cyintegrators/leapfrog.cpp
0x00007fffe57cad5e	21992	in src/gala/integrate/cyintegrators/leapfrog.cpp
0x00007fffe57cb3f2 in Py_DECREF (op=<optimized out>) at /opt/_internal/cpython-3.12.14/include/python3.12/object.h:705
0x00007fffe57cb3f5 in __pyx_f_4gala_9integrate_13cyintegrators_8leapfrog_leapfrog_integrate_hamiltonian (__pyx_skip_dispatch=1, __pyx_v_hamiltonian=<optimized out>, __pyx_v_w0=..., __pyx_v_t=..., __pyx_optional_args=<synthetic pointer>) at src/gala/integrate/cyintegrators/leapfrog.cpp:21357
0x00007fffe57cb3f7	21357	in src/gala/integrate/cyintegrators/leapfrog.cpp
22008	in src/gala/integrate/cyintegrators/leapfrog.cpp
0x00007fffe57cb405	22008	in src/gala/integrate/cyintegrators/leapfrog.cpp
0x00007fffe57cb408	22008	in src/gala/integrate/cyintegrators/leapfrog.cpp
21992	in src/gala/integrate/cyintegrators/leapfrog.cpp
0x00007fffe57cb411	21992	in src/gala/integrate/cyintegrators/leapfrog.cpp
0x00007fffe57cb414	21992	in src/gala/integrate/cyintegrators/leapfrog.cpp
0x00007fffe57cb416	21992	in src/gala/integrate/cyintegrators/leapfrog.cpp
21978	in src/gala/integrate/cyintegrators/leapfrog.cpp
0x00007fffe57cadb2	21978	in src/gala/integrate/cyintegrators/leapfrog.cpp
0x00007fffe57cadb6	21978	in src/gala/integrate/cyintegrators/leapfrog.cpp
0x00007fffe57cadb9	21978	in src/gala/integrate/cyintegrators/leapfrog.cpp
0x00007fffe57cadc1	21978	in src/gala/integrate/cyintegrators/leapfrog.cpp
0x00007fffe57cadc4	21978	in src/gala/integrate/cyintegrators/leapfrog.cpp
0x00007fffe57cadcc	21978	in src/gala/integrate/cyintegrators/leapfrog.cpp
0x00007fffe57cadd2	21978	in src/gala/integrate/cyintegrators/leapfrog.cpp
21882	in src/gala/integrate/cyintegrators/leapfrog.cpp
0x00007fffe57c9658	21882	in src/gala/integrate/cyintegrators/leapfrog.cpp
0x00007fffe57c965c	21882	in src/gala/integrate/cyintegrators/leapfrog.cpp
0x00007fffe57c9661	21882	in src/gala/integrate/cyintegrators/leapfrog.cpp
0x00007fffe57c9669	21882	in src/gala/integrate/cyintegrators/leapfrog.cpp
0x00007fffe57c966c	21882	in src/gala/integrate/cyintegrators/leapfrog.cpp
21898	in src/gala/integrate/cyintegrators/leapfrog.cpp
0x00007fffe57c95cb	21898	in src/gala/integrate/cyintegrators/leapfrog.cpp
0x00007fffe57c95cd	21899	in src/gala/integrate/cyintegrators/leapfrog.cpp
0x00007fffe57c95d5	21899	in src/gala/integrate/cyintegrators/leapfrog.cpp
0x00007fffe57c95da	21899	in src/gala/integrate/cyintegrators/leapfrog.cpp
0x00007fffe57c95dc	21899	in src/gala/integrate/cyintegrators/leapfrog.cpp
0x00007fffe579e350 in memset@plt () from /home/otherside123/venvs/gate2c1-trace/lib/python3.12/site-packages/gala/integrate/cyintegrators/leapfrog.cpython-312-x86_64-linux-gnu.so
__memset_avx2_unaligned_erms () at ../sysdeps/x86_64/multiarch/memset-vec-unaligned-erms.S:158
159	in ../sysdeps/x86_64/multiarch/memset-vec-unaligned-erms.S
0x00007ffff7d89788	159	in ../sysdeps/x86_64/multiarch/memset-vec-unaligned-erms.S
164	in ../sysdeps/x86_64/multiarch/memset-vec-unaligned-erms.S
165	in ../sysdeps/x86_64/multiarch/memset-vec-unaligned-erms.S
337	in ../sysdeps/x86_64/multiarch/memset-vec-unaligned-erms.S
346	in ../sysdeps/x86_64/multiarch/memset-vec-unaligned-erms.S
347	in ../sysdeps/x86_64/multiarch/memset-vec-unaligned-erms.S
378	in ../sysdeps/x86_64/multiarch/memset-vec-unaligned-erms.S
379	in ../sysdeps/x86_64/multiarch/memset-vec-unaligned-erms.S
380	in ../sysdeps/x86_64/multiarch/memset-vec-unaligned-erms.S
__pyx_f_4gala_9integrate_13cyintegrators_8leapfrog_leapfrog_integrate_hamiltonian (__pyx_skip_dispatch=1, __pyx_v_hamiltonian=<optimized out>, __pyx_v_w0=..., __pyx_v_t=..., __pyx_optional_args=<synthetic pointer>) at src/gala/integrate/cyintegrators/leapfrog.cpp:21953
0x00007fffe57c95e5	21953	in src/gala/integrate/cyintegrators/leapfrog.cpp
0x00007fffe57c95eb	21953	in src/gala/integrate/cyintegrators/leapfrog.cpp
0x00007fffe57c95ee	21953	in src/gala/integrate/cyintegrators/leapfrog.cpp
0x00007fffe57c95f1	21953	in src/gala/integrate/cyintegrators/leapfrog.cpp
0x00007fffe57c95f5	21953	in src/gala/integrate/cyintegrators/leapfrog.cpp
0x00007fffe57c95fa	21953	in src/gala/integrate/cyintegrators/leapfrog.cpp
0x00007fffe57c9603	21953	in src/gala/integrate/cyintegrators/leapfrog.cpp
0x00007fffe57c960a	21953	in src/gala/integrate/cyintegrators/leapfrog.cpp
0x00007fffe57c9612	21953	in src/gala/integrate/cyintegrators/leapfrog.cpp
0x00007fffe57c961a	21953	in src/gala/integrate/cyintegrators/leapfrog.cpp

Breakpoint -2, __pyx_f_4gala_9integrate_13cyintegrators_8leapfrog_c_leapfrog_step (__pyx_v_p=0x28cdd20, __pyx_v_n=1, __pyx_v_half_ndim=2, __pyx_v_t=0.046875, __pyx_v_dt=0.015625, __pyx_v_x_jm1=0x29fdcb0, __pyx_v_v_jm1=0x29fdcc0, __pyx_v_v_jm1_2=0x2879a40, __pyx_v_grad=0x2e9eed0) at src/gala/integrate/cyintegrators/leapfrog.cpp:21212
21212	in src/gala/integrate/cyintegrators/leapfrog.cpp
0x00007fffe57ad782	21212	in src/gala/integrate/cyintegrators/leapfrog.cpp
0x00007fffe57ad784	21212	in src/gala/integrate/cyintegrators/leapfrog.cpp
0x00007fffe57ad786	21212	in src/gala/integrate/cyintegrators/leapfrog.cpp
0x00007fffe57ad788	21212	in src/gala/integrate/cyintegrators/leapfrog.cpp
0x00007fffe57ad789	21212	in src/gala/integrate/cyintegrators/leapfrog.cpp
0x00007fffe57ad78a	21212	in src/gala/integrate/cyintegrators/leapfrog.cpp
0x00007fffe57ad78d	21212	in src/gala/integrate/cyintegrators/leapfrog.cpp
21215	in src/gala/integrate/cyintegrators/leapfrog.cpp
0x00007fffe57ad792	21190	in src/gala/integrate/cyintegrators/leapfrog.cpp
0x00007fffe57ad796	21190	in src/gala/integrate/cyintegrators/leapfrog.cpp
0x00007fffe57ad79b	21215	in src/gala/integrate/cyintegrators/leapfrog.cpp
0x00007fffe57ad79d	21215	in src/gala/integrate/cyintegrators/leapfrog.cpp
0x00007fffe57ad7a3	21215	in src/gala/integrate/cyintegrators/leapfrog.cpp
0x00007fffe57ad7a6	21215	in src/gala/integrate/cyintegrators/leapfrog.cpp
0x00007fffe57ad7ab	21215	in src/gala/integrate/cyintegrators/leapfrog.cpp
0x00007fffe57ad7ae	21215	in src/gala/integrate/cyintegrators/leapfrog.cpp
0x00007fffe57ad7b1	21215	in src/gala/integrate/cyintegrators/leapfrog.cpp
0x00007fffe57ad7b4	21215	in src/gala/integrate/cyintegrators/leapfrog.cpp
0x00007fffe57ad7b7	21215	in src/gala/integrate/cyintegrators/leapfrog.cpp
0x00007fffe57ad7bd	21215	in src/gala/integrate/cyintegrators/leapfrog.cpp
21229	in src/gala/integrate/cyintegrators/leapfrog.cpp
0x00007fffe57ad7c2	21229	in src/gala/integrate/cyintegrators/leapfrog.cpp
0x00007fffe57ad7c4	21229	in src/gala/integrate/cyintegrators/leapfrog.cpp
0x00007fffe57ad7cf	21229	in src/gala/integrate/cyintegrators/leapfrog.cpp
0x00007fffe57ad7da	21229	in src/gala/integrate/cyintegrators/leapfrog.cpp
0x00007fffe57ad7e5	21229	in src/gala/integrate/cyintegrators/leapfrog.cpp
0x00007fffe57ad7f0	21229	in src/gala/integrate/cyintegrators/leapfrog.cpp
0x00007fffe57ad7fb	21229	in src/gala/integrate/cyintegrators/leapfrog.cpp
21239	in src/gala/integrate/cyintegrators/leapfrog.cpp
0x00007fffe57ad803	21239	in src/gala/integrate/cyintegrators/leapfrog.cpp
0x00007fffe57ad808	21229	in src/gala/integrate/cyintegrators/leapfrog.cpp
0x00007fffe57ad80b	21239	in src/gala/integrate/cyintegrators/leapfrog.cpp
0x00007fffe57ad811	21239	in src/gala/integrate/cyintegrators/leapfrog.cpp
0x00007fffe57ad815	21229	in src/gala/integrate/cyintegrators/leapfrog.cpp
0x00007fffe57ad818	21239	in src/gala/integrate/cyintegrators/leapfrog.cpp
0x00007fffe57ad81d	21239	in src/gala/integrate/cyintegrators/leapfrog.cpp
21229	in src/gala/integrate/cyintegrators/leapfrog.cpp
0x00007fffe57ad825	21229	in src/gala/integrate/cyintegrators/leapfrog.cpp
21215	in src/gala/integrate/cyintegrators/leapfrog.cpp
0x00007fffe57ad82b	21215	in src/gala/integrate/cyintegrators/leapfrog.cpp
0x00007fffe57ad82e	21215	in src/gala/integrate/cyintegrators/leapfrog.cpp
0x00007fffe57ad830	21215	in src/gala/integrate/cyintegrators/leapfrog.cpp
0x00007fffe57ad832	21215	in src/gala/integrate/cyintegrators/leapfrog.cpp
0x00007fffe57ad835	21215	in src/gala/integrate/cyintegrators/leapfrog.cpp
21229	in src/gala/integrate/cyintegrators/leapfrog.cpp
0x00007fffe57ad7c2	21229	in src/gala/integrate/cyintegrators/leapfrog.cpp
0x00007fffe57ad7c4	21229	in src/gala/integrate/cyintegrators/leapfrog.cpp
0x00007fffe57ad7cf	21229	in src/gala/integrate/cyintegrators/leapfrog.cpp
0x00007fffe57ad7da	21229	in src/gala/integrate/cyintegrators/leapfrog.cpp
0x00007fffe57ad7e5	21229	in src/gala/integrate/cyintegrators/leapfrog.cpp
0x00007fffe57ad7f0	21229	in src/gala/integrate/cyintegrators/leapfrog.cpp
0x00007fffe57ad7fb	21229	in src/gala/integrate/cyintegrators/leapfrog.cpp
21239	in src/gala/integrate/cyintegrators/leapfrog.cpp
0x00007fffe57ad803	21239	in src/gala/integrate/cyintegrators/leapfrog.cpp
0x00007fffe57ad808	21229	in src/gala/integrate/cyintegrators/leapfrog.cpp
0x00007fffe57ad80b	21239	in src/gala/integrate/cyintegrators/leapfrog.cpp
0x00007fffe57ad811	21239	in src/gala/integrate/cyintegrators/leapfrog.cpp
0x00007fffe57ad815	21229	in src/gala/integrate/cyintegrators/leapfrog.cpp
0x00007fffe57ad818	21239	in src/gala/integrate/cyintegrators/leapfrog.cpp
0x00007fffe57ad81d	21239	in src/gala/integrate/cyintegrators/leapfrog.cpp
21229	in src/gala/integrate/cyintegrators/leapfrog.cpp
0x00007fffe57ad825	21229	in src/gala/integrate/cyintegrators/leapfrog.cpp
21215	in src/gala/integrate/cyintegrators/leapfrog.cpp
0x00007fffe57ad82b	21215	in src/gala/integrate/cyintegrators/leapfrog.cpp
0x00007fffe57ad82e	21215	in src/gala/integrate/cyintegrators/leapfrog.cpp
0x00007fffe57ad830	21215	in src/gala/integrate/cyintegrators/leapfrog.cpp
21253	in src/gala/integrate/cyintegrators/leapfrog.cpp
0x00007fffe57ad843	21253	in src/gala/integrate/cyintegrators/leapfrog.cpp
0x00007fffe57ad846	21253	in src/gala/integrate/cyintegrators/leapfrog.cpp
0x00007fffe579e7c0 in c_gradient(_CPotential*, unsigned long, double, double*, double*)@plt () from /home/otherside123/venvs/gate2c1-trace/lib/python3.12/site-packages/gala/integrate/cyintegrators/leapfrog.cpython-312-x86_64-linux-gnu.so
c_gradient (p=0x28cdd20, N=1, t=0.046875, qp=0x29fdcb0, grad=0x2e9eed0) at src/gala/potential/potential/src/cpotential.cpp:223
0x00007fffe57cd3f2	223	in src/gala/potential/potential/src/cpotential.cpp
0x00007fffe57cd3f4	223	in src/gala/potential/potential/src/cpotential.cpp
0x00007fffe57cd3f7	223	in src/gala/potential/potential/src/cpotential.cpp
0x00007fffe57cd3f9	223	in src/gala/potential/potential/src/cpotential.cpp
0x00007fffe57cd3fc	223	in src/gala/potential/potential/src/cpotential.cpp
0x00007fffe57cd3fe	223	in src/gala/potential/potential/src/cpotential.cpp
0x00007fffe57cd3ff	223	in src/gala/potential/potential/src/cpotential.cpp
0x00007fffe57cd400	223	in src/gala/potential/potential/src/cpotential.cpp
0x00007fffe57cd404	238	in src/gala/potential/potential/src/cpotential.cpp
0x00007fffe57cd408	223	in src/gala/potential/potential/src/cpotential.cpp
0x00007fffe57cd40b	214	in src/gala/potential/potential/src/cpotential.cpp
0x00007fffe57cd410	238	in src/gala/potential/potential/src/cpotential.cpp
0x00007fffe57cd413	214	in src/gala/potential/potential/src/cpotential.cpp
0x00007fffe57cd418	238	in src/gala/potential/potential/src/cpotential.cpp
0x00007fffe57cd41c	223	in src/gala/potential/potential/src/cpotential.cpp
0x00007fffe57cd41e	223	in src/gala/potential/potential/src/cpotential.cpp
0x00007fffe57cd424	224	in src/gala/potential/potential/src/cpotential.cpp
0x00007fffe57cd428	224	in src/gala/potential/potential/src/cpotential.cpp
0x00007fffe57cd42b	223	in src/gala/potential/potential/src/cpotential.cpp
0x00007fffe57cd42d	223	in src/gala/potential/potential/src/cpotential.cpp
224	in src/gala/potential/potential/src/cpotential.cpp
0x00007fffe57cd440	224	in src/gala/potential/potential/src/cpotential.cpp
0x00007fffe57cd442	224	in src/gala/potential/potential/src/cpotential.cpp
0x00007fffe57cd430	223	in src/gala/potential/potential/src/cpotential.cpp
0x00007fffe57cd434	223	in src/gala/potential/potential/src/cpotential.cpp
0x00007fffe57cd437	223	in src/gala/potential/potential/src/cpotential.cpp
238	in src/gala/potential/potential/src/cpotential.cpp
0x00007fffe57cd673	238	in src/gala/potential/potential/src/cpotential.cpp
0x00007fffe57cd679	239	in src/gala/potential/potential/src/cpotential.cpp
0x00007fffe57cd681	239	in src/gala/potential/potential/src/cpotential.cpp
0x00007fffe57cd684	239	in src/gala/potential/potential/src/cpotential.cpp
0x00007fffe57cd686	219	in src/gala/potential/potential/src/cpotential.cpp
0x00007fffe57cd689	239	in src/gala/potential/potential/src/cpotential.cpp
0x00007fffe579e350 in memset@plt () from /home/otherside123/venvs/gate2c1-trace/lib/python3.12/site-packages/gala/integrate/cyintegrators/leapfrog.cpython-312-x86_64-linux-gnu.so
__memset_avx2_unaligned_erms () at ../sysdeps/x86_64/multiarch/memset-vec-unaligned-erms.S:158
159	in ../sysdeps/x86_64/multiarch/memset-vec-unaligned-erms.S
0x00007ffff7d89788	159	in ../sysdeps/x86_64/multiarch/memset-vec-unaligned-erms.S
164	in ../sysdeps/x86_64/multiarch/memset-vec-unaligned-erms.S
165	in ../sysdeps/x86_64/multiarch/memset-vec-unaligned-erms.S
337	in ../sysdeps/x86_64/multiarch/memset-vec-unaligned-erms.S
346	in ../sysdeps/x86_64/multiarch/memset-vec-unaligned-erms.S
347	in ../sysdeps/x86_64/multiarch/memset-vec-unaligned-erms.S
378	in ../sysdeps/x86_64/multiarch/memset-vec-unaligned-erms.S
379	in ../sysdeps/x86_64/multiarch/memset-vec-unaligned-erms.S
380	in ../sysdeps/x86_64/multiarch/memset-vec-unaligned-erms.S
c_gradient (p=0x28cdd20, N=1, t=0.046875, qp=0x29fdcb0, grad=0x2e9eed0) at src/gala/potential/potential/src/cpotential.cpp:242
0x00007fffe57cd690	220	in src/gala/potential/potential/src/cpotential.cpp
0x00007fffe57cd695	218	in src/gala/potential/potential/src/cpotential.cpp
0x00007fffe57cd69a	218	in src/gala/potential/potential/src/cpotential.cpp
0x00007fffe57cd493	224	in src/gala/potential/potential/src/cpotential.cpp
0x00007fffe57cd497 in double6ptr::double6ptr (this=<optimized out>, q=<optimized out>, N=<optimized out>) at src/gala/potential/potential/src/../../src/vectorization.h:20
0x00007fffe57cd49f in c_gradient (p=0x28cdd20, N=1, t=0.046875, qp=0x29fdcb0, grad=0x2e9eed0) at src/gala/potential/potential/src/cpotential.cpp:242
0x00007fffe57cd4a1	242	in src/gala/potential/potential/src/cpotential.cpp
0x00007fffe57cd4a4 in double6ptr::double6ptr (this=<optimized out>, q=<optimized out>, N=<optimized out>) at src/gala/potential/potential/src/../../src/vectorization.h:20
0x00007fffe57cd4a9	21	in src/gala/potential/potential/src/../../src/vectorization.h
0x00007fffe57cd4ac	21	in src/gala/potential/potential/src/../../src/vectorization.h
0x00007fffe57cd4b0	21	in src/gala/potential/potential/src/../../src/vectorization.h
0x00007fffe57cd4b5	21	in src/gala/potential/potential/src/../../src/vectorization.h
c_gradient (p=0x28cdd20, N=1, t=0.046875, qp=0x29fdcb0, grad=0x2e9eed0) at src/gala/potential/potential/src/cpotential.cpp:243
0x00007fffe57cd505	243	in src/gala/potential/potential/src/cpotential.cpp
0x00007fffe57cd50d	243	in src/gala/potential/potential/src/cpotential.cpp
0x00007fffe57cd50f	243	in src/gala/potential/potential/src/cpotential.cpp
244	in src/gala/potential/potential/src/cpotential.cpp
0x00007fffe57cd4c4	244	in src/gala/potential/potential/src/cpotential.cpp
0x00007fffe57cd4c8	244	in src/gala/potential/potential/src/cpotential.cpp
0x00007fffe57cd4cb	244	in src/gala/potential/potential/src/cpotential.cpp
0x00007fffe57cd4ce	244	in src/gala/potential/potential/src/cpotential.cpp
0x00007fffe57cd4d3	244	in src/gala/potential/potential/src/cpotential.cpp
0x00007fffe57cd4d8	244	in src/gala/potential/potential/src/cpotential.cpp
0x00007fffe57cd4dc	244	in src/gala/potential/potential/src/cpotential.cpp
0x00007fffe57cd4e0	244	in src/gala/potential/potential/src/cpotential.cpp
0x00007fffe57cd4e4	244	in src/gala/potential/potential/src/cpotential.cpp
0x00007fffe57cd4e7	244	in src/gala/potential/potential/src/cpotential.cpp
gradientv<henon_heiles_gradient_functor> (t=0.046875, pars=0x2d98230, n_dim=2, state=0x0, q=0x29fdcb0, N=1, grad=0x2e9eed0) at src/gala/potential/src/vectorization.h:71
0x00007ffff1460a53	71	in src/gala/potential/src/vectorization.h
0x00007ffff1460a59 in double6ptr::double6ptr (this=<optimized out>, q=<optimized out>, N=<optimized out>) at src/gala/potential/src/vectorization.h:20
20	in src/gala/potential/src/vectorization.h
0x00007ffff1460a61	20	in src/gala/potential/src/vectorization.h
0x00007ffff1460a65	20	in src/gala/potential/src/vectorization.h
0x00007ffff1460a69	20	in src/gala/potential/src/vectorization.h
0x00007ffff1460b60 in gradientv<henon_heiles_gradient_functor> (t=0.046875, pars=0x2d98230, n_dim=<optimized out>, state=0x0, q=0x29fdcb0, N=1, grad=0x2e9eed0) at src/gala/potential/src/vectorization.h:71
71	in src/gala/potential/src/vectorization.h
0x00007ffff1460b63	71	in src/gala/potential/src/vectorization.h
0x00007ffff1460b65	71	in src/gala/potential/src/vectorization.h
henon_heiles_gradient_single (t=<optimized out>, pars=<optimized out>, q=..., n_dim=<optimized out>, grad=..., state=<optimized out>) at src/gala/potential/potential/builtin/builtin_potentials.cpp:37
0x00007ffff1460b76	37	in src/gala/potential/potential/builtin/builtin_potentials.cpp
0x00007ffff1460b7b	37	in src/gala/potential/potential/builtin/builtin_potentials.cpp
0x00007ffff1460b81	37	in src/gala/potential/potential/builtin/builtin_potentials.cpp
0x00007ffff1460b85	37	in src/gala/potential/potential/builtin/builtin_potentials.cpp
0x00007ffff1460b89	37	in src/gala/potential/potential/builtin/builtin_potentials.cpp
0x00007ffff1460b8d	38	in src/gala/potential/potential/builtin/builtin_potentials.cpp
0x00007ffff1460b91	37	in src/gala/potential/potential/builtin/builtin_potentials.cpp
0x00007ffff1460b95	37	in src/gala/potential/potential/builtin/builtin_potentials.cpp
0x00007ffff1460b99	37	in src/gala/potential/potential/builtin/builtin_potentials.cpp
38	in src/gala/potential/potential/builtin/builtin_potentials.cpp
0x00007ffff1460ba3	38	in src/gala/potential/potential/builtin/builtin_potentials.cpp
0x00007ffff1460ba7	38	in src/gala/potential/potential/builtin/builtin_potentials.cpp
0x00007ffff1460bac	38	in src/gala/potential/potential/builtin/builtin_potentials.cpp
0x00007ffff1460bb0	38	in src/gala/potential/potential/builtin/builtin_potentials.cpp
0x00007ffff1460bb4	38	in src/gala/potential/potential/builtin/builtin_potentials.cpp
gradientv<henon_heiles_gradient_functor> (t=<optimized out>, pars=0x2d98230, n_dim=<optimized out>, state=0x0, q=0x29fdcb0, N=1, grad=0x2e9eed0) at src/gala/potential/src/vectorization.h:71
0x00007ffff1460bbd	71	in src/gala/potential/src/vectorization.h
0x00007ffff1460bc0	71	in src/gala/potential/src/vectorization.h
0x00007ffff1460bc2 in henon_heiles_gradient (t=<optimized out>, pars=<optimized out>, q=0x29fdcb0, n_dim=<optimized out>, N=1, grad=0x2e9eed0, state=<optimized out>) at src/gala/potential/potential/builtin/builtin_potentials.cpp:2282
c_gradient (p=0x28cdd20, N=1, t=0.046875, qp=0x29fdcb0, grad=0x2e9eed0) at src/gala/potential/potential/src/cpotential.cpp:242
0x00007fffe57cd4ed	242	in src/gala/potential/potential/src/cpotential.cpp
0x00007fffe57cd4f1	242	in src/gala/potential/potential/src/cpotential.cpp
0x00007fffe57cd4f4	242	in src/gala/potential/potential/src/cpotential.cpp
283	in src/gala/potential/potential/src/cpotential.cpp
0x00007fffe57cd655	283	in src/gala/potential/potential/src/cpotential.cpp
0x00007fffe57cd65b	287	in src/gala/potential/potential/src/cpotential.cpp
0x00007fffe57cd65f	287	in src/gala/potential/potential/src/cpotential.cpp
0x00007fffe57cd660	287	in src/gala/potential/potential/src/cpotential.cpp
0x00007fffe57cd661	287	in src/gala/potential/potential/src/cpotential.cpp
0x00007fffe57cd663	287	in src/gala/potential/potential/src/cpotential.cpp
0x00007fffe57cd665	287	in src/gala/potential/potential/src/cpotential.cpp
0x00007fffe57cd667	287	in src/gala/potential/potential/src/cpotential.cpp
0x00007fffe57cd669	287	in src/gala/potential/potential/src/cpotential.cpp
0x00007fffe57ad84b in __pyx_f_4gala_9integrate_13cyintegrators_8leapfrog_c_leapfrog_step (__pyx_v_p=<optimized out>, __pyx_v_n=1, __pyx_v_half_ndim=<optimized out>, __pyx_v_t=<optimized out>, __pyx_v_dt=0.015625, __pyx_v_x_jm1=<optimized out>, __pyx_v_v_jm1=0x29fdcc0, __pyx_v_v_jm1_2=0x2879a40, __pyx_v_grad=0x2e9eed0) at src/gala/integrate/cyintegrators/leapfrog.cpp:21253
0x00007fffe57ad850	21253	in src/gala/integrate/cyintegrators/leapfrog.cpp
0x00007fffe57ad852	21272	in src/gala/integrate/cyintegrators/leapfrog.cpp
0x00007fffe57ad855	21272	in src/gala/integrate/cyintegrators/leapfrog.cpp
0x00007fffe57ad85d	21272	in src/gala/integrate/cyintegrators/leapfrog.cpp
21286	in src/gala/integrate/cyintegrators/leapfrog.cpp
0x00007fffe57ad862	21286	in src/gala/integrate/cyintegrators/leapfrog.cpp
0x00007fffe57ad864	21286	in src/gala/integrate/cyintegrators/leapfrog.cpp
0x00007fffe57ad86f	21286	in src/gala/integrate/cyintegrators/leapfrog.cpp
21296	in src/gala/integrate/cyintegrators/leapfrog.cpp
0x00007fffe57ad873	21286	in src/gala/integrate/cyintegrators/leapfrog.cpp
0x00007fffe57ad876	21296	in src/gala/integrate/cyintegrators/leapfrog.cpp
0x00007fffe57ad87e	21296	in src/gala/integrate/cyintegrators/leapfrog.cpp
0x00007fffe57ad883	21296	in src/gala/integrate/cyintegrators/leapfrog.cpp
0x00007fffe57ad886	21296	in src/gala/integrate/cyintegrators/leapfrog.cpp
0x00007fffe57ad88a	21296	in src/gala/integrate/cyintegrators/leapfrog.cpp
0x00007fffe57ad88e	21296	in src/gala/integrate/cyintegrators/leapfrog.cpp
0x00007fffe57ad892	21296	in src/gala/integrate/cyintegrators/leapfrog.cpp
0x00007fffe57ad896	21305	in src/gala/integrate/cyintegrators/leapfrog.cpp
0x00007fffe57ad89b	21296	in src/gala/integrate/cyintegrators/leapfrog.cpp
21305	in src/gala/integrate/cyintegrators/leapfrog.cpp
0x00007fffe57ad8a5	21305	in src/gala/integrate/cyintegrators/leapfrog.cpp
0x00007fffe57ad8a9	21286	in src/gala/integrate/cyintegrators/leapfrog.cpp
0x00007fffe57ad8ac	21305	in src/gala/integrate/cyintegrators/leapfrog.cpp
0x00007fffe57ad8b0	21305	in src/gala/integrate/cyintegrators/leapfrog.cpp
21286	in src/gala/integrate/cyintegrators/leapfrog.cpp
0x00007fffe57ad8b7	21286	in src/gala/integrate/cyintegrators/leapfrog.cpp
21272	in src/gala/integrate/cyintegrators/leapfrog.cpp
0x00007fffe57ad8bd	21272	in src/gala/integrate/cyintegrators/leapfrog.cpp
0x00007fffe57ad8c0	21272	in src/gala/integrate/cyintegrators/leapfrog.cpp
0x00007fffe57ad8c3	21272	in src/gala/integrate/cyintegrators/leapfrog.cpp
0x00007fffe57ad8c5	21272	in src/gala/integrate/cyintegrators/leapfrog.cpp
0x00007fffe57ad8c8	21272	in src/gala/integrate/cyintegrators/leapfrog.cpp
21286	in src/gala/integrate/cyintegrators/leapfrog.cpp
0x00007fffe57ad862	21286	in src/gala/integrate/cyintegrators/leapfrog.cpp
0x00007fffe57ad864	21286	in src/gala/integrate/cyintegrators/leapfrog.cpp
0x00007fffe57ad86f	21286	in src/gala/integrate/cyintegrators/leapfrog.cpp
21296	in src/gala/integrate/cyintegrators/leapfrog.cpp
0x00007fffe57ad873	21286	in src/gala/integrate/cyintegrators/leapfrog.cpp
0x00007fffe57ad876	21296	in src/gala/integrate/cyintegrators/leapfrog.cpp
0x00007fffe57ad87e	21296	in src/gala/integrate/cyintegrators/leapfrog.cpp
0x00007fffe57ad883	21296	in src/gala/integrate/cyintegrators/leapfrog.cpp
0x00007fffe57ad886	21296	in src/gala/integrate/cyintegrators/leapfrog.cpp
0x00007fffe57ad88a	21296	in src/gala/integrate/cyintegrators/leapfrog.cpp
0x00007fffe57ad88e	21296	in src/gala/integrate/cyintegrators/leapfrog.cpp
0x00007fffe57ad892	21296	in src/gala/integrate/cyintegrators/leapfrog.cpp
0x00007fffe57ad896	21305	in src/gala/integrate/cyintegrators/leapfrog.cpp
0x00007fffe57ad89b	21296	in src/gala/integrate/cyintegrators/leapfrog.cpp
21305	in src/gala/integrate/cyintegrators/leapfrog.cpp
0x00007fffe57ad8a5	21305	in src/gala/integrate/cyintegrators/leapfrog.cpp
0x00007fffe57ad8a9	21286	in src/gala/integrate/cyintegrators/leapfrog.cpp
0x00007fffe57ad8ac	21305	in src/gala/integrate/cyintegrators/leapfrog.cpp
0x00007fffe57ad8b0	21305	in src/gala/integrate/cyintegrators/leapfrog.cpp
21286	in src/gala/integrate/cyintegrators/leapfrog.cpp
0x00007fffe57ad8b7	21286	in src/gala/integrate/cyintegrators/leapfrog.cpp
21272	in src/gala/integrate/cyintegrators/leapfrog.cpp
0x00007fffe57ad8bd	21272	in src/gala/integrate/cyintegrators/leapfrog.cpp
0x00007fffe57ad8c0	21272	in src/gala/integrate/cyintegrators/leapfrog.cpp
0x00007fffe57ad8c3	21272	in src/gala/integrate/cyintegrators/leapfrog.cpp
0x00007fffe57ad8d5	21328	in src/gala/integrate/cyintegrators/leapfrog.cpp
0x00007fffe57ad8d9	21328	in src/gala/integrate/cyintegrators/leapfrog.cpp
0x00007fffe57ad8da	21328	in src/gala/integrate/cyintegrators/leapfrog.cpp
0x00007fffe57ad8db	21328	in src/gala/integrate/cyintegrators/leapfrog.cpp
0x00007fffe57ad8dd	21328	in src/gala/integrate/cyintegrators/leapfrog.cpp
0x00007fffe57ad8df	21328	in src/gala/integrate/cyintegrators/leapfrog.cpp
0x00007fffe57ad8e1	21328	in src/gala/integrate/cyintegrators/leapfrog.cpp
0x00007fffe57ad8e3	21328	in src/gala/integrate/cyintegrators/leapfrog.cpp
__Pyx_ErrOccurredWithGIL () at src/gala/integrate/cyintegrators/leapfrog.cpp:30419
30419	in src/gala/integrate/cyintegrators/leapfrog.cpp
0x00007fffe57c9621	30419	in src/gala/integrate/cyintegrators/leapfrog.cpp
0x00007fffe57c9623	30419	in src/gala/integrate/cyintegrators/leapfrog.cpp
0x00007fffe579e9d0 in PyGILState_Ensure@plt () from /home/otherside123/venvs/gate2c1-trace/lib/python3.12/site-packages/gala/integrate/cyintegrators/leapfrog.cpython-312-x86_64-linux-gnu.so
0x00000000006b2ba0 in PyGILState_Ensure ()
0x00000000006b2ba4 in PyGILState_Ensure ()
0x00000000006b2ba5 in PyGILState_Ensure ()
0x00000000006b2baa in PyGILState_Ensure ()
0x00000000006b2bad in PyGILState_Ensure ()
0x00000000006b2bae in PyGILState_Ensure ()
0x00000000006b2baf in PyGILState_Ensure ()
0x00000000006104e0 in PyThread_tss_get ()
0x00000000006104e4 in PyThread_tss_get ()
0x00000000006104e7 in PyThread_tss_get ()
0x0000000000421760 in pthread_getspecific@plt ()
___pthread_getspecific (key=0) at ./nptl/pthread_getspecific.c:24
29	in ./nptl/pthread_getspecific.c
0x00007ffff7c9e697	29	in ./nptl/pthread_getspecific.c
30	in ./nptl/pthread_getspecific.c
0x00007ffff7c9e69b	30	in ./nptl/pthread_getspecific.c
0x00007ffff7c9e69f	30	in ./nptl/pthread_getspecific.c
0x00007ffff7c9e6a3	30	in ./nptl/pthread_getspecific.c
54	in ./nptl/pthread_getspecific.c
55	in ./nptl/pthread_getspecific.c
0x00007ffff7c9e6b3	55	in ./nptl/pthread_getspecific.c
59	in ./nptl/pthread_getspecific.c
0x00007ffff7c9e6b7	59	in ./nptl/pthread_getspecific.c
0x00007ffff7c9e6be	59	in ./nptl/pthread_getspecific.c
0x00007ffff7c9e6c1	59	in ./nptl/pthread_getspecific.c
0x00007ffff7c9e6c5	59	in ./nptl/pthread_getspecific.c
0x00007ffff7c9e6c9	59	in ./nptl/pthread_getspecific.c
0x00007ffff7c9e6cb	64	in ./nptl/pthread_getspecific.c
0x00007ffff7c9e6ce	64	in ./nptl/pthread_getspecific.c
0x00000000006b2bb4 in PyGILState_Ensure ()
0x00000000006b2bb7 in PyGILState_Ensure ()
0x00000000006b2bbd in PyGILState_Ensure ()
0x00000000006b2bc6 in PyGILState_Ensure ()
0x00000000006b2bc9 in PyGILState_Ensure ()
0x00000000006b2bce in PyGILState_Ensure ()
0x00000000006b2bd1 in PyGILState_Ensure ()
0x00000000006b2bde in PyGILState_Ensure ()
0x00000000006b2be1 in PyGILState_Ensure ()
0x00000000005fc4c0 in PyEval_RestoreThread ()
0x00000000005fc4c4 in PyEval_RestoreThread ()
0x00000000005fc4c5 in PyEval_RestoreThread ()
0x00000000005fc4c8 in PyEval_RestoreThread ()
0x00000000005fc4c9 in PyEval_RestoreThread ()
0x00000000005fc4cd in PyEval_RestoreThread ()
0x00000000005fc4d0 in PyEval_RestoreThread ()
0x00000000005fc4d6 in PyEval_RestoreThread ()
0x00000000005fc4d9 in PyEval_RestoreThread ()
0x00000000005fbbe0 in ?? ()
0x00000000005fbbe1 in ?? ()
0x00000000005fbbe4 in ?? ()
0x00000000005fbbe6 in ?? ()
0x00000000005fbbe8 in ?? ()
0x00000000005fbbea in ?? ()
0x00000000005fbbed in ?? ()
0x00000000005fbbef in ?? ()
0x00000000005fbbf0 in ?? ()
0x00000000005fbbf4 in ?? ()
0x00000000004214b0 in __errno_location@plt ()
__GI___errno_location () at ./csu/errno-loc.c:25
26	in ./csu/errno-loc.c
0x00007ffff7c2a6eb	26	in ./csu/errno-loc.c
0x00007ffff7c2a6f4	27	in ./csu/errno-loc.c
0x00000000005fbbf9 in ?? ()
0x00000000005fbbfc in ?? ()
0x00000000005fbbff in ?? ()
0x00000000005fbc01 in ?? ()
0x00000000005fbc04 in ?? ()
0x0000000000608330 in ?? ()
0x0000000000608334 in ?? ()
0x0000000000608335 in ?? ()
0x0000000000608338 in ?? ()
0x0000000000608339 in ?? ()
0x000000000060833d in ?? ()
0x0000000000608344 in ?? ()
0x000000000060834b in ?? ()
0x000000000060834e in ?? ()
0x0000000000608350 in ?? ()
0x0000000000608354 in ?? ()
0x0000000000608358 in ?? ()
0x000000000060835f in ?? ()
0x0000000000608362 in ?? ()
0x0000000000608364 in ?? ()
0x0000000000608367 in ?? ()
0x000000000060836d in ?? ()
0x000000000060836f in ?? ()
0x0000000000608373 in ?? ()
0x0000000000608374 in ?? ()
0x00000000005fbc09 in ?? ()
0x00000000005fbc0b in ?? ()
0x00000000005fbc11 in ?? ()
0x00000000005fbc15 in ?? ()
0x00000000005fbc1d in ?? ()
0x00000000005fbc25 in ?? ()
0x00000000005fbc29 in ?? ()
0x00000000005fbc2d in ?? ()
0x00000000005fbc30 in ?? ()
0x0000000000421c00 in pthread_mutex_lock@plt ()
___pthread_mutex_lock (mutex=0xb49288 <_PyRuntime+77512>) at ./nptl/pthread_mutex_lock.c:77
80	in ./nptl/pthread_mutex_lock.c
0x00007ffff7ca00d7	80	in ./nptl/pthread_mutex_lock.c
0x00007ffff7ca00d9	80	in ./nptl/pthread_mutex_lock.c
82	in ./nptl/pthread_mutex_lock.c
84	in ./nptl/pthread_mutex_lock.c
0x00007ffff7ca00e3	84	in ./nptl/pthread_mutex_lock.c
88	in ./nptl/pthread_mutex_lock.c
0x00007ffff7ca00ea	88	in ./nptl/pthread_mutex_lock.c
0x00007ffff7ca00ed	88	in ./nptl/pthread_mutex_lock.c
0x00007ffff7ca00ee	88	in ./nptl/pthread_mutex_lock.c
0x00007ffff7ca00f2	88	in ./nptl/pthread_mutex_lock.c
0x00007ffff7ca00f4	88	in ./nptl/pthread_mutex_lock.c
90	in ./nptl/pthread_mutex_lock.c
0x00007ffff7ca0101	90	in ./nptl/pthread_mutex_lock.c
0x00007ffff7ca0104	90	in ./nptl/pthread_mutex_lock.c
lll_mutex_lock_optimized (mutex=0xb49288 <_PyRuntime+77512>) at ./nptl/pthread_mutex_lock.c:44
44	in ./nptl/pthread_mutex_lock.c
45	in ./nptl/pthread_mutex_lock.c
0x00007ffff7ca010f	45	in ./nptl/pthread_mutex_lock.c
0x00007ffff7ca0111	45	in ./nptl/pthread_mutex_lock.c
0x00007ffff7ca0118	45	in ./nptl/pthread_mutex_lock.c
0x00007ffff7ca0150	45	in ./nptl/pthread_mutex_lock.c
0x00007ffff7ca0153	45	in ./nptl/pthread_mutex_lock.c
0x00007ffff7ca0156	45	in ./nptl/pthread_mutex_lock.c
46	in ./nptl/pthread_mutex_lock.c
0x00007ffff7ca015e	46	in ./nptl/pthread_mutex_lock.c
___pthread_mutex_lock (mutex=<optimized out>) at ./nptl/pthread_mutex_lock.c:94
94	in ./nptl/pthread_mutex_lock.c
0x00007ffff7ca012e	94	in ./nptl/pthread_mutex_lock.c
0x00007ffff7ca0130	94	in ./nptl/pthread_mutex_lock.c
179	in ./nptl/pthread_mutex_lock.c
182	in ./nptl/pthread_mutex_lock.c
184	in ./nptl/pthread_mutex_lock.c
187	in ./nptl/pthread_mutex_lock.c
189	in ./nptl/pthread_mutex_lock.c
0x00007ffff7ca0148	190	in ./nptl/pthread_mutex_lock.c
0x00007ffff7ca014c	190	in ./nptl/pthread_mutex_lock.c
0x00007ffff7ca014d	190	in ./nptl/pthread_mutex_lock.c
0x00000000005fbc35 in ?? ()
0x00000000005fbc38 in ?? ()
0x00000000005fbc3a in ?? ()
0x00000000005fbc40 in ?? ()
0x00000000005fbc43 in ?? ()
0x00000000005fbc47 in ?? ()
0x00000000005fbc49 in ?? ()
0x00000000005fbc4f in ?? ()
0x00000000005fbc56 in ?? ()
0x00000000005fbc59 in ?? ()
0x00000000005fbc5d in ?? ()
0x0000000000421c00 in pthread_mutex_lock@plt ()
___pthread_mutex_lock (mutex=0xb492e0 <_PyRuntime+77600>) at ./nptl/pthread_mutex_lock.c:77
77	in ./nptl/pthread_mutex_lock.c
80	in ./nptl/pthread_mutex_lock.c
0x00007ffff7ca00d7	80	in ./nptl/pthread_mutex_lock.c
0x00007ffff7ca00d9	80	in ./nptl/pthread_mutex_lock.c
82	in ./nptl/pthread_mutex_lock.c
84	in ./nptl/pthread_mutex_lock.c
0x00007ffff7ca00e3	84	in ./nptl/pthread_mutex_lock.c
88	in ./nptl/pthread_mutex_lock.c
0x00007ffff7ca00ea	88	in ./nptl/pthread_mutex_lock.c
0x00007ffff7ca00ed	88	in ./nptl/pthread_mutex_lock.c
0x00007ffff7ca00ee	88	in ./nptl/pthread_mutex_lock.c
0x00007ffff7ca00f2	88	in ./nptl/pthread_mutex_lock.c
0x00007ffff7ca00f4	88	in ./nptl/pthread_mutex_lock.c
90	in ./nptl/pthread_mutex_lock.c
0x00007ffff7ca0101	90	in ./nptl/pthread_mutex_lock.c
0x00007ffff7ca0104	90	in ./nptl/pthread_mutex_lock.c
lll_mutex_lock_optimized (mutex=0xb492e0 <_PyRuntime+77600>) at ./nptl/pthread_mutex_lock.c:44
44	in ./nptl/pthread_mutex_lock.c
45	in ./nptl/pthread_mutex_lock.c
0x00007ffff7ca010f	45	in ./nptl/pthread_mutex_lock.c
0x00007ffff7ca0111	45	in ./nptl/pthread_mutex_lock.c
0x00007ffff7ca0118	45	in ./nptl/pthread_mutex_lock.c
0x00007ffff7ca0150	45	in ./nptl/pthread_mutex_lock.c
0x00007ffff7ca0153	45	in ./nptl/pthread_mutex_lock.c
0x00007ffff7ca0156	45	in ./nptl/pthread_mutex_lock.c
46	in ./nptl/pthread_mutex_lock.c
0x00007ffff7ca015e	46	in ./nptl/pthread_mutex_lock.c
___pthread_mutex_lock (mutex=<optimized out>) at ./nptl/pthread_mutex_lock.c:94
94	in ./nptl/pthread_mutex_lock.c
0x00007ffff7ca012e	94	in ./nptl/pthread_mutex_lock.c
0x00007ffff7ca0130	94	in ./nptl/pthread_mutex_lock.c
179	in ./nptl/pthread_mutex_lock.c
182	in ./nptl/pthread_mutex_lock.c
184	in ./nptl/pthread_mutex_lock.c
187	in ./nptl/pthread_mutex_lock.c
189	in ./nptl/pthread_mutex_lock.c
0x00007ffff7ca0148	190	in ./nptl/pthread_mutex_lock.c
0x00007ffff7ca014c	190	in ./nptl/pthread_mutex_lock.c
0x00007ffff7ca014d	190	in ./nptl/pthread_mutex_lock.c
0x00000000005fbc62 in ?? ()
0x00000000005fbc64 in ?? ()
0x00000000005fbc6a in ?? ()
0x00000000005fbc71 in ?? ()
0x00000000005fbc75 in ?? ()
0x00000000005fbc78 in ?? ()
0x00000000005fbc7e in ?? ()
0x00000000005fbc82 in ?? ()
0x0000000000420470 in pthread_cond_signal@plt ()
___pthread_cond_signal (cond=0xb492b0 <_PyRuntime+77552>) at ./nptl/pthread_cond_signal.c:35
36	in ./nptl/pthread_cond_signal.c
0x00007ffff7c9b0a5	36	in ./nptl/pthread_cond_signal.c
0x00007ffff7c9b0a8	36	in ./nptl/pthread_cond_signal.c
0x00007ffff7c9b0aa	36	in ./nptl/pthread_cond_signal.c
0x00007ffff7c9b0ac	36	in ./nptl/pthread_cond_signal.c
0x00007ffff7c9b0ae	36	in ./nptl/pthread_cond_signal.c
0x00007ffff7c9b0b0	36	in ./nptl/pthread_cond_signal.c
0x00007ffff7c9b0b1	36	in ./nptl/pthread_cond_signal.c
0x00007ffff7c9b0b5	36	in ./nptl/pthread_cond_signal.c
41	in ./nptl/pthread_cond_signal.c
42	in ./nptl/pthread_cond_signal.c
0x00007ffff7c9b0bb	42	in ./nptl/pthread_cond_signal.c
0x00007ffff7c9b0be	42	in ./nptl/pthread_cond_signal.c
0x00007ffff7c9b15b	96	in ./nptl/pthread_cond_signal.c
0x00007ffff7c9b15f	96	in ./nptl/pthread_cond_signal.c
0x00007ffff7c9b161	96	in ./nptl/pthread_cond_signal.c
0x00007ffff7c9b162	96	in ./nptl/pthread_cond_signal.c
0x00007ffff7c9b164	96	in ./nptl/pthread_cond_signal.c
0x00007ffff7c9b166	96	in ./nptl/pthread_cond_signal.c
0x00007ffff7c9b168	96	in ./nptl/pthread_cond_signal.c
0x00007ffff7c9b16a	96	in ./nptl/pthread_cond_signal.c
0x00007ffff7c9b16b	96	in ./nptl/pthread_cond_signal.c
0x00000000005fbc87 in ?? ()
0x00000000005fbc89 in ?? ()
0x00000000005fbc8f in ?? ()
0x00000000005fbc93 in ?? ()
0x0000000000421db0 in pthread_mutex_unlock@plt ()
___pthread_mutex_unlock (mutex=0xb492e0 <_PyRuntime+77600>) at ./nptl/pthread_mutex_unlock.c:367
__GI___pthread_mutex_unlock_usercnt (decr=1, mutex=0xb492e0 <_PyRuntime+77600>) at ./nptl/pthread_mutex_unlock.c:51
51	in ./nptl/pthread_mutex_unlock.c
0x00007ffff7ca1b57	51	in ./nptl/pthread_mutex_unlock.c
0x00007ffff7ca1b59	51	in ./nptl/pthread_mutex_unlock.c
52	in ./nptl/pthread_mutex_unlock.c
0x00007ffff7ca1b61	52	in ./nptl/pthread_mutex_unlock.c
___pthread_mutex_unlock (mutex=0xb492e0 <_PyRuntime+77600>) at ./nptl/pthread_mutex_unlock.c:57
57	in ./nptl/pthread_mutex_unlock.c
0x00007ffff7ca1b64	57	in ./nptl/pthread_mutex_unlock.c
0x00007ffff7ca1b67	57	in ./nptl/pthread_mutex_unlock.c
0x00007ffff7ca1b6b in __GI___pthread_mutex_unlock_usercnt (decr=1, mutex=0xb492e0 <_PyRuntime+77600>) at ./nptl/pthread_mutex_unlock.c:57
57	in ./nptl/pthread_mutex_unlock.c
0x00007ffff7ca1b6d	57	in ./nptl/pthread_mutex_unlock.c
62	in ./nptl/pthread_mutex_unlock.c
0x00007ffff7ca1b73	62	in ./nptl/pthread_mutex_unlock.c
lll_mutex_unlock_optimized (mutex=0xb492e0 <_PyRuntime+77600>) at ./nptl/pthread_mutex_unlock.c:39
39	in ./nptl/pthread_mutex_unlock.c
40	in ./nptl/pthread_mutex_unlock.c
0x00007ffff7ca1b83	40	in ./nptl/pthread_mutex_unlock.c
0x00007ffff7ca1b85	40	in ./nptl/pthread_mutex_unlock.c
0x00007ffff7ca1b8c	40	in ./nptl/pthread_mutex_unlock.c
41	in ./nptl/pthread_mutex_unlock.c
__GI___pthread_mutex_unlock_usercnt (decr=1, mutex=<optimized out>) at ./nptl/pthread_mutex_unlock.c:70
70	in ./nptl/pthread_mutex_unlock.c
72	in ./nptl/pthread_mutex_unlock.c
0x00007ffff7ca1b97 in ___pthread_mutex_unlock (mutex=<optimized out>) at ./nptl/pthread_mutex_unlock.c:369
369	in ./nptl/pthread_mutex_unlock.c
0x00007ffff7ca1b98	369	in ./nptl/pthread_mutex_unlock.c
0x00000000005fbc98 in ?? ()
0x00000000005fbc9a in ?? ()
0x00000000005fbca0 in ?? ()
0x00000000005fbca3 in ?? ()
0x0000000000608330 in ?? ()
0x0000000000608334 in ?? ()
0x0000000000608335 in ?? ()
0x0000000000608338 in ?? ()
0x0000000000608339 in ?? ()
0x000000000060833d in ?? ()
0x0000000000608344 in ?? ()
0x000000000060834b in ?? ()
0x000000000060834e in ?? ()
0x0000000000608350 in ?? ()
0x0000000000608354 in ?? ()
0x0000000000608358 in ?? ()
0x000000000060835f in ?? ()
0x0000000000608362 in ?? ()
0x0000000000608364 in ?? ()
0x0000000000608367 in ?? ()
0x000000000060836d in ?? ()
0x000000000060836f in ?? ()
0x0000000000608373 in ?? ()
0x0000000000608374 in ?? ()
0x00000000005fbca8 in ?? ()
0x00000000005fbcaa in ?? ()
0x00000000005fbcac in ?? ()
0x00000000005fbcb2 in ?? ()
0x00000000005fbcba in ?? ()
0x00000000005fbcbc in ?? ()
0x00000000005fbcc2 in ?? ()
0x00000000005fbcca in ?? ()
0x00000000005fbcd0 in ?? ()
0x00000000005fbcd2 in ?? ()
0x00000000005fbcd8 in ?? ()
0x00000000005fbcdb in ?? ()
0x00000000005fbce3 in ?? ()
0x00000000005fbce6 in ?? ()
0x0000000000610060 in PyThread_get_thread_ident ()
0x0000000000610064 in PyThread_get_thread_ident ()
0x0000000000610065 in PyThread_get_thread_ident ()
0x0000000000610068 in PyThread_get_thread_ident ()
0x000000000061006c in PyThread_get_thread_ident ()
0x0000000000610072 in PyThread_get_thread_ident ()
0x0000000000610074 in PyThread_get_thread_ident ()
0x000000000061007a in PyThread_get_thread_ident ()
0x0000000000420ef0 in pthread_self@plt ()
__GI___pthread_self () at ./nptl/pthread_self.c:23
24	in ./nptl/pthread_self.c
0x00007ffff7ca37bd	24	in ./nptl/pthread_self.c
0x000000000061007f in PyThread_get_thread_ident ()
0x0000000000610083 in PyThread_get_thread_ident ()
0x0000000000610087 in PyThread_get_thread_ident ()
0x0000000000610088 in PyThread_get_thread_ident ()
0x00000000005fbceb in ?? ()
0x00000000005fbcf2 in ?? ()
0x00000000005fbcf5 in ?? ()
0x00000000005fbcfb in ?? ()
0x00000000005fbd02 in ?? ()
0x00000000005fbd08 in ?? ()
0x00000000005fbd0e in ?? ()
0x00000000005fbd16 in ?? ()
0x00000000005fbd19 in ?? ()
0x00000000005fbd1b in ?? ()
0x00000000005fbd1d in ?? ()
0x00000000005fbd1f in ?? ()
0x00000000005fbd22 in ?? ()
0x00000000005fbd25 in ?? ()
0x00000000005fbd27 in ?? ()
0x00000000005fbd2f in ?? ()
0x00000000005fbd31 in ?? ()
0x00000000005fbd39 in ?? ()
0x00000000005fbd41 in ?? ()
0x00000000005fbd47 in ?? ()
0x00000000005fbd4a in ?? ()
0x0000000000421db0 in pthread_mutex_unlock@plt ()
___pthread_mutex_unlock (mutex=0xb49288 <_PyRuntime+77512>) at ./nptl/pthread_mutex_unlock.c:367
__GI___pthread_mutex_unlock_usercnt (decr=1, mutex=0xb49288 <_PyRuntime+77512>) at ./nptl/pthread_mutex_unlock.c:51
51	in ./nptl/pthread_mutex_unlock.c
0x00007ffff7ca1b57	51	in ./nptl/pthread_mutex_unlock.c
0x00007ffff7ca1b59	51	in ./nptl/pthread_mutex_unlock.c
52	in ./nptl/pthread_mutex_unlock.c
0x00007ffff7ca1b61	52	in ./nptl/pthread_mutex_unlock.c
___pthread_mutex_unlock (mutex=0xb49288 <_PyRuntime+77512>) at ./nptl/pthread_mutex_unlock.c:57
57	in ./nptl/pthread_mutex_unlock.c
0x00007ffff7ca1b64	57	in ./nptl/pthread_mutex_unlock.c
0x00007ffff7ca1b67	57	in ./nptl/pthread_mutex_unlock.c
0x00007ffff7ca1b6b in __GI___pthread_mutex_unlock_usercnt (decr=1, mutex=0xb49288 <_PyRuntime+77512>) at ./nptl/pthread_mutex_unlock.c:57
57	in ./nptl/pthread_mutex_unlock.c
0x00007ffff7ca1b6d	57	in ./nptl/pthread_mutex_unlock.c
62	in ./nptl/pthread_mutex_unlock.c
0x00007ffff7ca1b73	62	in ./nptl/pthread_mutex_unlock.c
lll_mutex_unlock_optimized (mutex=0xb49288 <_PyRuntime+77512>) at ./nptl/pthread_mutex_unlock.c:39
39	in ./nptl/pthread_mutex_unlock.c
40	in ./nptl/pthread_mutex_unlock.c
0x00007ffff7ca1b83	40	in ./nptl/pthread_mutex_unlock.c
0x00007ffff7ca1b85	40	in ./nptl/pthread_mutex_unlock.c
0x00007ffff7ca1b8c	40	in ./nptl/pthread_mutex_unlock.c
41	in ./nptl/pthread_mutex_unlock.c
__GI___pthread_mutex_unlock_usercnt (decr=1, mutex=<optimized out>) at ./nptl/pthread_mutex_unlock.c:70
70	in ./nptl/pthread_mutex_unlock.c
72	in ./nptl/pthread_mutex_unlock.c
0x00007ffff7ca1b97 in ___pthread_mutex_unlock (mutex=<optimized out>) at ./nptl/pthread_mutex_unlock.c:369
369	in ./nptl/pthread_mutex_unlock.c
0x00007ffff7ca1b98	369	in ./nptl/pthread_mutex_unlock.c
0x00000000005fbd4f in ?? ()
0x00000000005fbd51 in ?? ()
0x00000000005fbd57 in ?? ()
0x00000000005fbd5a in ?? ()
0x00000000005fbd5d in ?? ()
0x00000000005fbd61 in ?? ()
0x00000000005fbd62 in ?? ()
0x00000000005fbd64 in ?? ()
0x00000000005fbd66 in ?? ()
0x00000000005fbd68 in ?? ()
0x00000000005fbd6a in ?? ()
0x00000000005fbd6b in ?? ()
0x00000000005fc4de in PyEval_RestoreThread ()
0x00000000005fc4e1 in PyEval_RestoreThread ()
0x00000000005fc4e5 in PyEval_RestoreThread ()
0x00000000005fc4e6 in PyEval_RestoreThread ()
0x00000000006082c0 in ?? ()
0x00000000006082c4 in ?? ()
0x00000000006082cd in ?? ()
0x00000000006082da in ?? ()
0x00000000006082dd in ?? ()
0x00000000006082e3 in ?? ()
0x00000000006082e6 in ?? ()
0x00000000006082e8 in ?? ()
0x00000000006082f1 in ?? ()
0x00000000006082f5 in ?? ()
0x00000000006082f8 in ?? ()
0x00000000006082fa in ?? ()
0x00000000006082fd in ?? ()
0x0000000000608300 in ?? ()
0x00000000006b2be6 in PyGILState_Ensure ()
0x00000000006b2be9 in PyGILState_Ensure ()
0x00000000006b2beb in PyGILState_Ensure ()
0x00000000006b2bd3 in PyGILState_Ensure ()
0x00000000006b2bd7 in PyGILState_Ensure ()
0x00000000006b2bda in PyGILState_Ensure ()
0x00000000006b2bdb in PyGILState_Ensure ()
0x00000000006b2bdc in PyGILState_Ensure ()
0x00000000006b2bdd in PyGILState_Ensure ()
0x00007fffe57c9628 in __Pyx_ErrOccurredWithGIL () at src/gala/integrate/cyintegrators/leapfrog.cpp:30419
30420	in src/gala/integrate/cyintegrators/leapfrog.cpp
0x00007fffe579e890 in PyErr_Occurred@plt () from /home/otherside123/venvs/gate2c1-trace/lib/python3.12/site-packages/gala/integrate/cyintegrators/leapfrog.cpython-312-x86_64-linux-gnu.so
0x00000000005f1620 in PyErr_Occurred ()
0x00000000005f1624 in PyErr_Occurred ()
0x00000000005f162b in PyErr_Occurred ()
0x00000000005f162f in PyErr_Occurred ()
0x00000000005f1633 in PyErr_Occurred ()
0x00000000005f1636 in PyErr_Occurred ()
0x00000000005f1638 in PyErr_Occurred ()
0x00007fffe57c9630 in __Pyx_ErrOccurredWithGIL () at src/gala/integrate/cyintegrators/leapfrog.cpp:30421
30421	in src/gala/integrate/cyintegrators/leapfrog.cpp
0x00007fffe57c9633	30420	in src/gala/integrate/cyintegrators/leapfrog.cpp
30421	in src/gala/integrate/cyintegrators/leapfrog.cpp
0x00007fffe579e6e0 in PyGILState_Release@plt () from /home/otherside123/venvs/gate2c1-trace/lib/python3.12/site-packages/gala/integrate/cyintegrators/leapfrog.cpython-312-x86_64-linux-gnu.so
0x00000000006b2bf0 in PyGILState_Release ()
0x00000000006b2bf4 in PyGILState_Release ()
0x00000000006b2bf5 in PyGILState_Release ()
0x00000000006b2bf8 in PyGILState_Release ()
0x00000000006b2bf9 in PyGILState_Release ()
0x00000000006b2bfb in PyGILState_Release ()
0x00000000006b2c00 in PyGILState_Release ()
0x00000000006b2c04 in PyGILState_Release ()
0x00000000006104e0 in PyThread_tss_get ()
0x00000000006104e4 in PyThread_tss_get ()
0x00000000006104e7 in PyThread_tss_get ()
0x0000000000421760 in pthread_getspecific@plt ()
___pthread_getspecific (key=0) at ./nptl/pthread_getspecific.c:24
29	in ./nptl/pthread_getspecific.c
0x00007ffff7c9e697	29	in ./nptl/pthread_getspecific.c
30	in ./nptl/pthread_getspecific.c
0x00007ffff7c9e69b	30	in ./nptl/pthread_getspecific.c
0x00007ffff7c9e69f	30	in ./nptl/pthread_getspecific.c
0x00007ffff7c9e6a3	30	in ./nptl/pthread_getspecific.c
54	in ./nptl/pthread_getspecific.c
55	in ./nptl/pthread_getspecific.c
0x00007ffff7c9e6b3	55	in ./nptl/pthread_getspecific.c
59	in ./nptl/pthread_getspecific.c
0x00007ffff7c9e6b7	59	in ./nptl/pthread_getspecific.c
0x00007ffff7c9e6be	59	in ./nptl/pthread_getspecific.c
0x00007ffff7c9e6c1	59	in ./nptl/pthread_getspecific.c
0x00007ffff7c9e6c5	59	in ./nptl/pthread_getspecific.c
0x00007ffff7c9e6c9	59	in ./nptl/pthread_getspecific.c
0x00007ffff7c9e6cb	64	in ./nptl/pthread_getspecific.c
0x00007ffff7c9e6ce	64	in ./nptl/pthread_getspecific.c
0x00000000006b2c09 in PyGILState_Release ()
0x00000000006b2c0c in PyGILState_Release ()
0x00000000006b2c12 in PyGILState_Release ()
0x00000000006b2c1b in PyGILState_Release ()
0x00000000006b2c21 in PyGILState_Release ()
0x00000000006b2c25 in PyGILState_Release ()
0x00000000006b2c2b in PyGILState_Release ()
0x00000000006b2c2e in PyGILState_Release ()
0x00000000006b2c37 in PyGILState_Release ()
0x00000000006b2c3b in PyGILState_Release ()
0x00000000006b2c3c in PyGILState_Release ()
0x00000000006b2c3d in PyGILState_Release ()
0x00000000005fc060 in PyEval_SaveThread ()
0x00000000005fc064 in PyEval_SaveThread ()
0x00000000005fc065 in PyEval_SaveThread ()
0x00000000005fc067 in PyEval_SaveThread ()
0x00000000005fc06a in PyEval_SaveThread ()
0x00000000005fc06c in PyEval_SaveThread ()
0x00000000005fc06e in PyEval_SaveThread ()
0x00000000005fc070 in PyEval_SaveThread ()
0x00000000005fc071 in PyEval_SaveThread ()
0x00000000006082c0 in ?? ()
0x00000000006082c4 in ?? ()
0x00000000006082cd in ?? ()
0x00000000006082da in ?? ()
0x00000000006082dd in ?? ()
0x00000000006082df in ?? ()
0x00000000006082e3 in ?? ()
0x00000000006082e6 in ?? ()
0x0000000000608308 in ?? ()
0x00000000005fc076 in PyEval_SaveThread ()
0x00000000005fc079 in PyEval_SaveThread ()
0x00000000005fc07f in PyEval_SaveThread ()
0x00000000005fc083 in PyEval_SaveThread ()
0x00000000005fc086 in PyEval_SaveThread ()
0x00000000005fc08d in PyEval_SaveThread ()
0x00000000005fc092 in PyEval_SaveThread ()
0x00000000005fc094 in PyEval_SaveThread ()
0x00000000005fc09a in PyEval_SaveThread ()
0x00000000005fc09f in PyEval_SaveThread ()
0x00000000005fc0a4 in PyEval_SaveThread ()
0x00000000005fc0a7 in PyEval_SaveThread ()
0x0000000000421c00 in pthread_mutex_lock@plt ()
___pthread_mutex_lock (mutex=0xb49288 <_PyRuntime+77512>) at ./nptl/pthread_mutex_lock.c:77
80	in ./nptl/pthread_mutex_lock.c
0x00007ffff7ca00d7	80	in ./nptl/pthread_mutex_lock.c
0x00007ffff7ca00d9	80	in ./nptl/pthread_mutex_lock.c
82	in ./nptl/pthread_mutex_lock.c
84	in ./nptl/pthread_mutex_lock.c
0x00007ffff7ca00e3	84	in ./nptl/pthread_mutex_lock.c
88	in ./nptl/pthread_mutex_lock.c
0x00007ffff7ca00ea	88	in ./nptl/pthread_mutex_lock.c
0x00007ffff7ca00ed	88	in ./nptl/pthread_mutex_lock.c
0x00007ffff7ca00ee	88	in ./nptl/pthread_mutex_lock.c
0x00007ffff7ca00f2	88	in ./nptl/pthread_mutex_lock.c
0x00007ffff7ca00f4	88	in ./nptl/pthread_mutex_lock.c
90	in ./nptl/pthread_mutex_lock.c
0x00007ffff7ca0101	90	in ./nptl/pthread_mutex_lock.c
0x00007ffff7ca0104	90	in ./nptl/pthread_mutex_lock.c
lll_mutex_lock_optimized (mutex=0xb49288 <_PyRuntime+77512>) at ./nptl/pthread_mutex_lock.c:44
44	in ./nptl/pthread_mutex_lock.c
45	in ./nptl/pthread_mutex_lock.c
0x00007ffff7ca010f	45	in ./nptl/pthread_mutex_lock.c
0x00007ffff7ca0111	45	in ./nptl/pthread_mutex_lock.c
0x00007ffff7ca0118	45	in ./nptl/pthread_mutex_lock.c
0x00007ffff7ca0150	45	in ./nptl/pthread_mutex_lock.c
0x00007ffff7ca0153	45	in ./nptl/pthread_mutex_lock.c
0x00007ffff7ca0156	45	in ./nptl/pthread_mutex_lock.c
46	in ./nptl/pthread_mutex_lock.c
0x00007ffff7ca015e	46	in ./nptl/pthread_mutex_lock.c
___pthread_mutex_lock (mutex=<optimized out>) at ./nptl/pthread_mutex_lock.c:94
94	in ./nptl/pthread_mutex_lock.c
0x00007ffff7ca012e	94	in ./nptl/pthread_mutex_lock.c
0x00007ffff7ca0130	94	in ./nptl/pthread_mutex_lock.c
179	in ./nptl/pthread_mutex_lock.c
182	in ./nptl/pthread_mutex_lock.c
184	in ./nptl/pthread_mutex_lock.c
187	in ./nptl/pthread_mutex_lock.c
189	in ./nptl/pthread_mutex_lock.c
0x00007ffff7ca0148	190	in ./nptl/pthread_mutex_lock.c
0x00007ffff7ca014c	190	in ./nptl/pthread_mutex_lock.c
0x00007ffff7ca014d	190	in ./nptl/pthread_mutex_lock.c
0x00000000005fc0ac in PyEval_SaveThread ()
0x00000000005fc0ae in PyEval_SaveThread ()
0x00000000005fc0b4 in PyEval_SaveThread ()
0x00000000005fc0bd in PyEval_SaveThread ()
0x00000000005fc0c2 in PyEval_SaveThread ()
0x0000000000420470 in pthread_cond_signal@plt ()
___pthread_cond_signal (cond=0xb49258 <_PyRuntime+77464>) at ./nptl/pthread_cond_signal.c:35
36	in ./nptl/pthread_cond_signal.c
0x00007ffff7c9b0a5	36	in ./nptl/pthread_cond_signal.c
0x00007ffff7c9b0a8	36	in ./nptl/pthread_cond_signal.c
0x00007ffff7c9b0aa	36	in ./nptl/pthread_cond_signal.c
0x00007ffff7c9b0ac	36	in ./nptl/pthread_cond_signal.c
0x00007ffff7c9b0ae	36	in ./nptl/pthread_cond_signal.c
0x00007ffff7c9b0b0	36	in ./nptl/pthread_cond_signal.c
0x00007ffff7c9b0b1	36	in ./nptl/pthread_cond_signal.c
0x00007ffff7c9b0b5	36	in ./nptl/pthread_cond_signal.c
41	in ./nptl/pthread_cond_signal.c
42	in ./nptl/pthread_cond_signal.c
0x00007ffff7c9b0bb	42	in ./nptl/pthread_cond_signal.c
0x00007ffff7c9b0be	42	in ./nptl/pthread_cond_signal.c
0x00007ffff7c9b15b	96	in ./nptl/pthread_cond_signal.c
0x00007ffff7c9b15f	96	in ./nptl/pthread_cond_signal.c
0x00007ffff7c9b161	96	in ./nptl/pthread_cond_signal.c
0x00007ffff7c9b162	96	in ./nptl/pthread_cond_signal.c
0x00007ffff7c9b164	96	in ./nptl/pthread_cond_signal.c
0x00007ffff7c9b166	96	in ./nptl/pthread_cond_signal.c
0x00007ffff7c9b168	96	in ./nptl/pthread_cond_signal.c
0x00007ffff7c9b16a	96	in ./nptl/pthread_cond_signal.c
0x00007ffff7c9b16b	96	in ./nptl/pthread_cond_signal.c
0x00000000005fc0c7 in PyEval_SaveThread ()
0x00000000005fc0c9 in PyEval_SaveThread ()
0x00000000005fc0cf in PyEval_SaveThread ()
0x00000000005fc0d2 in PyEval_SaveThread ()
0x0000000000421db0 in pthread_mutex_unlock@plt ()
___pthread_mutex_unlock (mutex=0xb49288 <_PyRuntime+77512>) at ./nptl/pthread_mutex_unlock.c:367
__GI___pthread_mutex_unlock_usercnt (decr=1, mutex=0xb49288 <_PyRuntime+77512>) at ./nptl/pthread_mutex_unlock.c:51
51	in ./nptl/pthread_mutex_unlock.c
0x00007ffff7ca1b57	51	in ./nptl/pthread_mutex_unlock.c
0x00007ffff7ca1b59	51	in ./nptl/pthread_mutex_unlock.c
52	in ./nptl/pthread_mutex_unlock.c
0x00007ffff7ca1b61	52	in ./nptl/pthread_mutex_unlock.c
___pthread_mutex_unlock (mutex=0xb49288 <_PyRuntime+77512>) at ./nptl/pthread_mutex_unlock.c:57
57	in ./nptl/pthread_mutex_unlock.c
0x00007ffff7ca1b64	57	in ./nptl/pthread_mutex_unlock.c
0x00007ffff7ca1b67	57	in ./nptl/pthread_mutex_unlock.c
0x00007ffff7ca1b6b in __GI___pthread_mutex_unlock_usercnt (decr=1, mutex=0xb49288 <_PyRuntime+77512>) at ./nptl/pthread_mutex_unlock.c:57
57	in ./nptl/pthread_mutex_unlock.c
0x00007ffff7ca1b6d	57	in ./nptl/pthread_mutex_unlock.c
62	in ./nptl/pthread_mutex_unlock.c
0x00007ffff7ca1b73	62	in ./nptl/pthread_mutex_unlock.c
lll_mutex_unlock_optimized (mutex=0xb49288 <_PyRuntime+77512>) at ./nptl/pthread_mutex_unlock.c:39
39	in ./nptl/pthread_mutex_unlock.c
40	in ./nptl/pthread_mutex_unlock.c
0x00007ffff7ca1b83	40	in ./nptl/pthread_mutex_unlock.c
0x00007ffff7ca1b85	40	in ./nptl/pthread_mutex_unlock.c
0x00007ffff7ca1b8c	40	in ./nptl/pthread_mutex_unlock.c
41	in ./nptl/pthread_mutex_unlock.c
__GI___pthread_mutex_unlock_usercnt (decr=1, mutex=<optimized out>) at ./nptl/pthread_mutex_unlock.c:70
70	in ./nptl/pthread_mutex_unlock.c
72	in ./nptl/pthread_mutex_unlock.c
0x00007ffff7ca1b97 in ___pthread_mutex_unlock (mutex=<optimized out>) at ./nptl/pthread_mutex_unlock.c:369
369	in ./nptl/pthread_mutex_unlock.c
0x00007ffff7ca1b98	369	in ./nptl/pthread_mutex_unlock.c
0x00000000005fc0d7 in PyEval_SaveThread ()
0x00000000005fc0d9 in PyEval_SaveThread ()
0x00000000005fc0df in PyEval_SaveThread ()
0x00000000005fc0e6 in PyEval_SaveThread ()
0x00000000005fc0e8 in PyEval_SaveThread ()
0x00000000005fc0ea in PyEval_SaveThread ()
0x00000000005fc0ed in PyEval_SaveThread ()
0x00000000005fc0ee in PyEval_SaveThread ()
0x00000000005fc0f0 in PyEval_SaveThread ()
0x00000000005fc0f2 in PyEval_SaveThread ()
0x00000000005fc0f4 in PyEval_SaveThread ()
0x00000000005fc0f5 in PyEval_SaveThread ()
__pyx_f_4gala_9integrate_13cyintegrators_8leapfrog_leapfrog_integrate_hamiltonian (__pyx_skip_dispatch=1, __pyx_v_hamiltonian=<optimized out>, __pyx_v_w0=..., __pyx_v_t=..., __pyx_optional_args=<synthetic pointer>) at src/gala/integrate/cyintegrators/leapfrog.cpp:30422
0x00007fffe57c963e	30422	in src/gala/integrate/cyintegrators/leapfrog.cpp
21964	in src/gala/integrate/cyintegrators/leapfrog.cpp
0x00007fffe57c9648	21964	in src/gala/integrate/cyintegrators/leapfrog.cpp
0x00007fffe57c964a	21964	in src/gala/integrate/cyintegrators/leapfrog.cpp
21978	in src/gala/integrate/cyintegrators/leapfrog.cpp
0x00007fffe57cad07	21978	in src/gala/integrate/cyintegrators/leapfrog.cpp
0x00007fffe57cad09	21978	in src/gala/integrate/cyintegrators/leapfrog.cpp
0x00007fffe57cad0f	21978	in src/gala/integrate/cyintegrators/leapfrog.cpp
0x00007fffe57cad17	21978	in src/gala/integrate/cyintegrators/leapfrog.cpp
0x00007fffe57cad1f	21978	in src/gala/integrate/cyintegrators/leapfrog.cpp
0x00007fffe57cad22	21978	in src/gala/integrate/cyintegrators/leapfrog.cpp
0x00007fffe57cad24	21978	in src/gala/integrate/cyintegrators/leapfrog.cpp
0x00007fffe57cad28	21978	in src/gala/integrate/cyintegrators/leapfrog.cpp
21992	in src/gala/integrate/cyintegrators/leapfrog.cpp
0x00007fffe57cad32	21992	in src/gala/integrate/cyintegrators/leapfrog.cpp
0x00007fffe57cad34	21992	in src/gala/integrate/cyintegrators/leapfrog.cpp
0x00007fffe57cad3a	21992	in src/gala/integrate/cyintegrators/leapfrog.cpp
0x00007fffe57cad3c	21992	in src/gala/integrate/cyintegrators/leapfrog.cpp
0x00007fffe57cad3f	21992	in src/gala/integrate/cyintegrators/leapfrog.cpp
0x00007fffe57cad47	21992	in src/gala/integrate/cyintegrators/leapfrog.cpp
0x00007fffe57cad49	21992	in src/gala/integrate/cyintegrators/leapfrog.cpp
0x00007fffe57cad4d	21992	in src/gala/integrate/cyintegrators/leapfrog.cpp
0x00007fffe57cad51	21992	in src/gala/integrate/cyintegrators/leapfrog.cpp
0x00007fffe57cad54	21992	in src/gala/integrate/cyintegrators/leapfrog.cpp
0x00007fffe57cad5a	21992	in src/gala/integrate/cyintegrators/leapfrog.cpp
0x00007fffe57cad5e	21992	in src/gala/integrate/cyintegrators/leapfrog.cpp
0x00007fffe57cb3f2 in Py_DECREF (op=<optimized out>) at /opt/_internal/cpython-3.12.14/include/python3.12/object.h:705
0x00007fffe57cb3f5 in __pyx_f_4gala_9integrate_13cyintegrators_8leapfrog_leapfrog_integrate_hamiltonian (__pyx_skip_dispatch=1, __pyx_v_hamiltonian=<optimized out>, __pyx_v_w0=..., __pyx_v_t=..., __pyx_optional_args=<synthetic pointer>) at src/gala/integrate/cyintegrators/leapfrog.cpp:21357
0x00007fffe57cb3f7	21357	in src/gala/integrate/cyintegrators/leapfrog.cpp
22008	in src/gala/integrate/cyintegrators/leapfrog.cpp
0x00007fffe57cb405	22008	in src/gala/integrate/cyintegrators/leapfrog.cpp
0x00007fffe57cb408	22008	in src/gala/integrate/cyintegrators/leapfrog.cpp
21992	in src/gala/integrate/cyintegrators/leapfrog.cpp
0x00007fffe57cb411	21992	in src/gala/integrate/cyintegrators/leapfrog.cpp
0x00007fffe57cb414	21992	in src/gala/integrate/cyintegrators/leapfrog.cpp
0x00007fffe57cb416	21992	in src/gala/integrate/cyintegrators/leapfrog.cpp
21978	in src/gala/integrate/cyintegrators/leapfrog.cpp
0x00007fffe57cadb2	21978	in src/gala/integrate/cyintegrators/leapfrog.cpp
0x00007fffe57cadb6	21978	in src/gala/integrate/cyintegrators/leapfrog.cpp
0x00007fffe57cadb9	21978	in src/gala/integrate/cyintegrators/leapfrog.cpp
0x00007fffe57cadc1	21978	in src/gala/integrate/cyintegrators/leapfrog.cpp
0x00007fffe57cadc4	21978	in src/gala/integrate/cyintegrators/leapfrog.cpp
0x00007fffe57cadcc	21978	in src/gala/integrate/cyintegrators/leapfrog.cpp
0x00007fffe57cad51	21992	in src/gala/integrate/cyintegrators/leapfrog.cpp
0x00007fffe57cad54	21992	in src/gala/integrate/cyintegrators/leapfrog.cpp
0x00007fffe57cad5a	21992	in src/gala/integrate/cyintegrators/leapfrog.cpp
0x00007fffe57cad5e	21992	in src/gala/integrate/cyintegrators/leapfrog.cpp
0x00007fffe57cb3f2 in Py_DECREF (op=<optimized out>) at /opt/_internal/cpython-3.12.14/include/python3.12/object.h:705
0x00007fffe57cb3f5 in __pyx_f_4gala_9integrate_13cyintegrators_8leapfrog_leapfrog_integrate_hamiltonian (__pyx_skip_dispatch=1, __pyx_v_hamiltonian=<optimized out>, __pyx_v_w0=..., __pyx_v_t=..., __pyx_optional_args=<synthetic pointer>) at src/gala/integrate/cyintegrators/leapfrog.cpp:21357
0x00007fffe57cb3f7	21357	in src/gala/integrate/cyintegrators/leapfrog.cpp
22008	in src/gala/integrate/cyintegrators/leapfrog.cpp
0x00007fffe57cb405	22008	in src/gala/integrate/cyintegrators/leapfrog.cpp
0x00007fffe57cb408	22008	in src/gala/integrate/cyintegrators/leapfrog.cpp
21992	in src/gala/integrate/cyintegrators/leapfrog.cpp
0x00007fffe57cb411	21992	in src/gala/integrate/cyintegrators/leapfrog.cpp
0x00007fffe57cb414	21992	in src/gala/integrate/cyintegrators/leapfrog.cpp
0x00007fffe57cb416	21992	in src/gala/integrate/cyintegrators/leapfrog.cpp
21978	in src/gala/integrate/cyintegrators/leapfrog.cpp
0x00007fffe57cadb2	21978	in src/gala/integrate/cyintegrators/leapfrog.cpp
0x00007fffe57cadb6	21978	in src/gala/integrate/cyintegrators/leapfrog.cpp
0x00007fffe57cadb9	21978	in src/gala/integrate/cyintegrators/leapfrog.cpp
0x00007fffe57cadc1	21978	in src/gala/integrate/cyintegrators/leapfrog.cpp
0x00007fffe57cadc4	21978	in src/gala/integrate/cyintegrators/leapfrog.cpp
0x00007fffe57cadcc	21978	in src/gala/integrate/cyintegrators/leapfrog.cpp
0x00007fffe57cad51	21992	in src/gala/integrate/cyintegrators/leapfrog.cpp
0x00007fffe57cad54	21992	in src/gala/integrate/cyintegrators/leapfrog.cpp
0x00007fffe57cad5a	21992	in src/gala/integrate/cyintegrators/leapfrog.cpp
0x00007fffe57cad5e	21992	in src/gala/integrate/cyintegrators/leapfrog.cpp
0x00007fffe57cb3f2 in Py_DECREF (op=<optimized out>) at /opt/_internal/cpython-3.12.14/include/python3.12/object.h:705
0x00007fffe57cb3f5 in __pyx_f_4gala_9integrate_13cyintegrators_8leapfrog_leapfrog_integrate_hamiltonian (__pyx_skip_dispatch=1, __pyx_v_hamiltonian=<optimized out>, __pyx_v_w0=..., __pyx_v_t=..., __pyx_optional_args=<synthetic pointer>) at src/gala/integrate/cyintegrators/leapfrog.cpp:21357
0x00007fffe57cb3f7	21357	in src/gala/integrate/cyintegrators/leapfrog.cpp
22008	in src/gala/integrate/cyintegrators/leapfrog.cpp
0x00007fffe57cb405	22008	in src/gala/integrate/cyintegrators/leapfrog.cpp
0x00007fffe57cb408	22008	in src/gala/integrate/cyintegrators/leapfrog.cpp
21992	in src/gala/integrate/cyintegrators/leapfrog.cpp
0x00007fffe57cb411	21992	in src/gala/integrate/cyintegrators/leapfrog.cpp
0x00007fffe57cb414	21992	in src/gala/integrate/cyintegrators/leapfrog.cpp
0x00007fffe57cb416	21992	in src/gala/integrate/cyintegrators/leapfrog.cpp
21978	in src/gala/integrate/cyintegrators/leapfrog.cpp
0x00007fffe57cadb2	21978	in src/gala/integrate/cyintegrators/leapfrog.cpp
0x00007fffe57cadb6	21978	in src/gala/integrate/cyintegrators/leapfrog.cpp
0x00007fffe57cadb9	21978	in src/gala/integrate/cyintegrators/leapfrog.cpp
0x00007fffe57cadc1	21978	in src/gala/integrate/cyintegrators/leapfrog.cpp
0x00007fffe57cadc4	21978	in src/gala/integrate/cyintegrators/leapfrog.cpp
0x00007fffe57cadcc	21978	in src/gala/integrate/cyintegrators/leapfrog.cpp
0x00007fffe57cad51	21992	in src/gala/integrate/cyintegrators/leapfrog.cpp
0x00007fffe57cad54	21992	in src/gala/integrate/cyintegrators/leapfrog.cpp
0x00007fffe57cad5a	21992	in src/gala/integrate/cyintegrators/leapfrog.cpp
0x00007fffe57cad5e	21992	in src/gala/integrate/cyintegrators/leapfrog.cpp
0x00007fffe57cb3f2 in Py_DECREF (op=<optimized out>) at /opt/_internal/cpython-3.12.14/include/python3.12/object.h:705
0x00007fffe57cb3f5 in __pyx_f_4gala_9integrate_13cyintegrators_8leapfrog_leapfrog_integrate_hamiltonian (__pyx_skip_dispatch=1, __pyx_v_hamiltonian=<optimized out>, __pyx_v_w0=..., __pyx_v_t=..., __pyx_optional_args=<synthetic pointer>) at src/gala/integrate/cyintegrators/leapfrog.cpp:21357
0x00007fffe57cb3f7	21357	in src/gala/integrate/cyintegrators/leapfrog.cpp
22008	in src/gala/integrate/cyintegrators/leapfrog.cpp
0x00007fffe57cb405	22008	in src/gala/integrate/cyintegrators/leapfrog.cpp
0x00007fffe57cb408	22008	in src/gala/integrate/cyintegrators/leapfrog.cpp
21992	in src/gala/integrate/cyintegrators/leapfrog.cpp
0x00007fffe57cb411	21992	in src/gala/integrate/cyintegrators/leapfrog.cpp
0x00007fffe57cb414	21992	in src/gala/integrate/cyintegrators/leapfrog.cpp
0x00007fffe57cb416	21992	in src/gala/integrate/cyintegrators/leapfrog.cpp
21978	in src/gala/integrate/cyintegrators/leapfrog.cpp
0x00007fffe57cadb2	21978	in src/gala/integrate/cyintegrators/leapfrog.cpp
0x00007fffe57cadb6	21978	in src/gala/integrate/cyintegrators/leapfrog.cpp
0x00007fffe57cadb9	21978	in src/gala/integrate/cyintegrators/leapfrog.cpp
0x00007fffe57cadc1	21978	in src/gala/integrate/cyintegrators/leapfrog.cpp
0x00007fffe57cadc4	21978	in src/gala/integrate/cyintegrators/leapfrog.cpp
0x00007fffe57cadcc	21978	in src/gala/integrate/cyintegrators/leapfrog.cpp
0x00007fffe57cadd2	21978	in src/gala/integrate/cyintegrators/leapfrog.cpp
21882	in src/gala/integrate/cyintegrators/leapfrog.cpp
0x00007fffe57c9658	21882	in src/gala/integrate/cyintegrators/leapfrog.cpp
0x00007fffe57c965c	21882	in src/gala/integrate/cyintegrators/leapfrog.cpp
0x00007fffe57c9661	21882	in src/gala/integrate/cyintegrators/leapfrog.cpp
0x00007fffe57c9669	21882	in src/gala/integrate/cyintegrators/leapfrog.cpp
0x00007fffe57c966c	21882	in src/gala/integrate/cyintegrators/leapfrog.cpp
21898	in src/gala/integrate/cyintegrators/leapfrog.cpp
0x00007fffe57c95cb	21898	in src/gala/integrate/cyintegrators/leapfrog.cpp
0x00007fffe57c95cd	21899	in src/gala/integrate/cyintegrators/leapfrog.cpp
0x00007fffe57c95d5	21899	in src/gala/integrate/cyintegrators/leapfrog.cpp
0x00007fffe57c95da	21899	in src/gala/integrate/cyintegrators/leapfrog.cpp
0x00007fffe57c95dc	21899	in src/gala/integrate/cyintegrators/leapfrog.cpp
0x00007fffe579e350 in memset@plt () from /home/otherside123/venvs/gate2c1-trace/lib/python3.12/site-packages/gala/integrate/cyintegrators/leapfrog.cpython-312-x86_64-linux-gnu.so
__memset_avx2_unaligned_erms () at ../sysdeps/x86_64/multiarch/memset-vec-unaligned-erms.S:158
159	in ../sysdeps/x86_64/multiarch/memset-vec-unaligned-erms.S
0x00007ffff7d89788	159	in ../sysdeps/x86_64/multiarch/memset-vec-unaligned-erms.S
164	in ../sysdeps/x86_64/multiarch/memset-vec-unaligned-erms.S
165	in ../sysdeps/x86_64/multiarch/memset-vec-unaligned-erms.S
337	in ../sysdeps/x86_64/multiarch/memset-vec-unaligned-erms.S
346	in ../sysdeps/x86_64/multiarch/memset-vec-unaligned-erms.S
347	in ../sysdeps/x86_64/multiarch/memset-vec-unaligned-erms.S
378	in ../sysdeps/x86_64/multiarch/memset-vec-unaligned-erms.S
379	in ../sysdeps/x86_64/multiarch/memset-vec-unaligned-erms.S
380	in ../sysdeps/x86_64/multiarch/memset-vec-unaligned-erms.S
__pyx_f_4gala_9integrate_13cyintegrators_8leapfrog_leapfrog_integrate_hamiltonian (__pyx_skip_dispatch=1, __pyx_v_hamiltonian=<optimized out>, __pyx_v_w0=..., __pyx_v_t=..., __pyx_optional_args=<synthetic pointer>) at src/gala/integrate/cyintegrators/leapfrog.cpp:21953
0x00007fffe57c95e5	21953	in src/gala/integrate/cyintegrators/leapfrog.cpp
0x00007fffe57c95eb	21953	in src/gala/integrate/cyintegrators/leapfrog.cpp
0x00007fffe57c95ee	21953	in src/gala/integrate/cyintegrators/leapfrog.cpp
0x00007fffe57c95f1	21953	in src/gala/integrate/cyintegrators/leapfrog.cpp
0x00007fffe57c95f5	21953	in src/gala/integrate/cyintegrators/leapfrog.cpp
0x00007fffe57c95fa	21953	in src/gala/integrate/cyintegrators/leapfrog.cpp
0x00007fffe57c9603	21953	in src/gala/integrate/cyintegrators/leapfrog.cpp
0x00007fffe57c960a	21953	in src/gala/integrate/cyintegrators/leapfrog.cpp
0x00007fffe57c9612	21953	in src/gala/integrate/cyintegrators/leapfrog.cpp
0x00007fffe57c961a	21953	in src/gala/integrate/cyintegrators/leapfrog.cpp

Breakpoint -2, __pyx_f_4gala_9integrate_13cyintegrators_8leapfrog_c_leapfrog_step (__pyx_v_p=0x28cdd20, __pyx_v_n=1, __pyx_v_half_ndim=2, __pyx_v_t=0.0625, __pyx_v_dt=0.015625, __pyx_v_x_jm1=0x29fdcb0, __pyx_v_v_jm1=0x29fdcc0, __pyx_v_v_jm1_2=0x2879a40, __pyx_v_grad=0x2e9eed0) at src/gala/integrate/cyintegrators/leapfrog.cpp:21212
21212	in src/gala/integrate/cyintegrators/leapfrog.cpp
0x00007fffe57ad782	21212	in src/gala/integrate/cyintegrators/leapfrog.cpp
0x00007fffe57ad784	21212	in src/gala/integrate/cyintegrators/leapfrog.cpp
0x00007fffe57ad786	21212	in src/gala/integrate/cyintegrators/leapfrog.cpp
0x00007fffe57ad788	21212	in src/gala/integrate/cyintegrators/leapfrog.cpp
0x00007fffe57ad789	21212	in src/gala/integrate/cyintegrators/leapfrog.cpp
0x00007fffe57ad78a	21212	in src/gala/integrate/cyintegrators/leapfrog.cpp
0x00007fffe57ad78d	21212	in src/gala/integrate/cyintegrators/leapfrog.cpp
21215	in src/gala/integrate/cyintegrators/leapfrog.cpp
0x00007fffe57ad792	21190	in src/gala/integrate/cyintegrators/leapfrog.cpp
0x00007fffe57ad796	21190	in src/gala/integrate/cyintegrators/leapfrog.cpp
0x00007fffe57ad79b	21215	in src/gala/integrate/cyintegrators/leapfrog.cpp
0x00007fffe57ad79d	21215	in src/gala/integrate/cyintegrators/leapfrog.cpp
0x00007fffe57ad7a3	21215	in src/gala/integrate/cyintegrators/leapfrog.cpp
0x00007fffe57ad7a6	21215	in src/gala/integrate/cyintegrators/leapfrog.cpp
0x00007fffe57ad7ab	21215	in src/gala/integrate/cyintegrators/leapfrog.cpp
0x00007fffe57ad7ae	21215	in src/gala/integrate/cyintegrators/leapfrog.cpp
0x00007fffe57ad7b1	21215	in src/gala/integrate/cyintegrators/leapfrog.cpp
0x00007fffe57ad7b4	21215	in src/gala/integrate/cyintegrators/leapfrog.cpp
0x00007fffe57ad7b7	21215	in src/gala/integrate/cyintegrators/leapfrog.cpp
0x00007fffe57ad7bd	21215	in src/gala/integrate/cyintegrators/leapfrog.cpp
21229	in src/gala/integrate/cyintegrators/leapfrog.cpp
0x00007fffe57ad7c2	21229	in src/gala/integrate/cyintegrators/leapfrog.cpp
0x00007fffe57ad7c4	21229	in src/gala/integrate/cyintegrators/leapfrog.cpp
0x00007fffe57ad7cf	21229	in src/gala/integrate/cyintegrators/leapfrog.cpp
0x00007fffe57ad7da	21229	in src/gala/integrate/cyintegrators/leapfrog.cpp
0x00007fffe57ad7e5	21229	in src/gala/integrate/cyintegrators/leapfrog.cpp
0x00007fffe57ad7f0	21229	in src/gala/integrate/cyintegrators/leapfrog.cpp
0x00007fffe57ad7fb	21229	in src/gala/integrate/cyintegrators/leapfrog.cpp
21239	in src/gala/integrate/cyintegrators/leapfrog.cpp
0x00007fffe57ad803	21239	in src/gala/integrate/cyintegrators/leapfrog.cpp
0x00007fffe57ad808	21229	in src/gala/integrate/cyintegrators/leapfrog.cpp
0x00007fffe57ad80b	21239	in src/gala/integrate/cyintegrators/leapfrog.cpp
0x00007fffe57ad811	21239	in src/gala/integrate/cyintegrators/leapfrog.cpp
0x00007fffe57ad815	21229	in src/gala/integrate/cyintegrators/leapfrog.cpp
0x00007fffe57ad818	21239	in src/gala/integrate/cyintegrators/leapfrog.cpp
0x00007fffe57ad81d	21239	in src/gala/integrate/cyintegrators/leapfrog.cpp
21229	in src/gala/integrate/cyintegrators/leapfrog.cpp
0x00007fffe57ad825	21229	in src/gala/integrate/cyintegrators/leapfrog.cpp
21215	in src/gala/integrate/cyintegrators/leapfrog.cpp
0x00007fffe57ad82b	21215	in src/gala/integrate/cyintegrators/leapfrog.cpp
0x00007fffe57ad82e	21215	in src/gala/integrate/cyintegrators/leapfrog.cpp
0x00007fffe57ad830	21215	in src/gala/integrate/cyintegrators/leapfrog.cpp
0x00007fffe57ad832	21215	in src/gala/integrate/cyintegrators/leapfrog.cpp
0x00007fffe57ad835	21215	in src/gala/integrate/cyintegrators/leapfrog.cpp
21229	in src/gala/integrate/cyintegrators/leapfrog.cpp
0x00007fffe57ad7c2	21229	in src/gala/integrate/cyintegrators/leapfrog.cpp
0x00007fffe57ad7c4	21229	in src/gala/integrate/cyintegrators/leapfrog.cpp
0x00007fffe57ad7cf	21229	in src/gala/integrate/cyintegrators/leapfrog.cpp
0x00007fffe57ad7da	21229	in src/gala/integrate/cyintegrators/leapfrog.cpp
0x00007fffe57ad7e5	21229	in src/gala/integrate/cyintegrators/leapfrog.cpp
0x00007fffe57ad7f0	21229	in src/gala/integrate/cyintegrators/leapfrog.cpp
0x00007fffe57ad7fb	21229	in src/gala/integrate/cyintegrators/leapfrog.cpp
21239	in src/gala/integrate/cyintegrators/leapfrog.cpp
0x00007fffe57ad803	21239	in src/gala/integrate/cyintegrators/leapfrog.cpp
0x00007fffe57ad808	21229	in src/gala/integrate/cyintegrators/leapfrog.cpp
0x00007fffe57ad80b	21239	in src/gala/integrate/cyintegrators/leapfrog.cpp
0x00007fffe57ad811	21239	in src/gala/integrate/cyintegrators/leapfrog.cpp
0x00007fffe57ad815	21229	in src/gala/integrate/cyintegrators/leapfrog.cpp
0x00007fffe57ad818	21239	in src/gala/integrate/cyintegrators/leapfrog.cpp
0x00007fffe57ad81d	21239	in src/gala/integrate/cyintegrators/leapfrog.cpp
21229	in src/gala/integrate/cyintegrators/leapfrog.cpp
0x00007fffe57ad825	21229	in src/gala/integrate/cyintegrators/leapfrog.cpp
21215	in src/gala/integrate/cyintegrators/leapfrog.cpp
0x00007fffe57ad82b	21215	in src/gala/integrate/cyintegrators/leapfrog.cpp
0x00007fffe57ad82e	21215	in src/gala/integrate/cyintegrators/leapfrog.cpp
0x00007fffe57ad830	21215	in src/gala/integrate/cyintegrators/leapfrog.cpp
21253	in src/gala/integrate/cyintegrators/leapfrog.cpp
0x00007fffe57ad843	21253	in src/gala/integrate/cyintegrators/leapfrog.cpp
0x00007fffe57ad846	21253	in src/gala/integrate/cyintegrators/leapfrog.cpp
0x00007fffe579e7c0 in c_gradient(_CPotential*, unsigned long, double, double*, double*)@plt () from /home/otherside123/venvs/gate2c1-trace/lib/python3.12/site-packages/gala/integrate/cyintegrators/leapfrog.cpython-312-x86_64-linux-gnu.so
c_gradient (p=0x28cdd20, N=1, t=0.0625, qp=0x29fdcb0, grad=0x2e9eed0) at src/gala/potential/potential/src/cpotential.cpp:223
0x00007fffe57cd3f2	223	in src/gala/potential/potential/src/cpotential.cpp
0x00007fffe57cd3f4	223	in src/gala/potential/potential/src/cpotential.cpp
0x00007fffe57cd3f7	223	in src/gala/potential/potential/src/cpotential.cpp
0x00007fffe57cd3f9	223	in src/gala/potential/potential/src/cpotential.cpp
0x00007fffe57cd3fc	223	in src/gala/potential/potential/src/cpotential.cpp
0x00007fffe57cd3fe	223	in src/gala/potential/potential/src/cpotential.cpp
0x00007fffe57cd3ff	223	in src/gala/potential/potential/src/cpotential.cpp
0x00007fffe57cd400	223	in src/gala/potential/potential/src/cpotential.cpp
0x00007fffe57cd404	238	in src/gala/potential/potential/src/cpotential.cpp
0x00007fffe57cd408	223	in src/gala/potential/potential/src/cpotential.cpp
0x00007fffe57cd40b	214	in src/gala/potential/potential/src/cpotential.cpp
0x00007fffe57cd410	238	in src/gala/potential/potential/src/cpotential.cpp
0x00007fffe57cd413	214	in src/gala/potential/potential/src/cpotential.cpp
0x00007fffe57cd418	238	in src/gala/potential/potential/src/cpotential.cpp
0x00007fffe57cd41c	223	in src/gala/potential/potential/src/cpotential.cpp
0x00007fffe57cd41e	223	in src/gala/potential/potential/src/cpotential.cpp
0x00007fffe57cd424	224	in src/gala/potential/potential/src/cpotential.cpp
0x00007fffe57cd428	224	in src/gala/potential/potential/src/cpotential.cpp
0x00007fffe57cd42b	223	in src/gala/potential/potential/src/cpotential.cpp
0x00007fffe57cd42d	223	in src/gala/potential/potential/src/cpotential.cpp
224	in src/gala/potential/potential/src/cpotential.cpp
0x00007fffe57cd440	224	in src/gala/potential/potential/src/cpotential.cpp
0x00007fffe57cd442	224	in src/gala/potential/potential/src/cpotential.cpp
0x00007fffe57cd430	223	in src/gala/potential/potential/src/cpotential.cpp
0x00007fffe57cd434	223	in src/gala/potential/potential/src/cpotential.cpp
0x00007fffe57cd437	223	in src/gala/potential/potential/src/cpotential.cpp
238	in src/gala/potential/potential/src/cpotential.cpp
0x00007fffe57cd673	238	in src/gala/potential/potential/src/cpotential.cpp
0x00007fffe57cd679	239	in src/gala/potential/potential/src/cpotential.cpp
0x00007fffe57cd681	239	in src/gala/potential/potential/src/cpotential.cpp
0x00007fffe57cd684	239	in src/gala/potential/potential/src/cpotential.cpp
0x00007fffe57cd686	219	in src/gala/potential/potential/src/cpotential.cpp
0x00007fffe57cd689	239	in src/gala/potential/potential/src/cpotential.cpp
0x00007fffe579e350 in memset@plt () from /home/otherside123/venvs/gate2c1-trace/lib/python3.12/site-packages/gala/integrate/cyintegrators/leapfrog.cpython-312-x86_64-linux-gnu.so
__memset_avx2_unaligned_erms () at ../sysdeps/x86_64/multiarch/memset-vec-unaligned-erms.S:158
159	in ../sysdeps/x86_64/multiarch/memset-vec-unaligned-erms.S
0x00007ffff7d89788	159	in ../sysdeps/x86_64/multiarch/memset-vec-unaligned-erms.S
164	in ../sysdeps/x86_64/multiarch/memset-vec-unaligned-erms.S
165	in ../sysdeps/x86_64/multiarch/memset-vec-unaligned-erms.S
337	in ../sysdeps/x86_64/multiarch/memset-vec-unaligned-erms.S
346	in ../sysdeps/x86_64/multiarch/memset-vec-unaligned-erms.S
347	in ../sysdeps/x86_64/multiarch/memset-vec-unaligned-erms.S
378	in ../sysdeps/x86_64/multiarch/memset-vec-unaligned-erms.S
379	in ../sysdeps/x86_64/multiarch/memset-vec-unaligned-erms.S
380	in ../sysdeps/x86_64/multiarch/memset-vec-unaligned-erms.S
c_gradient (p=0x28cdd20, N=1, t=0.0625, qp=0x29fdcb0, grad=0x2e9eed0) at src/gala/potential/potential/src/cpotential.cpp:242
0x00007fffe57cd690	220	in src/gala/potential/potential/src/cpotential.cpp
0x00007fffe57cd695	218	in src/gala/potential/potential/src/cpotential.cpp
0x00007fffe57cd69a	218	in src/gala/potential/potential/src/cpotential.cpp
0x00007fffe57cd493	224	in src/gala/potential/potential/src/cpotential.cpp
0x00007fffe57cd497 in double6ptr::double6ptr (this=<optimized out>, q=<optimized out>, N=<optimized out>) at src/gala/potential/potential/src/../../src/vectorization.h:20
0x00007fffe57cd49f in c_gradient (p=0x28cdd20, N=1, t=0.0625, qp=0x29fdcb0, grad=0x2e9eed0) at src/gala/potential/potential/src/cpotential.cpp:242
0x00007fffe57cd4a1	242	in src/gala/potential/potential/src/cpotential.cpp
0x00007fffe57cd4a4 in double6ptr::double6ptr (this=<optimized out>, q=<optimized out>, N=<optimized out>) at src/gala/potential/potential/src/../../src/vectorization.h:20
0x00007fffe57cd4a9	21	in src/gala/potential/potential/src/../../src/vectorization.h
0x00007fffe57cd4ac	21	in src/gala/potential/potential/src/../../src/vectorization.h
0x00007fffe57cd4b0	21	in src/gala/potential/potential/src/../../src/vectorization.h
0x00007fffe57cd4b5	21	in src/gala/potential/potential/src/../../src/vectorization.h
c_gradient (p=0x28cdd20, N=1, t=0.0625, qp=0x29fdcb0, grad=0x2e9eed0) at src/gala/potential/potential/src/cpotential.cpp:243
0x00007fffe57cd505	243	in src/gala/potential/potential/src/cpotential.cpp
0x00007fffe57cd50d	243	in src/gala/potential/potential/src/cpotential.cpp
0x00007fffe57cd50f	243	in src/gala/potential/potential/src/cpotential.cpp
244	in src/gala/potential/potential/src/cpotential.cpp
0x00007fffe57cd4c4	244	in src/gala/potential/potential/src/cpotential.cpp
0x00007fffe57cd4c8	244	in src/gala/potential/potential/src/cpotential.cpp
0x00007fffe57cd4cb	244	in src/gala/potential/potential/src/cpotential.cpp
0x00007fffe57cd4ce	244	in src/gala/potential/potential/src/cpotential.cpp
0x00007fffe57cd4d3	244	in src/gala/potential/potential/src/cpotential.cpp
0x00007fffe57cd4d8	244	in src/gala/potential/potential/src/cpotential.cpp
0x00007fffe57cd4dc	244	in src/gala/potential/potential/src/cpotential.cpp
0x00007fffe57cd4e0	244	in src/gala/potential/potential/src/cpotential.cpp
0x00007fffe57cd4e4	244	in src/gala/potential/potential/src/cpotential.cpp
0x00007fffe57cd4e7	244	in src/gala/potential/potential/src/cpotential.cpp
gradientv<henon_heiles_gradient_functor> (t=0.0625, pars=0x2d98230, n_dim=2, state=0x0, q=0x29fdcb0, N=1, grad=0x2e9eed0) at src/gala/potential/src/vectorization.h:71
0x00007ffff1460a53	71	in src/gala/potential/src/vectorization.h
0x00007ffff1460a59 in double6ptr::double6ptr (this=<optimized out>, q=<optimized out>, N=<optimized out>) at src/gala/potential/src/vectorization.h:20
20	in src/gala/potential/src/vectorization.h
0x00007ffff1460a61	20	in src/gala/potential/src/vectorization.h
0x00007ffff1460a65	20	in src/gala/potential/src/vectorization.h
0x00007ffff1460a69	20	in src/gala/potential/src/vectorization.h
0x00007ffff1460b60 in gradientv<henon_heiles_gradient_functor> (t=0.0625, pars=0x2d98230, n_dim=<optimized out>, state=0x0, q=0x29fdcb0, N=1, grad=0x2e9eed0) at src/gala/potential/src/vectorization.h:71
71	in src/gala/potential/src/vectorization.h
0x00007ffff1460b63	71	in src/gala/potential/src/vectorization.h
0x00007ffff1460b65	71	in src/gala/potential/src/vectorization.h
henon_heiles_gradient_single (t=<optimized out>, pars=<optimized out>, q=..., n_dim=<optimized out>, grad=..., state=<optimized out>) at src/gala/potential/potential/builtin/builtin_potentials.cpp:37
0x00007ffff1460b76	37	in src/gala/potential/potential/builtin/builtin_potentials.cpp
0x00007ffff1460b7b	37	in src/gala/potential/potential/builtin/builtin_potentials.cpp
0x00007ffff1460b81	37	in src/gala/potential/potential/builtin/builtin_potentials.cpp
0x00007ffff1460b85	37	in src/gala/potential/potential/builtin/builtin_potentials.cpp
0x00007ffff1460b89	37	in src/gala/potential/potential/builtin/builtin_potentials.cpp
0x00007ffff1460b8d	38	in src/gala/potential/potential/builtin/builtin_potentials.cpp
0x00007ffff1460b91	37	in src/gala/potential/potential/builtin/builtin_potentials.cpp
0x00007ffff1460b95	37	in src/gala/potential/potential/builtin/builtin_potentials.cpp
0x00007ffff1460b99	37	in src/gala/potential/potential/builtin/builtin_potentials.cpp
38	in src/gala/potential/potential/builtin/builtin_potentials.cpp
0x00007ffff1460ba3	38	in src/gala/potential/potential/builtin/builtin_potentials.cpp
0x00007ffff1460ba7	38	in src/gala/potential/potential/builtin/builtin_potentials.cpp
0x00007ffff1460bac	38	in src/gala/potential/potential/builtin/builtin_potentials.cpp
0x00007ffff1460bb0	38	in src/gala/potential/potential/builtin/builtin_potentials.cpp
0x00007ffff1460bb4	38	in src/gala/potential/potential/builtin/builtin_potentials.cpp
gradientv<henon_heiles_gradient_functor> (t=<optimized out>, pars=0x2d98230, n_dim=<optimized out>, state=0x0, q=0x29fdcb0, N=1, grad=0x2e9eed0) at src/gala/potential/src/vectorization.h:71
0x00007ffff1460bbd	71	in src/gala/potential/src/vectorization.h
0x00007ffff1460bc0	71	in src/gala/potential/src/vectorization.h
0x00007ffff1460bc2 in henon_heiles_gradient (t=<optimized out>, pars=<optimized out>, q=0x29fdcb0, n_dim=<optimized out>, N=1, grad=0x2e9eed0, state=<optimized out>) at src/gala/potential/potential/builtin/builtin_potentials.cpp:2282
c_gradient (p=0x28cdd20, N=1, t=0.0625, qp=0x29fdcb0, grad=0x2e9eed0) at src/gala/potential/potential/src/cpotential.cpp:242
0x00007fffe57cd4ed	242	in src/gala/potential/potential/src/cpotential.cpp
0x00007fffe57cd4f1	242	in src/gala/potential/potential/src/cpotential.cpp
0x00007fffe57cd4f4	242	in src/gala/potential/potential/src/cpotential.cpp
283	in src/gala/potential/potential/src/cpotential.cpp
0x00007fffe57cd655	283	in src/gala/potential/potential/src/cpotential.cpp
0x00007fffe57cd65b	287	in src/gala/potential/potential/src/cpotential.cpp
0x00007fffe57cd65f	287	in src/gala/potential/potential/src/cpotential.cpp
0x00007fffe57cd660	287	in src/gala/potential/potential/src/cpotential.cpp
0x00007fffe57cd661	287	in src/gala/potential/potential/src/cpotential.cpp
0x00007fffe57cd663	287	in src/gala/potential/potential/src/cpotential.cpp
0x00007fffe57cd665	287	in src/gala/potential/potential/src/cpotential.cpp
0x00007fffe57cd667	287	in src/gala/potential/potential/src/cpotential.cpp
0x00007fffe57cd669	287	in src/gala/potential/potential/src/cpotential.cpp
0x00007fffe57ad84b in __pyx_f_4gala_9integrate_13cyintegrators_8leapfrog_c_leapfrog_step (__pyx_v_p=<optimized out>, __pyx_v_n=1, __pyx_v_half_ndim=<optimized out>, __pyx_v_t=<optimized out>, __pyx_v_dt=0.015625, __pyx_v_x_jm1=<optimized out>, __pyx_v_v_jm1=0x29fdcc0, __pyx_v_v_jm1_2=0x2879a40, __pyx_v_grad=0x2e9eed0) at src/gala/integrate/cyintegrators/leapfrog.cpp:21253
0x00007fffe57ad850	21253	in src/gala/integrate/cyintegrators/leapfrog.cpp
0x00007fffe57ad852	21272	in src/gala/integrate/cyintegrators/leapfrog.cpp
0x00007fffe57ad855	21272	in src/gala/integrate/cyintegrators/leapfrog.cpp
0x00007fffe57ad85d	21272	in src/gala/integrate/cyintegrators/leapfrog.cpp
21286	in src/gala/integrate/cyintegrators/leapfrog.cpp
0x00007fffe57ad862	21286	in src/gala/integrate/cyintegrators/leapfrog.cpp
0x00007fffe57ad864	21286	in src/gala/integrate/cyintegrators/leapfrog.cpp
0x00007fffe57ad86f	21286	in src/gala/integrate/cyintegrators/leapfrog.cpp
21296	in src/gala/integrate/cyintegrators/leapfrog.cpp
0x00007fffe57ad873	21286	in src/gala/integrate/cyintegrators/leapfrog.cpp
0x00007fffe57ad876	21296	in src/gala/integrate/cyintegrators/leapfrog.cpp
0x00007fffe57ad87e	21296	in src/gala/integrate/cyintegrators/leapfrog.cpp
0x00007fffe57ad883	21296	in src/gala/integrate/cyintegrators/leapfrog.cpp
0x00007fffe57ad886	21296	in src/gala/integrate/cyintegrators/leapfrog.cpp
0x00007fffe57ad88a	21296	in src/gala/integrate/cyintegrators/leapfrog.cpp
0x00007fffe57ad88e	21296	in src/gala/integrate/cyintegrators/leapfrog.cpp
0x00007fffe57ad892	21296	in src/gala/integrate/cyintegrators/leapfrog.cpp
0x00007fffe57ad896	21305	in src/gala/integrate/cyintegrators/leapfrog.cpp
0x00007fffe57ad89b	21296	in src/gala/integrate/cyintegrators/leapfrog.cpp
21305	in src/gala/integrate/cyintegrators/leapfrog.cpp
0x00007fffe57ad8a5	21305	in src/gala/integrate/cyintegrators/leapfrog.cpp
0x00007fffe57ad8a9	21286	in src/gala/integrate/cyintegrators/leapfrog.cpp
0x00007fffe57ad8ac	21305	in src/gala/integrate/cyintegrators/leapfrog.cpp
0x00007fffe57ad8b0	21305	in src/gala/integrate/cyintegrators/leapfrog.cpp
21286	in src/gala/integrate/cyintegrators/leapfrog.cpp
0x00007fffe57ad8b7	21286	in src/gala/integrate/cyintegrators/leapfrog.cpp
21272	in src/gala/integrate/cyintegrators/leapfrog.cpp
0x00007fffe57ad8bd	21272	in src/gala/integrate/cyintegrators/leapfrog.cpp
0x00007fffe57ad8c0	21272	in src/gala/integrate/cyintegrators/leapfrog.cpp
0x00007fffe57ad8c3	21272	in src/gala/integrate/cyintegrators/leapfrog.cpp
0x00007fffe57ad8c5	21272	in src/gala/integrate/cyintegrators/leapfrog.cpp
0x00007fffe57ad8c8	21272	in src/gala/integrate/cyintegrators/leapfrog.cpp
21286	in src/gala/integrate/cyintegrators/leapfrog.cpp
0x00007fffe57ad862	21286	in src/gala/integrate/cyintegrators/leapfrog.cpp
0x00007fffe57ad864	21286	in src/gala/integrate/cyintegrators/leapfrog.cpp
0x00007fffe57ad86f	21286	in src/gala/integrate/cyintegrators/leapfrog.cpp
21296	in src/gala/integrate/cyintegrators/leapfrog.cpp
0x00007fffe57ad873	21286	in src/gala/integrate/cyintegrators/leapfrog.cpp
0x00007fffe57ad876	21296	in src/gala/integrate/cyintegrators/leapfrog.cpp
0x00007fffe57ad87e	21296	in src/gala/integrate/cyintegrators/leapfrog.cpp
0x00007fffe57ad883	21296	in src/gala/integrate/cyintegrators/leapfrog.cpp
0x00007fffe57ad886	21296	in src/gala/integrate/cyintegrators/leapfrog.cpp
0x00007fffe57ad88a	21296	in src/gala/integrate/cyintegrators/leapfrog.cpp
0x00007fffe57ad88e	21296	in src/gala/integrate/cyintegrators/leapfrog.cpp
0x00007fffe57ad892	21296	in src/gala/integrate/cyintegrators/leapfrog.cpp
0x00007fffe57ad896	21305	in src/gala/integrate/cyintegrators/leapfrog.cpp
0x00007fffe57ad89b	21296	in src/gala/integrate/cyintegrators/leapfrog.cpp
21305	in src/gala/integrate/cyintegrators/leapfrog.cpp
0x00007fffe57ad8a5	21305	in src/gala/integrate/cyintegrators/leapfrog.cpp
0x00007fffe57ad8a9	21286	in src/gala/integrate/cyintegrators/leapfrog.cpp
0x00007fffe57ad8ac	21305	in src/gala/integrate/cyintegrators/leapfrog.cpp
0x00007fffe57ad8b0	21305	in src/gala/integrate/cyintegrators/leapfrog.cpp
21286	in src/gala/integrate/cyintegrators/leapfrog.cpp
0x00007fffe57ad8b7	21286	in src/gala/integrate/cyintegrators/leapfrog.cpp
21272	in src/gala/integrate/cyintegrators/leapfrog.cpp
0x00007fffe57ad8bd	21272	in src/gala/integrate/cyintegrators/leapfrog.cpp
0x00007fffe57ad8c0	21272	in src/gala/integrate/cyintegrators/leapfrog.cpp
0x00007fffe57ad8c3	21272	in src/gala/integrate/cyintegrators/leapfrog.cpp
0x00007fffe57ad8d5	21328	in src/gala/integrate/cyintegrators/leapfrog.cpp
0x00007fffe57ad8d9	21328	in src/gala/integrate/cyintegrators/leapfrog.cpp
0x00007fffe57ad8da	21328	in src/gala/integrate/cyintegrators/leapfrog.cpp
0x00007fffe57ad8db	21328	in src/gala/integrate/cyintegrators/leapfrog.cpp
0x00007fffe57ad8dd	21328	in src/gala/integrate/cyintegrators/leapfrog.cpp
0x00007fffe57ad8df	21328	in src/gala/integrate/cyintegrators/leapfrog.cpp
0x00007fffe57ad8e1	21328	in src/gala/integrate/cyintegrators/leapfrog.cpp
0x00007fffe57ad8e3	21328	in src/gala/integrate/cyintegrators/leapfrog.cpp
__Pyx_ErrOccurredWithGIL () at src/gala/integrate/cyintegrators/leapfrog.cpp:30419
30419	in src/gala/integrate/cyintegrators/leapfrog.cpp
0x00007fffe57c9621	30419	in src/gala/integrate/cyintegrators/leapfrog.cpp
0x00007fffe57c9623	30419	in src/gala/integrate/cyintegrators/leapfrog.cpp
0x00007fffe579e9d0 in PyGILState_Ensure@plt () from /home/otherside123/venvs/gate2c1-trace/lib/python3.12/site-packages/gala/integrate/cyintegrators/leapfrog.cpython-312-x86_64-linux-gnu.so
0x00000000006b2ba0 in PyGILState_Ensure ()
0x00000000006b2ba4 in PyGILState_Ensure ()
0x00000000006b2ba5 in PyGILState_Ensure ()
0x00000000006b2baa in PyGILState_Ensure ()
0x00000000006b2bad in PyGILState_Ensure ()
0x00000000006b2bae in PyGILState_Ensure ()
0x00000000006b2baf in PyGILState_Ensure ()
0x00000000006104e0 in PyThread_tss_get ()
0x00000000006104e4 in PyThread_tss_get ()
0x00000000006104e7 in PyThread_tss_get ()
0x0000000000421760 in pthread_getspecific@plt ()
___pthread_getspecific (key=0) at ./nptl/pthread_getspecific.c:24
29	in ./nptl/pthread_getspecific.c
0x00007ffff7c9e697	29	in ./nptl/pthread_getspecific.c
30	in ./nptl/pthread_getspecific.c
0x00007ffff7c9e69b	30	in ./nptl/pthread_getspecific.c
0x00007ffff7c9e69f	30	in ./nptl/pthread_getspecific.c
0x00007ffff7c9e6a3	30	in ./nptl/pthread_getspecific.c
54	in ./nptl/pthread_getspecific.c
55	in ./nptl/pthread_getspecific.c
0x00007ffff7c9e6b3	55	in ./nptl/pthread_getspecific.c
59	in ./nptl/pthread_getspecific.c
0x00007ffff7c9e6b7	59	in ./nptl/pthread_getspecific.c
0x00007ffff7c9e6be	59	in ./nptl/pthread_getspecific.c
0x00007ffff7c9e6c1	59	in ./nptl/pthread_getspecific.c
0x00007ffff7c9e6c5	59	in ./nptl/pthread_getspecific.c
0x00007ffff7c9e6c9	59	in ./nptl/pthread_getspecific.c
0x00007ffff7c9e6cb	64	in ./nptl/pthread_getspecific.c
0x00007ffff7c9e6ce	64	in ./nptl/pthread_getspecific.c
0x00000000006b2bb4 in PyGILState_Ensure ()
0x00000000006b2bb7 in PyGILState_Ensure ()
0x00000000006b2bbd in PyGILState_Ensure ()
0x00000000006b2bc6 in PyGILState_Ensure ()
0x00000000006b2bc9 in PyGILState_Ensure ()
0x00000000006b2bce in PyGILState_Ensure ()
0x00000000006b2bd1 in PyGILState_Ensure ()
0x00000000006b2bde in PyGILState_Ensure ()
0x00000000006b2be1 in PyGILState_Ensure ()
0x00000000005fc4c0 in PyEval_RestoreThread ()
0x00000000005fc4c4 in PyEval_RestoreThread ()
0x00000000005fc4c5 in PyEval_RestoreThread ()
0x00000000005fc4c8 in PyEval_RestoreThread ()
0x00000000005fc4c9 in PyEval_RestoreThread ()
0x00000000005fc4cd in PyEval_RestoreThread ()
0x00000000005fc4d0 in PyEval_RestoreThread ()
0x00000000005fc4d6 in PyEval_RestoreThread ()
0x00000000005fc4d9 in PyEval_RestoreThread ()
0x00000000005fbbe0 in ?? ()
0x00000000005fbbe1 in ?? ()
0x00000000005fbbe4 in ?? ()
0x00000000005fbbe6 in ?? ()
0x00000000005fbbe8 in ?? ()
0x00000000005fbbea in ?? ()
0x00000000005fbbed in ?? ()
0x00000000005fbbef in ?? ()
0x00000000005fbbf0 in ?? ()
0x00000000005fbbf4 in ?? ()
0x00000000004214b0 in __errno_location@plt ()
__GI___errno_location () at ./csu/errno-loc.c:25
26	in ./csu/errno-loc.c
0x00007ffff7c2a6eb	26	in ./csu/errno-loc.c
0x00007ffff7c2a6f4	27	in ./csu/errno-loc.c
0x00000000005fbbf9 in ?? ()
0x00000000005fbbfc in ?? ()
0x00000000005fbbff in ?? ()
0x00000000005fbc01 in ?? ()
0x00000000005fbc04 in ?? ()
0x0000000000608330 in ?? ()
0x0000000000608334 in ?? ()
0x0000000000608335 in ?? ()
0x0000000000608338 in ?? ()
0x0000000000608339 in ?? ()
0x000000000060833d in ?? ()
0x0000000000608344 in ?? ()
0x000000000060834b in ?? ()
0x000000000060834e in ?? ()
0x0000000000608350 in ?? ()
0x0000000000608354 in ?? ()
0x0000000000608358 in ?? ()
0x000000000060835f in ?? ()
0x0000000000608362 in ?? ()
0x0000000000608364 in ?? ()
0x0000000000608367 in ?? ()
0x000000000060836d in ?? ()
0x000000000060836f in ?? ()
0x0000000000608373 in ?? ()
0x0000000000608374 in ?? ()
0x00000000005fbc09 in ?? ()
0x00000000005fbc0b in ?? ()
0x00000000005fbc11 in ?? ()
0x00000000005fbc15 in ?? ()
0x00000000005fbc1d in ?? ()
0x00000000005fbc25 in ?? ()
0x00000000005fbc29 in ?? ()
0x00000000005fbc2d in ?? ()
0x00000000005fbc30 in ?? ()
0x0000000000421c00 in pthread_mutex_lock@plt ()
___pthread_mutex_lock (mutex=0xb49288 <_PyRuntime+77512>) at ./nptl/pthread_mutex_lock.c:77
80	in ./nptl/pthread_mutex_lock.c
0x00007ffff7ca00d7	80	in ./nptl/pthread_mutex_lock.c
0x00007ffff7ca00d9	80	in ./nptl/pthread_mutex_lock.c
82	in ./nptl/pthread_mutex_lock.c
84	in ./nptl/pthread_mutex_lock.c
0x00007ffff7ca00e3	84	in ./nptl/pthread_mutex_lock.c
88	in ./nptl/pthread_mutex_lock.c
0x00007ffff7ca00ea	88	in ./nptl/pthread_mutex_lock.c
0x00007ffff7ca00ed	88	in ./nptl/pthread_mutex_lock.c
0x00007ffff7ca00ee	88	in ./nptl/pthread_mutex_lock.c
0x00007ffff7ca00f2	88	in ./nptl/pthread_mutex_lock.c
0x00007ffff7ca00f4	88	in ./nptl/pthread_mutex_lock.c
90	in ./nptl/pthread_mutex_lock.c
0x00007ffff7ca0101	90	in ./nptl/pthread_mutex_lock.c
0x00007ffff7ca0104	90	in ./nptl/pthread_mutex_lock.c
lll_mutex_lock_optimized (mutex=0xb49288 <_PyRuntime+77512>) at ./nptl/pthread_mutex_lock.c:44
44	in ./nptl/pthread_mutex_lock.c
45	in ./nptl/pthread_mutex_lock.c
0x00007ffff7ca010f	45	in ./nptl/pthread_mutex_lock.c
0x00007ffff7ca0111	45	in ./nptl/pthread_mutex_lock.c
0x00007ffff7ca0118	45	in ./nptl/pthread_mutex_lock.c
0x00007ffff7ca0150	45	in ./nptl/pthread_mutex_lock.c
0x00007ffff7ca0153	45	in ./nptl/pthread_mutex_lock.c
0x00007ffff7ca0156	45	in ./nptl/pthread_mutex_lock.c
46	in ./nptl/pthread_mutex_lock.c
0x00007ffff7ca015e	46	in ./nptl/pthread_mutex_lock.c
___pthread_mutex_lock (mutex=<optimized out>) at ./nptl/pthread_mutex_lock.c:94
94	in ./nptl/pthread_mutex_lock.c
0x00007ffff7ca012e	94	in ./nptl/pthread_mutex_lock.c
0x00007ffff7ca0130	94	in ./nptl/pthread_mutex_lock.c
179	in ./nptl/pthread_mutex_lock.c
182	in ./nptl/pthread_mutex_lock.c
184	in ./nptl/pthread_mutex_lock.c
187	in ./nptl/pthread_mutex_lock.c
189	in ./nptl/pthread_mutex_lock.c
0x00007ffff7ca0148	190	in ./nptl/pthread_mutex_lock.c
0x00007ffff7ca014c	190	in ./nptl/pthread_mutex_lock.c
0x00007ffff7ca014d	190	in ./nptl/pthread_mutex_lock.c
0x00000000005fbc35 in ?? ()
0x00000000005fbc38 in ?? ()
0x00000000005fbc3a in ?? ()
0x00000000005fbc40 in ?? ()
0x00000000005fbc43 in ?? ()
0x00000000005fbc47 in ?? ()
0x00000000005fbc49 in ?? ()
0x00000000005fbc4f in ?? ()
0x00000000005fbc56 in ?? ()
0x00000000005fbc59 in ?? ()
0x00000000005fbc5d in ?? ()
0x0000000000421c00 in pthread_mutex_lock@plt ()
___pthread_mutex_lock (mutex=0xb492e0 <_PyRuntime+77600>) at ./nptl/pthread_mutex_lock.c:77
77	in ./nptl/pthread_mutex_lock.c
80	in ./nptl/pthread_mutex_lock.c
0x00007ffff7ca00d7	80	in ./nptl/pthread_mutex_lock.c
0x00007ffff7ca00d9	80	in ./nptl/pthread_mutex_lock.c
82	in ./nptl/pthread_mutex_lock.c
84	in ./nptl/pthread_mutex_lock.c
0x00007ffff7ca00e3	84	in ./nptl/pthread_mutex_lock.c
88	in ./nptl/pthread_mutex_lock.c
0x00007ffff7ca00ea	88	in ./nptl/pthread_mutex_lock.c
0x00007ffff7ca00ed	88	in ./nptl/pthread_mutex_lock.c
0x00007ffff7ca00ee	88	in ./nptl/pthread_mutex_lock.c
0x00007ffff7ca00f2	88	in ./nptl/pthread_mutex_lock.c
0x00007ffff7ca00f4	88	in ./nptl/pthread_mutex_lock.c
90	in ./nptl/pthread_mutex_lock.c
0x00007ffff7ca0101	90	in ./nptl/pthread_mutex_lock.c
0x00007ffff7ca0104	90	in ./nptl/pthread_mutex_lock.c
lll_mutex_lock_optimized (mutex=0xb492e0 <_PyRuntime+77600>) at ./nptl/pthread_mutex_lock.c:44
44	in ./nptl/pthread_mutex_lock.c
45	in ./nptl/pthread_mutex_lock.c
0x00007ffff7ca010f	45	in ./nptl/pthread_mutex_lock.c
0x00007ffff7ca0111	45	in ./nptl/pthread_mutex_lock.c
0x00007ffff7ca0118	45	in ./nptl/pthread_mutex_lock.c
0x00007ffff7ca0150	45	in ./nptl/pthread_mutex_lock.c
0x00007ffff7ca0153	45	in ./nptl/pthread_mutex_lock.c
0x00007ffff7ca0156	45	in ./nptl/pthread_mutex_lock.c
46	in ./nptl/pthread_mutex_lock.c
0x00007ffff7ca015e	46	in ./nptl/pthread_mutex_lock.c
___pthread_mutex_lock (mutex=<optimized out>) at ./nptl/pthread_mutex_lock.c:94
94	in ./nptl/pthread_mutex_lock.c
0x00007ffff7ca012e	94	in ./nptl/pthread_mutex_lock.c
0x00007ffff7ca0130	94	in ./nptl/pthread_mutex_lock.c
179	in ./nptl/pthread_mutex_lock.c
182	in ./nptl/pthread_mutex_lock.c
184	in ./nptl/pthread_mutex_lock.c
187	in ./nptl/pthread_mutex_lock.c
189	in ./nptl/pthread_mutex_lock.c
0x00007ffff7ca0148	190	in ./nptl/pthread_mutex_lock.c
0x00007ffff7ca014c	190	in ./nptl/pthread_mutex_lock.c
0x00007ffff7ca014d	190	in ./nptl/pthread_mutex_lock.c
0x00000000005fbc62 in ?? ()
0x00000000005fbc64 in ?? ()
0x00000000005fbc6a in ?? ()
0x00000000005fbc71 in ?? ()
0x00000000005fbc75 in ?? ()
0x00000000005fbc78 in ?? ()
0x00000000005fbc7e in ?? ()
0x00000000005fbc82 in ?? ()
0x0000000000420470 in pthread_cond_signal@plt ()
___pthread_cond_signal (cond=0xb492b0 <_PyRuntime+77552>) at ./nptl/pthread_cond_signal.c:35
36	in ./nptl/pthread_cond_signal.c
0x00007ffff7c9b0a5	36	in ./nptl/pthread_cond_signal.c
0x00007ffff7c9b0a8	36	in ./nptl/pthread_cond_signal.c
0x00007ffff7c9b0aa	36	in ./nptl/pthread_cond_signal.c
0x00007ffff7c9b0ac	36	in ./nptl/pthread_cond_signal.c
0x00007ffff7c9b0ae	36	in ./nptl/pthread_cond_signal.c
0x00007ffff7c9b0b0	36	in ./nptl/pthread_cond_signal.c
0x00007ffff7c9b0b1	36	in ./nptl/pthread_cond_signal.c
0x00007ffff7c9b0b5	36	in ./nptl/pthread_cond_signal.c
41	in ./nptl/pthread_cond_signal.c
42	in ./nptl/pthread_cond_signal.c
0x00007ffff7c9b0bb	42	in ./nptl/pthread_cond_signal.c
0x00007ffff7c9b0be	42	in ./nptl/pthread_cond_signal.c
0x00007ffff7c9b15b	96	in ./nptl/pthread_cond_signal.c
0x00007ffff7c9b15f	96	in ./nptl/pthread_cond_signal.c
0x00007ffff7c9b161	96	in ./nptl/pthread_cond_signal.c
0x00007ffff7c9b162	96	in ./nptl/pthread_cond_signal.c
0x00007ffff7c9b164	96	in ./nptl/pthread_cond_signal.c
0x00007ffff7c9b166	96	in ./nptl/pthread_cond_signal.c
0x00007ffff7c9b168	96	in ./nptl/pthread_cond_signal.c
0x00007ffff7c9b16a	96	in ./nptl/pthread_cond_signal.c
0x00007ffff7c9b16b	96	in ./nptl/pthread_cond_signal.c
0x00000000005fbc87 in ?? ()
0x00000000005fbc89 in ?? ()
0x00000000005fbc8f in ?? ()
0x00000000005fbc93 in ?? ()
0x0000000000421db0 in pthread_mutex_unlock@plt ()
___pthread_mutex_unlock (mutex=0xb492e0 <_PyRuntime+77600>) at ./nptl/pthread_mutex_unlock.c:367
__GI___pthread_mutex_unlock_usercnt (decr=1, mutex=0xb492e0 <_PyRuntime+77600>) at ./nptl/pthread_mutex_unlock.c:51
51	in ./nptl/pthread_mutex_unlock.c
0x00007ffff7ca1b57	51	in ./nptl/pthread_mutex_unlock.c
0x00007ffff7ca1b59	51	in ./nptl/pthread_mutex_unlock.c
52	in ./nptl/pthread_mutex_unlock.c
0x00007ffff7ca1b61	52	in ./nptl/pthread_mutex_unlock.c
___pthread_mutex_unlock (mutex=0xb492e0 <_PyRuntime+77600>) at ./nptl/pthread_mutex_unlock.c:57
57	in ./nptl/pthread_mutex_unlock.c
0x00007ffff7ca1b64	57	in ./nptl/pthread_mutex_unlock.c
0x00007ffff7ca1b67	57	in ./nptl/pthread_mutex_unlock.c
0x00007ffff7ca1b6b in __GI___pthread_mutex_unlock_usercnt (decr=1, mutex=0xb492e0 <_PyRuntime+77600>) at ./nptl/pthread_mutex_unlock.c:57
57	in ./nptl/pthread_mutex_unlock.c
0x00007ffff7ca1b6d	57	in ./nptl/pthread_mutex_unlock.c
62	in ./nptl/pthread_mutex_unlock.c
0x00007ffff7ca1b73	62	in ./nptl/pthread_mutex_unlock.c
lll_mutex_unlock_optimized (mutex=0xb492e0 <_PyRuntime+77600>) at ./nptl/pthread_mutex_unlock.c:39
39	in ./nptl/pthread_mutex_unlock.c
40	in ./nptl/pthread_mutex_unlock.c
0x00007ffff7ca1b83	40	in ./nptl/pthread_mutex_unlock.c
0x00007ffff7ca1b85	40	in ./nptl/pthread_mutex_unlock.c
0x00007ffff7ca1b8c	40	in ./nptl/pthread_mutex_unlock.c
41	in ./nptl/pthread_mutex_unlock.c
__GI___pthread_mutex_unlock_usercnt (decr=1, mutex=<optimized out>) at ./nptl/pthread_mutex_unlock.c:70
70	in ./nptl/pthread_mutex_unlock.c
72	in ./nptl/pthread_mutex_unlock.c
0x00007ffff7ca1b97 in ___pthread_mutex_unlock (mutex=<optimized out>) at ./nptl/pthread_mutex_unlock.c:369
369	in ./nptl/pthread_mutex_unlock.c
0x00007ffff7ca1b98	369	in ./nptl/pthread_mutex_unlock.c
0x00000000005fbc98 in ?? ()
0x00000000005fbc9a in ?? ()
0x00000000005fbca0 in ?? ()
0x00000000005fbca3 in ?? ()
0x0000000000608330 in ?? ()
0x0000000000608334 in ?? ()
0x0000000000608335 in ?? ()
0x0000000000608338 in ?? ()
0x0000000000608339 in ?? ()
0x000000000060833d in ?? ()
0x0000000000608344 in ?? ()
0x000000000060834b in ?? ()
0x000000000060834e in ?? ()
0x0000000000608350 in ?? ()
0x0000000000608354 in ?? ()
0x0000000000608358 in ?? ()
0x000000000060835f in ?? ()
0x0000000000608362 in ?? ()
0x0000000000608364 in ?? ()
0x0000000000608367 in ?? ()
0x000000000060836d in ?? ()
0x000000000060836f in ?? ()
0x0000000000608373 in ?? ()
0x0000000000608374 in ?? ()
0x00000000005fbca8 in ?? ()
0x00000000005fbcaa in ?? ()
0x00000000005fbcac in ?? ()
0x00000000005fbcb2 in ?? ()
0x00000000005fbcba in ?? ()
0x00000000005fbcbc in ?? ()
0x00000000005fbcc2 in ?? ()
0x00000000005fbcca in ?? ()
0x00000000005fbcd0 in ?? ()
0x00000000005fbcd2 in ?? ()
0x00000000005fbcd8 in ?? ()
0x00000000005fbcdb in ?? ()
0x00000000005fbce3 in ?? ()
0x00000000005fbce6 in ?? ()
0x0000000000610060 in PyThread_get_thread_ident ()
0x0000000000610064 in PyThread_get_thread_ident ()
0x0000000000610065 in PyThread_get_thread_ident ()
0x0000000000610068 in PyThread_get_thread_ident ()
0x000000000061006c in PyThread_get_thread_ident ()
0x0000000000610072 in PyThread_get_thread_ident ()
0x0000000000610074 in PyThread_get_thread_ident ()
0x000000000061007a in PyThread_get_thread_ident ()
0x0000000000420ef0 in pthread_self@plt ()
__GI___pthread_self () at ./nptl/pthread_self.c:23
24	in ./nptl/pthread_self.c
0x00007ffff7ca37bd	24	in ./nptl/pthread_self.c
0x000000000061007f in PyThread_get_thread_ident ()
0x0000000000610083 in PyThread_get_thread_ident ()
0x0000000000610087 in PyThread_get_thread_ident ()
0x0000000000610088 in PyThread_get_thread_ident ()
0x00000000005fbceb in ?? ()
0x00000000005fbcf2 in ?? ()
0x00000000005fbcf5 in ?? ()
0x00000000005fbcfb in ?? ()
0x00000000005fbd02 in ?? ()
0x00000000005fbd08 in ?? ()
0x00000000005fbd0e in ?? ()
0x00000000005fbd16 in ?? ()
0x00000000005fbd19 in ?? ()
0x00000000005fbd1b in ?? ()
0x00000000005fbd1d in ?? ()
0x00000000005fbd1f in ?? ()
0x00000000005fbd22 in ?? ()
0x00000000005fbd25 in ?? ()
0x00000000005fbd27 in ?? ()
0x00000000005fbd2f in ?? ()
0x00000000005fbd31 in ?? ()
0x00000000005fbd39 in ?? ()
0x00000000005fbd41 in ?? ()
0x00000000005fbd47 in ?? ()
0x00000000005fbd4a in ?? ()
0x0000000000421db0 in pthread_mutex_unlock@plt ()
___pthread_mutex_unlock (mutex=0xb49288 <_PyRuntime+77512>) at ./nptl/pthread_mutex_unlock.c:367
__GI___pthread_mutex_unlock_usercnt (decr=1, mutex=0xb49288 <_PyRuntime+77512>) at ./nptl/pthread_mutex_unlock.c:51
51	in ./nptl/pthread_mutex_unlock.c
0x00007ffff7ca1b57	51	in ./nptl/pthread_mutex_unlock.c
0x00007ffff7ca1b59	51	in ./nptl/pthread_mutex_unlock.c
52	in ./nptl/pthread_mutex_unlock.c
0x00007ffff7ca1b61	52	in ./nptl/pthread_mutex_unlock.c
___pthread_mutex_unlock (mutex=0xb49288 <_PyRuntime+77512>) at ./nptl/pthread_mutex_unlock.c:57
57	in ./nptl/pthread_mutex_unlock.c
0x00007ffff7ca1b64	57	in ./nptl/pthread_mutex_unlock.c
0x00007ffff7ca1b67	57	in ./nptl/pthread_mutex_unlock.c
0x00007ffff7ca1b6b in __GI___pthread_mutex_unlock_usercnt (decr=1, mutex=0xb49288 <_PyRuntime+77512>) at ./nptl/pthread_mutex_unlock.c:57
57	in ./nptl/pthread_mutex_unlock.c
0x00007ffff7ca1b6d	57	in ./nptl/pthread_mutex_unlock.c
62	in ./nptl/pthread_mutex_unlock.c
0x00007ffff7ca1b73	62	in ./nptl/pthread_mutex_unlock.c
lll_mutex_unlock_optimized (mutex=0xb49288 <_PyRuntime+77512>) at ./nptl/pthread_mutex_unlock.c:39
39	in ./nptl/pthread_mutex_unlock.c
40	in ./nptl/pthread_mutex_unlock.c
0x00007ffff7ca1b83	40	in ./nptl/pthread_mutex_unlock.c
0x00007ffff7ca1b85	40	in ./nptl/pthread_mutex_unlock.c
0x00007ffff7ca1b8c	40	in ./nptl/pthread_mutex_unlock.c
41	in ./nptl/pthread_mutex_unlock.c
__GI___pthread_mutex_unlock_usercnt (decr=1, mutex=<optimized out>) at ./nptl/pthread_mutex_unlock.c:70
70	in ./nptl/pthread_mutex_unlock.c
72	in ./nptl/pthread_mutex_unlock.c
0x00007ffff7ca1b97 in ___pthread_mutex_unlock (mutex=<optimized out>) at ./nptl/pthread_mutex_unlock.c:369
369	in ./nptl/pthread_mutex_unlock.c
0x00007ffff7ca1b98	369	in ./nptl/pthread_mutex_unlock.c
0x00000000005fbd4f in ?? ()
0x00000000005fbd51 in ?? ()
0x00000000005fbd57 in ?? ()
0x00000000005fbd5a in ?? ()
0x00000000005fbd5d in ?? ()
0x00000000005fbd61 in ?? ()
0x00000000005fbd62 in ?? ()
0x00000000005fbd64 in ?? ()
0x00000000005fbd66 in ?? ()
0x00000000005fbd68 in ?? ()
0x00000000005fbd6a in ?? ()
0x00000000005fbd6b in ?? ()
0x00000000005fc4de in PyEval_RestoreThread ()
0x00000000005fc4e1 in PyEval_RestoreThread ()
0x00000000005fc4e5 in PyEval_RestoreThread ()
0x00000000005fc4e6 in PyEval_RestoreThread ()
0x00000000006082c0 in ?? ()
0x00000000006082c4 in ?? ()
0x00000000006082cd in ?? ()
0x00000000006082da in ?? ()
0x00000000006082dd in ?? ()
0x00000000006082e3 in ?? ()
0x00000000006082e6 in ?? ()
0x00000000006082e8 in ?? ()
0x00000000006082f1 in ?? ()
0x00000000006082f5 in ?? ()
0x00000000006082f8 in ?? ()
0x00000000006082fa in ?? ()
0x00000000006082fd in ?? ()
0x0000000000608300 in ?? ()
0x00000000006b2be6 in PyGILState_Ensure ()
0x00000000006b2be9 in PyGILState_Ensure ()
0x00000000006b2beb in PyGILState_Ensure ()
0x00000000006b2bd3 in PyGILState_Ensure ()
0x00000000006b2bd7 in PyGILState_Ensure ()
0x00000000006b2bda in PyGILState_Ensure ()
0x00000000006b2bdb in PyGILState_Ensure ()
0x00000000006b2bdc in PyGILState_Ensure ()
0x00000000006b2bdd in PyGILState_Ensure ()
0x00007fffe57c9628 in __Pyx_ErrOccurredWithGIL () at src/gala/integrate/cyintegrators/leapfrog.cpp:30419
30420	in src/gala/integrate/cyintegrators/leapfrog.cpp
0x00007fffe579e890 in PyErr_Occurred@plt () from /home/otherside123/venvs/gate2c1-trace/lib/python3.12/site-packages/gala/integrate/cyintegrators/leapfrog.cpython-312-x86_64-linux-gnu.so
0x00000000005f1620 in PyErr_Occurred ()
0x00000000005f1624 in PyErr_Occurred ()
0x00000000005f162b in PyErr_Occurred ()
0x00000000005f162f in PyErr_Occurred ()
0x00000000005f1633 in PyErr_Occurred ()
0x00000000005f1636 in PyErr_Occurred ()
0x00000000005f1638 in PyErr_Occurred ()
0x00007fffe57c9630 in __Pyx_ErrOccurredWithGIL () at src/gala/integrate/cyintegrators/leapfrog.cpp:30421
30421	in src/gala/integrate/cyintegrators/leapfrog.cpp
0x00007fffe57c9633	30420	in src/gala/integrate/cyintegrators/leapfrog.cpp
30421	in src/gala/integrate/cyintegrators/leapfrog.cpp
0x00007fffe579e6e0 in PyGILState_Release@plt () from /home/otherside123/venvs/gate2c1-trace/lib/python3.12/site-packages/gala/integrate/cyintegrators/leapfrog.cpython-312-x86_64-linux-gnu.so
0x00000000006b2bf0 in PyGILState_Release ()
0x00000000006b2bf4 in PyGILState_Release ()
0x00000000006b2bf5 in PyGILState_Release ()
0x00000000006b2bf8 in PyGILState_Release ()
0x00000000006b2bf9 in PyGILState_Release ()
0x00000000006b2bfb in PyGILState_Release ()
0x00000000006b2c00 in PyGILState_Release ()
0x00000000006b2c04 in PyGILState_Release ()
0x00000000006104e0 in PyThread_tss_get ()
0x00000000006104e4 in PyThread_tss_get ()
0x00000000006104e7 in PyThread_tss_get ()
0x0000000000421760 in pthread_getspecific@plt ()
___pthread_getspecific (key=0) at ./nptl/pthread_getspecific.c:24
29	in ./nptl/pthread_getspecific.c
0x00007ffff7c9e697	29	in ./nptl/pthread_getspecific.c
30	in ./nptl/pthread_getspecific.c
0x00007ffff7c9e69b	30	in ./nptl/pthread_getspecific.c
0x00007ffff7c9e69f	30	in ./nptl/pthread_getspecific.c
0x00007ffff7c9e6a3	30	in ./nptl/pthread_getspecific.c
54	in ./nptl/pthread_getspecific.c
55	in ./nptl/pthread_getspecific.c
0x00007ffff7c9e6b3	55	in ./nptl/pthread_getspecific.c
59	in ./nptl/pthread_getspecific.c
0x00007ffff7c9e6b7	59	in ./nptl/pthread_getspecific.c
0x00007ffff7c9e6be	59	in ./nptl/pthread_getspecific.c
0x00007ffff7c9e6c1	59	in ./nptl/pthread_getspecific.c
0x00007ffff7c9e6c5	59	in ./nptl/pthread_getspecific.c
0x00007ffff7c9e6c9	59	in ./nptl/pthread_getspecific.c
0x00007ffff7c9e6cb	64	in ./nptl/pthread_getspecific.c
0x00007ffff7c9e6ce	64	in ./nptl/pthread_getspecific.c
0x00000000006b2c09 in PyGILState_Release ()
0x00000000006b2c0c in PyGILState_Release ()
0x00000000006b2c12 in PyGILState_Release ()
0x00000000006b2c1b in PyGILState_Release ()
0x00000000006b2c21 in PyGILState_Release ()
0x00000000006b2c25 in PyGILState_Release ()
0x00000000006b2c2b in PyGILState_Release ()
0x00000000006b2c2e in PyGILState_Release ()
0x00000000006b2c37 in PyGILState_Release ()
0x00000000006b2c3b in PyGILState_Release ()
0x00000000006b2c3c in PyGILState_Release ()
0x00000000006b2c3d in PyGILState_Release ()
0x00000000005fc060 in PyEval_SaveThread ()
0x00000000005fc064 in PyEval_SaveThread ()
0x00000000005fc065 in PyEval_SaveThread ()
0x00000000005fc067 in PyEval_SaveThread ()
0x00000000005fc06a in PyEval_SaveThread ()
0x00000000005fc06c in PyEval_SaveThread ()
0x00000000005fc06e in PyEval_SaveThread ()
0x00000000005fc070 in PyEval_SaveThread ()
0x00000000005fc071 in PyEval_SaveThread ()
0x00000000006082c0 in ?? ()
0x00000000006082c4 in ?? ()
0x00000000006082cd in ?? ()
0x00000000006082da in ?? ()
0x00000000006082dd in ?? ()
0x00000000006082df in ?? ()
0x00000000006082e3 in ?? ()
0x00000000006082e6 in ?? ()
0x0000000000608308 in ?? ()
0x00000000005fc076 in PyEval_SaveThread ()
0x00000000005fc079 in PyEval_SaveThread ()
0x00000000005fc07f in PyEval_SaveThread ()
0x00000000005fc083 in PyEval_SaveThread ()
0x00000000005fc086 in PyEval_SaveThread ()
0x00000000005fc08d in PyEval_SaveThread ()
0x00000000005fc092 in PyEval_SaveThread ()
0x00000000005fc094 in PyEval_SaveThread ()
0x00000000005fc09a in PyEval_SaveThread ()
0x00000000005fc09f in PyEval_SaveThread ()
0x00000000005fc0a4 in PyEval_SaveThread ()
0x00000000005fc0a7 in PyEval_SaveThread ()
0x0000000000421c00 in pthread_mutex_lock@plt ()
___pthread_mutex_lock (mutex=0xb49288 <_PyRuntime+77512>) at ./nptl/pthread_mutex_lock.c:77
80	in ./nptl/pthread_mutex_lock.c
0x00007ffff7ca00d7	80	in ./nptl/pthread_mutex_lock.c
0x00007ffff7ca00d9	80	in ./nptl/pthread_mutex_lock.c
82	in ./nptl/pthread_mutex_lock.c
84	in ./nptl/pthread_mutex_lock.c
0x00007ffff7ca00e3	84	in ./nptl/pthread_mutex_lock.c
88	in ./nptl/pthread_mutex_lock.c
0x00007ffff7ca00ea	88	in ./nptl/pthread_mutex_lock.c
0x00007ffff7ca00ed	88	in ./nptl/pthread_mutex_lock.c
0x00007ffff7ca00ee	88	in ./nptl/pthread_mutex_lock.c
0x00007ffff7ca00f2	88	in ./nptl/pthread_mutex_lock.c
0x00007ffff7ca00f4	88	in ./nptl/pthread_mutex_lock.c
90	in ./nptl/pthread_mutex_lock.c
0x00007ffff7ca0101	90	in ./nptl/pthread_mutex_lock.c
0x00007ffff7ca0104	90	in ./nptl/pthread_mutex_lock.c
lll_mutex_lock_optimized (mutex=0xb49288 <_PyRuntime+77512>) at ./nptl/pthread_mutex_lock.c:44
44	in ./nptl/pthread_mutex_lock.c
45	in ./nptl/pthread_mutex_lock.c
0x00007ffff7ca010f	45	in ./nptl/pthread_mutex_lock.c
0x00007ffff7ca0111	45	in ./nptl/pthread_mutex_lock.c
0x00007ffff7ca0118	45	in ./nptl/pthread_mutex_lock.c
0x00007ffff7ca0150	45	in ./nptl/pthread_mutex_lock.c
0x00007ffff7ca0153	45	in ./nptl/pthread_mutex_lock.c
0x00007ffff7ca0156	45	in ./nptl/pthread_mutex_lock.c
46	in ./nptl/pthread_mutex_lock.c
0x00007ffff7ca015e	46	in ./nptl/pthread_mutex_lock.c
___pthread_mutex_lock (mutex=<optimized out>) at ./nptl/pthread_mutex_lock.c:94
94	in ./nptl/pthread_mutex_lock.c
0x00007ffff7ca012e	94	in ./nptl/pthread_mutex_lock.c
0x00007ffff7ca0130	94	in ./nptl/pthread_mutex_lock.c
179	in ./nptl/pthread_mutex_lock.c
182	in ./nptl/pthread_mutex_lock.c
184	in ./nptl/pthread_mutex_lock.c
187	in ./nptl/pthread_mutex_lock.c
189	in ./nptl/pthread_mutex_lock.c
0x00007ffff7ca0148	190	in ./nptl/pthread_mutex_lock.c
0x00007ffff7ca014c	190	in ./nptl/pthread_mutex_lock.c
0x00007ffff7ca014d	190	in ./nptl/pthread_mutex_lock.c
0x00000000005fc0ac in PyEval_SaveThread ()
0x00000000005fc0ae in PyEval_SaveThread ()
0x00000000005fc0b4 in PyEval_SaveThread ()
0x00000000005fc0bd in PyEval_SaveThread ()
0x00000000005fc0c2 in PyEval_SaveThread ()
0x0000000000420470 in pthread_cond_signal@plt ()
___pthread_cond_signal (cond=0xb49258 <_PyRuntime+77464>) at ./nptl/pthread_cond_signal.c:35
36	in ./nptl/pthread_cond_signal.c
0x00007ffff7c9b0a5	36	in ./nptl/pthread_cond_signal.c
0x00007ffff7c9b0a8	36	in ./nptl/pthread_cond_signal.c
0x00007ffff7c9b0aa	36	in ./nptl/pthread_cond_signal.c
0x00007ffff7c9b0ac	36	in ./nptl/pthread_cond_signal.c
0x00007ffff7c9b0ae	36	in ./nptl/pthread_cond_signal.c
0x00007ffff7c9b0b0	36	in ./nptl/pthread_cond_signal.c
0x00007ffff7c9b0b1	36	in ./nptl/pthread_cond_signal.c
0x00007ffff7c9b0b5	36	in ./nptl/pthread_cond_signal.c
41	in ./nptl/pthread_cond_signal.c
42	in ./nptl/pthread_cond_signal.c
0x00007ffff7c9b0bb	42	in ./nptl/pthread_cond_signal.c
0x00007ffff7c9b0be	42	in ./nptl/pthread_cond_signal.c
0x00007ffff7c9b15b	96	in ./nptl/pthread_cond_signal.c
0x00007ffff7c9b15f	96	in ./nptl/pthread_cond_signal.c
0x00007ffff7c9b161	96	in ./nptl/pthread_cond_signal.c
0x00007ffff7c9b162	96	in ./nptl/pthread_cond_signal.c
0x00007ffff7c9b164	96	in ./nptl/pthread_cond_signal.c
0x00007ffff7c9b166	96	in ./nptl/pthread_cond_signal.c
0x00007ffff7c9b168	96	in ./nptl/pthread_cond_signal.c
0x00007ffff7c9b16a	96	in ./nptl/pthread_cond_signal.c
0x00007ffff7c9b16b	96	in ./nptl/pthread_cond_signal.c
0x00000000005fc0c7 in PyEval_SaveThread ()
0x00000000005fc0c9 in PyEval_SaveThread ()
0x00000000005fc0cf in PyEval_SaveThread ()
0x00000000005fc0d2 in PyEval_SaveThread ()
0x0000000000421db0 in pthread_mutex_unlock@plt ()
___pthread_mutex_unlock (mutex=0xb49288 <_PyRuntime+77512>) at ./nptl/pthread_mutex_unlock.c:367
__GI___pthread_mutex_unlock_usercnt (decr=1, mutex=0xb49288 <_PyRuntime+77512>) at ./nptl/pthread_mutex_unlock.c:51
51	in ./nptl/pthread_mutex_unlock.c
0x00007ffff7ca1b57	51	in ./nptl/pthread_mutex_unlock.c
0x00007ffff7ca1b59	51	in ./nptl/pthread_mutex_unlock.c
52	in ./nptl/pthread_mutex_unlock.c
0x00007ffff7ca1b61	52	in ./nptl/pthread_mutex_unlock.c
___pthread_mutex_unlock (mutex=0xb49288 <_PyRuntime+77512>) at ./nptl/pthread_mutex_unlock.c:57
57	in ./nptl/pthread_mutex_unlock.c
0x00007ffff7ca1b64	57	in ./nptl/pthread_mutex_unlock.c
0x00007ffff7ca1b67	57	in ./nptl/pthread_mutex_unlock.c
0x00007ffff7ca1b6b in __GI___pthread_mutex_unlock_usercnt (decr=1, mutex=0xb49288 <_PyRuntime+77512>) at ./nptl/pthread_mutex_unlock.c:57
57	in ./nptl/pthread_mutex_unlock.c
0x00007ffff7ca1b6d	57	in ./nptl/pthread_mutex_unlock.c
62	in ./nptl/pthread_mutex_unlock.c
0x00007ffff7ca1b73	62	in ./nptl/pthread_mutex_unlock.c
lll_mutex_unlock_optimized (mutex=0xb49288 <_PyRuntime+77512>) at ./nptl/pthread_mutex_unlock.c:39
39	in ./nptl/pthread_mutex_unlock.c
40	in ./nptl/pthread_mutex_unlock.c
0x00007ffff7ca1b83	40	in ./nptl/pthread_mutex_unlock.c
0x00007ffff7ca1b85	40	in ./nptl/pthread_mutex_unlock.c
0x00007ffff7ca1b8c	40	in ./nptl/pthread_mutex_unlock.c
41	in ./nptl/pthread_mutex_unlock.c
__GI___pthread_mutex_unlock_usercnt (decr=1, mutex=<optimized out>) at ./nptl/pthread_mutex_unlock.c:70
70	in ./nptl/pthread_mutex_unlock.c
72	in ./nptl/pthread_mutex_unlock.c
0x00007ffff7ca1b97 in ___pthread_mutex_unlock (mutex=<optimized out>) at ./nptl/pthread_mutex_unlock.c:369
369	in ./nptl/pthread_mutex_unlock.c
0x00007ffff7ca1b98	369	in ./nptl/pthread_mutex_unlock.c
0x00000000005fc0d7 in PyEval_SaveThread ()
0x00000000005fc0d9 in PyEval_SaveThread ()
0x00000000005fc0df in PyEval_SaveThread ()
0x00000000005fc0e6 in PyEval_SaveThread ()
0x00000000005fc0e8 in PyEval_SaveThread ()
0x00000000005fc0ea in PyEval_SaveThread ()
0x00000000005fc0ed in PyEval_SaveThread ()
0x00000000005fc0ee in PyEval_SaveThread ()
0x00000000005fc0f0 in PyEval_SaveThread ()
0x00000000005fc0f2 in PyEval_SaveThread ()
0x00000000005fc0f4 in PyEval_SaveThread ()
0x00000000005fc0f5 in PyEval_SaveThread ()
__pyx_f_4gala_9integrate_13cyintegrators_8leapfrog_leapfrog_integrate_hamiltonian (__pyx_skip_dispatch=1, __pyx_v_hamiltonian=<optimized out>, __pyx_v_w0=..., __pyx_v_t=..., __pyx_optional_args=<synthetic pointer>) at src/gala/integrate/cyintegrators/leapfrog.cpp:30422
0x00007fffe57c963e	30422	in src/gala/integrate/cyintegrators/leapfrog.cpp
21964	in src/gala/integrate/cyintegrators/leapfrog.cpp
0x00007fffe57c9648	21964	in src/gala/integrate/cyintegrators/leapfrog.cpp
0x00007fffe57c964a	21964	in src/gala/integrate/cyintegrators/leapfrog.cpp
21978	in src/gala/integrate/cyintegrators/leapfrog.cpp
0x00007fffe57cad07	21978	in src/gala/integrate/cyintegrators/leapfrog.cpp
0x00007fffe57cad09	21978	in src/gala/integrate/cyintegrators/leapfrog.cpp
0x00007fffe57cad0f	21978	in src/gala/integrate/cyintegrators/leapfrog.cpp
0x00007fffe57cad17	21978	in src/gala/integrate/cyintegrators/leapfrog.cpp
0x00007fffe57cad1f	21978	in src/gala/integrate/cyintegrators/leapfrog.cpp
0x00007fffe57cad22	21978	in src/gala/integrate/cyintegrators/leapfrog.cpp
0x00007fffe57cad24	21978	in src/gala/integrate/cyintegrators/leapfrog.cpp
0x00007fffe57cad28	21978	in src/gala/integrate/cyintegrators/leapfrog.cpp
21992	in src/gala/integrate/cyintegrators/leapfrog.cpp
0x00007fffe57cad32	21992	in src/gala/integrate/cyintegrators/leapfrog.cpp
0x00007fffe57cad34	21992	in src/gala/integrate/cyintegrators/leapfrog.cpp
0x00007fffe57cad3a	21992	in src/gala/integrate/cyintegrators/leapfrog.cpp
0x00007fffe57cad3c	21992	in src/gala/integrate/cyintegrators/leapfrog.cpp
0x00007fffe57cad3f	21992	in src/gala/integrate/cyintegrators/leapfrog.cpp
0x00007fffe57cad47	21992	in src/gala/integrate/cyintegrators/leapfrog.cpp
0x00007fffe57cad49	21992	in src/gala/integrate/cyintegrators/leapfrog.cpp
0x00007fffe57cad4d	21992	in src/gala/integrate/cyintegrators/leapfrog.cpp
0x00007fffe57cad51	21992	in src/gala/integrate/cyintegrators/leapfrog.cpp
0x00007fffe57cad54	21992	in src/gala/integrate/cyintegrators/leapfrog.cpp
0x00007fffe57cad5a	21992	in src/gala/integrate/cyintegrators/leapfrog.cpp
0x00007fffe57cad5e	21992	in src/gala/integrate/cyintegrators/leapfrog.cpp
0x00007fffe57cb3f2 in Py_DECREF (op=<optimized out>) at /opt/_internal/cpython-3.12.14/include/python3.12/object.h:705
0x00007fffe57cb3f5 in __pyx_f_4gala_9integrate_13cyintegrators_8leapfrog_leapfrog_integrate_hamiltonian (__pyx_skip_dispatch=1, __pyx_v_hamiltonian=<optimized out>, __pyx_v_w0=..., __pyx_v_t=..., __pyx_optional_args=<synthetic pointer>) at src/gala/integrate/cyintegrators/leapfrog.cpp:21357
0x00007fffe57cb3f7	21357	in src/gala/integrate/cyintegrators/leapfrog.cpp
22008	in src/gala/integrate/cyintegrators/leapfrog.cpp
0x00007fffe57cb405	22008	in src/gala/integrate/cyintegrators/leapfrog.cpp
0x00007fffe57cb408	22008	in src/gala/integrate/cyintegrators/leapfrog.cpp
21992	in src/gala/integrate/cyintegrators/leapfrog.cpp
0x00007fffe57cb411	21992	in src/gala/integrate/cyintegrators/leapfrog.cpp
0x00007fffe57cb414	21992	in src/gala/integrate/cyintegrators/leapfrog.cpp
0x00007fffe57cb416	21992	in src/gala/integrate/cyintegrators/leapfrog.cpp
21978	in src/gala/integrate/cyintegrators/leapfrog.cpp
0x00007fffe57cadb2	21978	in src/gala/integrate/cyintegrators/leapfrog.cpp
0x00007fffe57cadb6	21978	in src/gala/integrate/cyintegrators/leapfrog.cpp
0x00007fffe57cadb9	21978	in src/gala/integrate/cyintegrators/leapfrog.cpp
0x00007fffe57cadc1	21978	in src/gala/integrate/cyintegrators/leapfrog.cpp
0x00007fffe57cadc4	21978	in src/gala/integrate/cyintegrators/leapfrog.cpp
0x00007fffe57cadcc	21978	in src/gala/integrate/cyintegrators/leapfrog.cpp
0x00007fffe57cad51	21992	in src/gala/integrate/cyintegrators/leapfrog.cpp
0x00007fffe57cad54	21992	in src/gala/integrate/cyintegrators/leapfrog.cpp
0x00007fffe57cad5a	21992	in src/gala/integrate/cyintegrators/leapfrog.cpp
0x00007fffe57cad5e	21992	in src/gala/integrate/cyintegrators/leapfrog.cpp
0x00007fffe57cb3f2 in Py_DECREF (op=<optimized out>) at /opt/_internal/cpython-3.12.14/include/python3.12/object.h:705
0x00007fffe57cb3f5 in __pyx_f_4gala_9integrate_13cyintegrators_8leapfrog_leapfrog_integrate_hamiltonian (__pyx_skip_dispatch=1, __pyx_v_hamiltonian=<optimized out>, __pyx_v_w0=..., __pyx_v_t=..., __pyx_optional_args=<synthetic pointer>) at src/gala/integrate/cyintegrators/leapfrog.cpp:21357
0x00007fffe57cb3f7	21357	in src/gala/integrate/cyintegrators/leapfrog.cpp
22008	in src/gala/integrate/cyintegrators/leapfrog.cpp
0x00007fffe57cb405	22008	in src/gala/integrate/cyintegrators/leapfrog.cpp
0x00007fffe57cb408	22008	in src/gala/integrate/cyintegrators/leapfrog.cpp
21992	in src/gala/integrate/cyintegrators/leapfrog.cpp
0x00007fffe57cb411	21992	in src/gala/integrate/cyintegrators/leapfrog.cpp
0x00007fffe57cb414	21992	in src/gala/integrate/cyintegrators/leapfrog.cpp
0x00007fffe57cb416	21992	in src/gala/integrate/cyintegrators/leapfrog.cpp
21978	in src/gala/integrate/cyintegrators/leapfrog.cpp
0x00007fffe57cadb2	21978	in src/gala/integrate/cyintegrators/leapfrog.cpp
0x00007fffe57cadb6	21978	in src/gala/integrate/cyintegrators/leapfrog.cpp
0x00007fffe57cadb9	21978	in src/gala/integrate/cyintegrators/leapfrog.cpp
0x00007fffe57cadc1	21978	in src/gala/integrate/cyintegrators/leapfrog.cpp
0x00007fffe57cadc4	21978	in src/gala/integrate/cyintegrators/leapfrog.cpp
0x00007fffe57cadcc	21978	in src/gala/integrate/cyintegrators/leapfrog.cpp
0x00007fffe57cad51	21992	in src/gala/integrate/cyintegrators/leapfrog.cpp
0x00007fffe57cad54	21992	in src/gala/integrate/cyintegrators/leapfrog.cpp
0x00007fffe57cad5a	21992	in src/gala/integrate/cyintegrators/leapfrog.cpp
0x00007fffe57cad5e	21992	in src/gala/integrate/cyintegrators/leapfrog.cpp
0x00007fffe57cb3f2 in Py_DECREF (op=<optimized out>) at /opt/_internal/cpython-3.12.14/include/python3.12/object.h:705
0x00007fffe57cb3f5 in __pyx_f_4gala_9integrate_13cyintegrators_8leapfrog_leapfrog_integrate_hamiltonian (__pyx_skip_dispatch=1, __pyx_v_hamiltonian=<optimized out>, __pyx_v_w0=..., __pyx_v_t=..., __pyx_optional_args=<synthetic pointer>) at src/gala/integrate/cyintegrators/leapfrog.cpp:21357
0x00007fffe57cb3f7	21357	in src/gala/integrate/cyintegrators/leapfrog.cpp
22008	in src/gala/integrate/cyintegrators/leapfrog.cpp
0x00007fffe57cb405	22008	in src/gala/integrate/cyintegrators/leapfrog.cpp
0x00007fffe57cb408	22008	in src/gala/integrate/cyintegrators/leapfrog.cpp
21992	in src/gala/integrate/cyintegrators/leapfrog.cpp
0x00007fffe57cb411	21992	in src/gala/integrate/cyintegrators/leapfrog.cpp
0x00007fffe57cb414	21992	in src/gala/integrate/cyintegrators/leapfrog.cpp
0x00007fffe57cb416	21992	in src/gala/integrate/cyintegrators/leapfrog.cpp
21978	in src/gala/integrate/cyintegrators/leapfrog.cpp
0x00007fffe57cadb2	21978	in src/gala/integrate/cyintegrators/leapfrog.cpp
0x00007fffe57cadb6	21978	in src/gala/integrate/cyintegrators/leapfrog.cpp
0x00007fffe57cadb9	21978	in src/gala/integrate/cyintegrators/leapfrog.cpp
0x00007fffe57cadc1	21978	in src/gala/integrate/cyintegrators/leapfrog.cpp
0x00007fffe57cadc4	21978	in src/gala/integrate/cyintegrators/leapfrog.cpp
0x00007fffe57cadcc	21978	in src/gala/integrate/cyintegrators/leapfrog.cpp
0x00007fffe57cad51	21992	in src/gala/integrate/cyintegrators/leapfrog.cpp
0x00007fffe57cad54	21992	in src/gala/integrate/cyintegrators/leapfrog.cpp
0x00007fffe57cad5a	21992	in src/gala/integrate/cyintegrators/leapfrog.cpp
0x00007fffe57cad5e	21992	in src/gala/integrate/cyintegrators/leapfrog.cpp
0x00007fffe57cb3f2 in Py_DECREF (op=<optimized out>) at /opt/_internal/cpython-3.12.14/include/python3.12/object.h:705
0x00007fffe57cb3f5 in __pyx_f_4gala_9integrate_13cyintegrators_8leapfrog_leapfrog_integrate_hamiltonian (__pyx_skip_dispatch=1, __pyx_v_hamiltonian=<optimized out>, __pyx_v_w0=..., __pyx_v_t=..., __pyx_optional_args=<synthetic pointer>) at src/gala/integrate/cyintegrators/leapfrog.cpp:21357
0x00007fffe57cb3f7	21357	in src/gala/integrate/cyintegrators/leapfrog.cpp
22008	in src/gala/integrate/cyintegrators/leapfrog.cpp
0x00007fffe57cb405	22008	in src/gala/integrate/cyintegrators/leapfrog.cpp
0x00007fffe57cb408	22008	in src/gala/integrate/cyintegrators/leapfrog.cpp
21992	in src/gala/integrate/cyintegrators/leapfrog.cpp
0x00007fffe57cb411	21992	in src/gala/integrate/cyintegrators/leapfrog.cpp
0x00007fffe57cb414	21992	in src/gala/integrate/cyintegrators/leapfrog.cpp
0x00007fffe57cb416	21992	in src/gala/integrate/cyintegrators/leapfrog.cpp
21978	in src/gala/integrate/cyintegrators/leapfrog.cpp
0x00007fffe57cadb2	21978	in src/gala/integrate/cyintegrators/leapfrog.cpp
0x00007fffe57cadb6	21978	in src/gala/integrate/cyintegrators/leapfrog.cpp
0x00007fffe57cadb9	21978	in src/gala/integrate/cyintegrators/leapfrog.cpp
0x00007fffe57cadc1	21978	in src/gala/integrate/cyintegrators/leapfrog.cpp
0x00007fffe57cadc4	21978	in src/gala/integrate/cyintegrators/leapfrog.cpp
0x00007fffe57cadcc	21978	in src/gala/integrate/cyintegrators/leapfrog.cpp
0x00007fffe57cadd2	21978	in src/gala/integrate/cyintegrators/leapfrog.cpp
21882	in src/gala/integrate/cyintegrators/leapfrog.cpp
0x00007fffe57c9658	21882	in src/gala/integrate/cyintegrators/leapfrog.cpp
0x00007fffe57c965c	21882	in src/gala/integrate/cyintegrators/leapfrog.cpp
0x00007fffe57c9661	21882	in src/gala/integrate/cyintegrators/leapfrog.cpp
0x00007fffe57c9669	21882	in src/gala/integrate/cyintegrators/leapfrog.cpp
0x00007fffe57c966c	21882	in src/gala/integrate/cyintegrators/leapfrog.cpp
21898	in src/gala/integrate/cyintegrators/leapfrog.cpp
0x00007fffe57c95cb	21898	in src/gala/integrate/cyintegrators/leapfrog.cpp
0x00007fffe57c95cd	21899	in src/gala/integrate/cyintegrators/leapfrog.cpp
0x00007fffe57c95d5	21899	in src/gala/integrate/cyintegrators/leapfrog.cpp
0x00007fffe57c95da	21899	in src/gala/integrate/cyintegrators/leapfrog.cpp
0x00007fffe57c95dc	21899	in src/gala/integrate/cyintegrators/leapfrog.cpp
0x00007fffe579e350 in memset@plt () from /home/otherside123/venvs/gate2c1-trace/lib/python3.12/site-packages/gala/integrate/cyintegrators/leapfrog.cpython-312-x86_64-linux-gnu.so
__memset_avx2_unaligned_erms () at ../sysdeps/x86_64/multiarch/memset-vec-unaligned-erms.S:158
159	in ../sysdeps/x86_64/multiarch/memset-vec-unaligned-erms.S
0x00007ffff7d89788	159	in ../sysdeps/x86_64/multiarch/memset-vec-unaligned-erms.S
164	in ../sysdeps/x86_64/multiarch/memset-vec-unaligned-erms.S
165	in ../sysdeps/x86_64/multiarch/memset-vec-unaligned-erms.S
337	in ../sysdeps/x86_64/multiarch/memset-vec-unaligned-erms.S
346	in ../sysdeps/x86_64/multiarch/memset-vec-unaligned-erms.S
347	in ../sysdeps/x86_64/multiarch/memset-vec-unaligned-erms.S
378	in ../sysdeps/x86_64/multiarch/memset-vec-unaligned-erms.S
379	in ../sysdeps/x86_64/multiarch/memset-vec-unaligned-erms.S
380	in ../sysdeps/x86_64/multiarch/memset-vec-unaligned-erms.S
__pyx_f_4gala_9integrate_13cyintegrators_8leapfrog_leapfrog_integrate_hamiltonian (__pyx_skip_dispatch=1, __pyx_v_hamiltonian=<optimized out>, __pyx_v_w0=..., __pyx_v_t=..., __pyx_optional_args=<synthetic pointer>) at src/gala/integrate/cyintegrators/leapfrog.cpp:21953
0x00007fffe57c95e5	21953	in src/gala/integrate/cyintegrators/leapfrog.cpp
0x00007fffe57c95eb	21953	in src/gala/integrate/cyintegrators/leapfrog.cpp
0x00007fffe57c95ee	21953	in src/gala/integrate/cyintegrators/leapfrog.cpp
0x00007fffe57c95f1	21953	in src/gala/integrate/cyintegrators/leapfrog.cpp
0x00007fffe57c95f5	21953	in src/gala/integrate/cyintegrators/leapfrog.cpp
0x00007fffe57c95fa	21953	in src/gala/integrate/cyintegrators/leapfrog.cpp
0x00007fffe57c9603	21953	in src/gala/integrate/cyintegrators/leapfrog.cpp
0x00007fffe57c960a	21953	in src/gala/integrate/cyintegrators/leapfrog.cpp
0x00007fffe57c9612	21953	in src/gala/integrate/cyintegrators/leapfrog.cpp
0x00007fffe57c961a	21953	in src/gala/integrate/cyintegrators/leapfrog.cpp

Breakpoint -2, __pyx_f_4gala_9integrate_13cyintegrators_8leapfrog_c_leapfrog_step (__pyx_v_p=0x28cdd20, __pyx_v_n=1, __pyx_v_half_ndim=2, __pyx_v_t=0.078125, __pyx_v_dt=0.015625, __pyx_v_x_jm1=0x29fdcb0, __pyx_v_v_jm1=0x29fdcc0, __pyx_v_v_jm1_2=0x2879a40, __pyx_v_grad=0x2e9eed0) at src/gala/integrate/cyintegrators/leapfrog.cpp:21212
21212	in src/gala/integrate/cyintegrators/leapfrog.cpp
0x00007fffe57ad782	21212	in src/gala/integrate/cyintegrators/leapfrog.cpp
0x00007fffe57ad784	21212	in src/gala/integrate/cyintegrators/leapfrog.cpp
0x00007fffe57ad786	21212	in src/gala/integrate/cyintegrators/leapfrog.cpp
0x00007fffe57ad788	21212	in src/gala/integrate/cyintegrators/leapfrog.cpp
0x00007fffe57ad789	21212	in src/gala/integrate/cyintegrators/leapfrog.cpp
0x00007fffe57ad78a	21212	in src/gala/integrate/cyintegrators/leapfrog.cpp
0x00007fffe57ad78d	21212	in src/gala/integrate/cyintegrators/leapfrog.cpp
21215	in src/gala/integrate/cyintegrators/leapfrog.cpp
0x00007fffe57ad792	21190	in src/gala/integrate/cyintegrators/leapfrog.cpp
0x00007fffe57ad796	21190	in src/gala/integrate/cyintegrators/leapfrog.cpp
0x00007fffe57ad79b	21215	in src/gala/integrate/cyintegrators/leapfrog.cpp
0x00007fffe57ad79d	21215	in src/gala/integrate/cyintegrators/leapfrog.cpp
0x00007fffe57ad7a3	21215	in src/gala/integrate/cyintegrators/leapfrog.cpp
0x00007fffe57ad7a6	21215	in src/gala/integrate/cyintegrators/leapfrog.cpp
0x00007fffe57ad7ab	21215	in src/gala/integrate/cyintegrators/leapfrog.cpp
0x00007fffe57ad7ae	21215	in src/gala/integrate/cyintegrators/leapfrog.cpp
0x00007fffe57ad7b1	21215	in src/gala/integrate/cyintegrators/leapfrog.cpp
0x00007fffe57ad7b4	21215	in src/gala/integrate/cyintegrators/leapfrog.cpp
0x00007fffe57ad7b7	21215	in src/gala/integrate/cyintegrators/leapfrog.cpp
0x00007fffe57ad7bd	21215	in src/gala/integrate/cyintegrators/leapfrog.cpp
21229	in src/gala/integrate/cyintegrators/leapfrog.cpp
0x00007fffe57ad7c2	21229	in src/gala/integrate/cyintegrators/leapfrog.cpp
0x00007fffe57ad7c4	21229	in src/gala/integrate/cyintegrators/leapfrog.cpp
0x00007fffe57ad7cf	21229	in src/gala/integrate/cyintegrators/leapfrog.cpp
0x00007fffe57ad7da	21229	in src/gala/integrate/cyintegrators/leapfrog.cpp
0x00007fffe57ad7e5	21229	in src/gala/integrate/cyintegrators/leapfrog.cpp
0x00007fffe57ad7f0	21229	in src/gala/integrate/cyintegrators/leapfrog.cpp
0x00007fffe57ad7fb	21229	in src/gala/integrate/cyintegrators/leapfrog.cpp
21239	in src/gala/integrate/cyintegrators/leapfrog.cpp
0x00007fffe57ad803	21239	in src/gala/integrate/cyintegrators/leapfrog.cpp
0x00007fffe57ad808	21229	in src/gala/integrate/cyintegrators/leapfrog.cpp
0x00007fffe57ad80b	21239	in src/gala/integrate/cyintegrators/leapfrog.cpp
0x00007fffe57ad811	21239	in src/gala/integrate/cyintegrators/leapfrog.cpp
0x00007fffe57ad815	21229	in src/gala/integrate/cyintegrators/leapfrog.cpp
0x00007fffe57ad818	21239	in src/gala/integrate/cyintegrators/leapfrog.cpp
0x00007fffe57ad81d	21239	in src/gala/integrate/cyintegrators/leapfrog.cpp
21229	in src/gala/integrate/cyintegrators/leapfrog.cpp
0x00007fffe57ad825	21229	in src/gala/integrate/cyintegrators/leapfrog.cpp
21215	in src/gala/integrate/cyintegrators/leapfrog.cpp
0x00007fffe57ad82b	21215	in src/gala/integrate/cyintegrators/leapfrog.cpp
0x00007fffe57ad82e	21215	in src/gala/integrate/cyintegrators/leapfrog.cpp
0x00007fffe57ad830	21215	in src/gala/integrate/cyintegrators/leapfrog.cpp
0x00007fffe57ad832	21215	in src/gala/integrate/cyintegrators/leapfrog.cpp
0x00007fffe57ad835	21215	in src/gala/integrate/cyintegrators/leapfrog.cpp
21229	in src/gala/integrate/cyintegrators/leapfrog.cpp
0x00007fffe57ad7c2	21229	in src/gala/integrate/cyintegrators/leapfrog.cpp
0x00007fffe57ad7c4	21229	in src/gala/integrate/cyintegrators/leapfrog.cpp
0x00007fffe57ad7cf	21229	in src/gala/integrate/cyintegrators/leapfrog.cpp
0x00007fffe57ad7da	21229	in src/gala/integrate/cyintegrators/leapfrog.cpp
0x00007fffe57ad7e5	21229	in src/gala/integrate/cyintegrators/leapfrog.cpp
0x00007fffe57ad7f0	21229	in src/gala/integrate/cyintegrators/leapfrog.cpp
0x00007fffe57ad7fb	21229	in src/gala/integrate/cyintegrators/leapfrog.cpp
21239	in src/gala/integrate/cyintegrators/leapfrog.cpp
0x00007fffe57ad803	21239	in src/gala/integrate/cyintegrators/leapfrog.cpp
0x00007fffe57ad808	21229	in src/gala/integrate/cyintegrators/leapfrog.cpp
0x00007fffe57ad80b	21239	in src/gala/integrate/cyintegrators/leapfrog.cpp
0x00007fffe57ad811	21239	in src/gala/integrate/cyintegrators/leapfrog.cpp
0x00007fffe57ad815	21229	in src/gala/integrate/cyintegrators/leapfrog.cpp
0x00007fffe57ad818	21239	in src/gala/integrate/cyintegrators/leapfrog.cpp
0x00007fffe57ad81d	21239	in src/gala/integrate/cyintegrators/leapfrog.cpp
21229	in src/gala/integrate/cyintegrators/leapfrog.cpp
0x00007fffe57ad825	21229	in src/gala/integrate/cyintegrators/leapfrog.cpp
21215	in src/gala/integrate/cyintegrators/leapfrog.cpp
0x00007fffe57ad82b	21215	in src/gala/integrate/cyintegrators/leapfrog.cpp
0x00007fffe57ad82e	21215	in src/gala/integrate/cyintegrators/leapfrog.cpp
0x00007fffe57ad830	21215	in src/gala/integrate/cyintegrators/leapfrog.cpp
21253	in src/gala/integrate/cyintegrators/leapfrog.cpp
0x00007fffe57ad843	21253	in src/gala/integrate/cyintegrators/leapfrog.cpp
0x00007fffe57ad846	21253	in src/gala/integrate/cyintegrators/leapfrog.cpp
0x00007fffe579e7c0 in c_gradient(_CPotential*, unsigned long, double, double*, double*)@plt () from /home/otherside123/venvs/gate2c1-trace/lib/python3.12/site-packages/gala/integrate/cyintegrators/leapfrog.cpython-312-x86_64-linux-gnu.so
c_gradient (p=0x28cdd20, N=1, t=0.078125, qp=0x29fdcb0, grad=0x2e9eed0) at src/gala/potential/potential/src/cpotential.cpp:223
0x00007fffe57cd3f2	223	in src/gala/potential/potential/src/cpotential.cpp
0x00007fffe57cd3f4	223	in src/gala/potential/potential/src/cpotential.cpp
0x00007fffe57cd3f7	223	in src/gala/potential/potential/src/cpotential.cpp
0x00007fffe57cd3f9	223	in src/gala/potential/potential/src/cpotential.cpp
0x00007fffe57cd3fc	223	in src/gala/potential/potential/src/cpotential.cpp
0x00007fffe57cd3fe	223	in src/gala/potential/potential/src/cpotential.cpp
0x00007fffe57cd3ff	223	in src/gala/potential/potential/src/cpotential.cpp
0x00007fffe57cd400	223	in src/gala/potential/potential/src/cpotential.cpp
0x00007fffe57cd404	238	in src/gala/potential/potential/src/cpotential.cpp
0x00007fffe57cd408	223	in src/gala/potential/potential/src/cpotential.cpp
0x00007fffe57cd40b	214	in src/gala/potential/potential/src/cpotential.cpp
0x00007fffe57cd410	238	in src/gala/potential/potential/src/cpotential.cpp
0x00007fffe57cd413	214	in src/gala/potential/potential/src/cpotential.cpp
0x00007fffe57cd418	238	in src/gala/potential/potential/src/cpotential.cpp
0x00007fffe57cd41c	223	in src/gala/potential/potential/src/cpotential.cpp
0x00007fffe57cd41e	223	in src/gala/potential/potential/src/cpotential.cpp
0x00007fffe57cd424	224	in src/gala/potential/potential/src/cpotential.cpp
0x00007fffe57cd428	224	in src/gala/potential/potential/src/cpotential.cpp
0x00007fffe57cd42b	223	in src/gala/potential/potential/src/cpotential.cpp
0x00007fffe57cd42d	223	in src/gala/potential/potential/src/cpotential.cpp
224	in src/gala/potential/potential/src/cpotential.cpp
0x00007fffe57cd440	224	in src/gala/potential/potential/src/cpotential.cpp
0x00007fffe57cd442	224	in src/gala/potential/potential/src/cpotential.cpp
0x00007fffe57cd430	223	in src/gala/potential/potential/src/cpotential.cpp
0x00007fffe57cd434	223	in src/gala/potential/potential/src/cpotential.cpp
0x00007fffe57cd437	223	in src/gala/potential/potential/src/cpotential.cpp
238	in src/gala/potential/potential/src/cpotential.cpp
0x00007fffe57cd673	238	in src/gala/potential/potential/src/cpotential.cpp
0x00007fffe57cd679	239	in src/gala/potential/potential/src/cpotential.cpp
0x00007fffe57cd681	239	in src/gala/potential/potential/src/cpotential.cpp
0x00007fffe57cd684	239	in src/gala/potential/potential/src/cpotential.cpp
0x00007fffe57cd686	219	in src/gala/potential/potential/src/cpotential.cpp
0x00007fffe57cd689	239	in src/gala/potential/potential/src/cpotential.cpp
0x00007fffe579e350 in memset@plt () from /home/otherside123/venvs/gate2c1-trace/lib/python3.12/site-packages/gala/integrate/cyintegrators/leapfrog.cpython-312-x86_64-linux-gnu.so
__memset_avx2_unaligned_erms () at ../sysdeps/x86_64/multiarch/memset-vec-unaligned-erms.S:158
159	in ../sysdeps/x86_64/multiarch/memset-vec-unaligned-erms.S
0x00007ffff7d89788	159	in ../sysdeps/x86_64/multiarch/memset-vec-unaligned-erms.S
164	in ../sysdeps/x86_64/multiarch/memset-vec-unaligned-erms.S
165	in ../sysdeps/x86_64/multiarch/memset-vec-unaligned-erms.S
337	in ../sysdeps/x86_64/multiarch/memset-vec-unaligned-erms.S
346	in ../sysdeps/x86_64/multiarch/memset-vec-unaligned-erms.S
347	in ../sysdeps/x86_64/multiarch/memset-vec-unaligned-erms.S
378	in ../sysdeps/x86_64/multiarch/memset-vec-unaligned-erms.S
379	in ../sysdeps/x86_64/multiarch/memset-vec-unaligned-erms.S
380	in ../sysdeps/x86_64/multiarch/memset-vec-unaligned-erms.S
c_gradient (p=0x28cdd20, N=1, t=0.078125, qp=0x29fdcb0, grad=0x2e9eed0) at src/gala/potential/potential/src/cpotential.cpp:242
0x00007fffe57cd690	220	in src/gala/potential/potential/src/cpotential.cpp
0x00007fffe57cd695	218	in src/gala/potential/potential/src/cpotential.cpp
0x00007fffe57cd69a	218	in src/gala/potential/potential/src/cpotential.cpp
0x00007fffe57cd493	224	in src/gala/potential/potential/src/cpotential.cpp
0x00007fffe57cd497 in double6ptr::double6ptr (this=<optimized out>, q=<optimized out>, N=<optimized out>) at src/gala/potential/potential/src/../../src/vectorization.h:20
0x00007fffe57cd49f in c_gradient (p=0x28cdd20, N=1, t=0.078125, qp=0x29fdcb0, grad=0x2e9eed0) at src/gala/potential/potential/src/cpotential.cpp:242
0x00007fffe57cd4a1	242	in src/gala/potential/potential/src/cpotential.cpp
0x00007fffe57cd4a4 in double6ptr::double6ptr (this=<optimized out>, q=<optimized out>, N=<optimized out>) at src/gala/potential/potential/src/../../src/vectorization.h:20
0x00007fffe57cd4a9	21	in src/gala/potential/potential/src/../../src/vectorization.h
0x00007fffe57cd4ac	21	in src/gala/potential/potential/src/../../src/vectorization.h
0x00007fffe57cd4b0	21	in src/gala/potential/potential/src/../../src/vectorization.h
0x00007fffe57cd4b5	21	in src/gala/potential/potential/src/../../src/vectorization.h
c_gradient (p=0x28cdd20, N=1, t=0.078125, qp=0x29fdcb0, grad=0x2e9eed0) at src/gala/potential/potential/src/cpotential.cpp:243
0x00007fffe57cd505	243	in src/gala/potential/potential/src/cpotential.cpp
0x00007fffe57cd50d	243	in src/gala/potential/potential/src/cpotential.cpp
0x00007fffe57cd50f	243	in src/gala/potential/potential/src/cpotential.cpp
244	in src/gala/potential/potential/src/cpotential.cpp
0x00007fffe57cd4c4	244	in src/gala/potential/potential/src/cpotential.cpp
0x00007fffe57cd4c8	244	in src/gala/potential/potential/src/cpotential.cpp
0x00007fffe57cd4cb	244	in src/gala/potential/potential/src/cpotential.cpp
0x00007fffe57cd4ce	244	in src/gala/potential/potential/src/cpotential.cpp
0x00007fffe57cd4d3	244	in src/gala/potential/potential/src/cpotential.cpp
0x00007fffe57cd4d8	244	in src/gala/potential/potential/src/cpotential.cpp
0x00007fffe57cd4dc	244	in src/gala/potential/potential/src/cpotential.cpp
0x00007fffe57cd4e0	244	in src/gala/potential/potential/src/cpotential.cpp
0x00007fffe57cd4e4	244	in src/gala/potential/potential/src/cpotential.cpp
0x00007fffe57cd4e7	244	in src/gala/potential/potential/src/cpotential.cpp
gradientv<henon_heiles_gradient_functor> (t=0.078125, pars=0x2d98230, n_dim=2, state=0x0, q=0x29fdcb0, N=1, grad=0x2e9eed0) at src/gala/potential/src/vectorization.h:71
0x00007ffff1460a53	71	in src/gala/potential/src/vectorization.h
0x00007ffff1460a59 in double6ptr::double6ptr (this=<optimized out>, q=<optimized out>, N=<optimized out>) at src/gala/potential/src/vectorization.h:20
20	in src/gala/potential/src/vectorization.h
0x00007ffff1460a61	20	in src/gala/potential/src/vectorization.h
0x00007ffff1460a65	20	in src/gala/potential/src/vectorization.h
0x00007ffff1460a69	20	in src/gala/potential/src/vectorization.h
0x00007ffff1460b60 in gradientv<henon_heiles_gradient_functor> (t=0.078125, pars=0x2d98230, n_dim=<optimized out>, state=0x0, q=0x29fdcb0, N=1, grad=0x2e9eed0) at src/gala/potential/src/vectorization.h:71
71	in src/gala/potential/src/vectorization.h
0x00007ffff1460b63	71	in src/gala/potential/src/vectorization.h
0x00007ffff1460b65	71	in src/gala/potential/src/vectorization.h
henon_heiles_gradient_single (t=<optimized out>, pars=<optimized out>, q=..., n_dim=<optimized out>, grad=..., state=<optimized out>) at src/gala/potential/potential/builtin/builtin_potentials.cpp:37
0x00007ffff1460b76	37	in src/gala/potential/potential/builtin/builtin_potentials.cpp
0x00007ffff1460b7b	37	in src/gala/potential/potential/builtin/builtin_potentials.cpp
0x00007ffff1460b81	37	in src/gala/potential/potential/builtin/builtin_potentials.cpp
0x00007ffff1460b85	37	in src/gala/potential/potential/builtin/builtin_potentials.cpp
0x00007ffff1460b89	37	in src/gala/potential/potential/builtin/builtin_potentials.cpp
0x00007ffff1460b8d	38	in src/gala/potential/potential/builtin/builtin_potentials.cpp
0x00007ffff1460b91	37	in src/gala/potential/potential/builtin/builtin_potentials.cpp
0x00007ffff1460b95	37	in src/gala/potential/potential/builtin/builtin_potentials.cpp
0x00007ffff1460b99	37	in src/gala/potential/potential/builtin/builtin_potentials.cpp
38	in src/gala/potential/potential/builtin/builtin_potentials.cpp
0x00007ffff1460ba3	38	in src/gala/potential/potential/builtin/builtin_potentials.cpp
0x00007ffff1460ba7	38	in src/gala/potential/potential/builtin/builtin_potentials.cpp
0x00007ffff1460bac	38	in src/gala/potential/potential/builtin/builtin_potentials.cpp
0x00007ffff1460bb0	38	in src/gala/potential/potential/builtin/builtin_potentials.cpp
0x00007ffff1460bb4	38	in src/gala/potential/potential/builtin/builtin_potentials.cpp
gradientv<henon_heiles_gradient_functor> (t=<optimized out>, pars=0x2d98230, n_dim=<optimized out>, state=0x0, q=0x29fdcb0, N=1, grad=0x2e9eed0) at src/gala/potential/src/vectorization.h:71
0x00007ffff1460bbd	71	in src/gala/potential/src/vectorization.h
0x00007ffff1460bc0	71	in src/gala/potential/src/vectorization.h
0x00007ffff1460bc2 in henon_heiles_gradient (t=<optimized out>, pars=<optimized out>, q=0x29fdcb0, n_dim=<optimized out>, N=1, grad=0x2e9eed0, state=<optimized out>) at src/gala/potential/potential/builtin/builtin_potentials.cpp:2282
c_gradient (p=0x28cdd20, N=1, t=0.078125, qp=0x29fdcb0, grad=0x2e9eed0) at src/gala/potential/potential/src/cpotential.cpp:242
0x00007fffe57cd4ed	242	in src/gala/potential/potential/src/cpotential.cpp
0x00007fffe57cd4f1	242	in src/gala/potential/potential/src/cpotential.cpp
0x00007fffe57cd4f4	242	in src/gala/potential/potential/src/cpotential.cpp
283	in src/gala/potential/potential/src/cpotential.cpp
0x00007fffe57cd655	283	in src/gala/potential/potential/src/cpotential.cpp
0x00007fffe57cd65b	287	in src/gala/potential/potential/src/cpotential.cpp
0x00007fffe57cd65f	287	in src/gala/potential/potential/src/cpotential.cpp
0x00007fffe57cd660	287	in src/gala/potential/potential/src/cpotential.cpp
0x00007fffe57cd661	287	in src/gala/potential/potential/src/cpotential.cpp
0x00007fffe57cd663	287	in src/gala/potential/potential/src/cpotential.cpp
0x00007fffe57cd665	287	in src/gala/potential/potential/src/cpotential.cpp
0x00007fffe57cd667	287	in src/gala/potential/potential/src/cpotential.cpp
0x00007fffe57cd669	287	in src/gala/potential/potential/src/cpotential.cpp
0x00007fffe57ad84b in __pyx_f_4gala_9integrate_13cyintegrators_8leapfrog_c_leapfrog_step (__pyx_v_p=<optimized out>, __pyx_v_n=1, __pyx_v_half_ndim=<optimized out>, __pyx_v_t=<optimized out>, __pyx_v_dt=0.015625, __pyx_v_x_jm1=<optimized out>, __pyx_v_v_jm1=0x29fdcc0, __pyx_v_v_jm1_2=0x2879a40, __pyx_v_grad=0x2e9eed0) at src/gala/integrate/cyintegrators/leapfrog.cpp:21253
0x00007fffe57ad850	21253	in src/gala/integrate/cyintegrators/leapfrog.cpp
0x00007fffe57ad852	21272	in src/gala/integrate/cyintegrators/leapfrog.cpp
0x00007fffe57ad855	21272	in src/gala/integrate/cyintegrators/leapfrog.cpp
0x00007fffe57ad85d	21272	in src/gala/integrate/cyintegrators/leapfrog.cpp
21286	in src/gala/integrate/cyintegrators/leapfrog.cpp
0x00007fffe57ad862	21286	in src/gala/integrate/cyintegrators/leapfrog.cpp
0x00007fffe57ad864	21286	in src/gala/integrate/cyintegrators/leapfrog.cpp
0x00007fffe57ad86f	21286	in src/gala/integrate/cyintegrators/leapfrog.cpp
21296	in src/gala/integrate/cyintegrators/leapfrog.cpp
0x00007fffe57ad873	21286	in src/gala/integrate/cyintegrators/leapfrog.cpp
0x00007fffe57ad876	21296	in src/gala/integrate/cyintegrators/leapfrog.cpp
0x00007fffe57ad87e	21296	in src/gala/integrate/cyintegrators/leapfrog.cpp
0x00007fffe57ad883	21296	in src/gala/integrate/cyintegrators/leapfrog.cpp
0x00007fffe57ad886	21296	in src/gala/integrate/cyintegrators/leapfrog.cpp
0x00007fffe57ad88a	21296	in src/gala/integrate/cyintegrators/leapfrog.cpp
0x00007fffe57ad88e	21296	in src/gala/integrate/cyintegrators/leapfrog.cpp
0x00007fffe57ad892	21296	in src/gala/integrate/cyintegrators/leapfrog.cpp
0x00007fffe57ad896	21305	in src/gala/integrate/cyintegrators/leapfrog.cpp
0x00007fffe57ad89b	21296	in src/gala/integrate/cyintegrators/leapfrog.cpp
21305	in src/gala/integrate/cyintegrators/leapfrog.cpp
0x00007fffe57ad8a5	21305	in src/gala/integrate/cyintegrators/leapfrog.cpp
0x00007fffe57ad8a9	21286	in src/gala/integrate/cyintegrators/leapfrog.cpp
0x00007fffe57ad8ac	21305	in src/gala/integrate/cyintegrators/leapfrog.cpp
0x00007fffe57ad8b0	21305	in src/gala/integrate/cyintegrators/leapfrog.cpp
21286	in src/gala/integrate/cyintegrators/leapfrog.cpp
0x00007fffe57ad8b7	21286	in src/gala/integrate/cyintegrators/leapfrog.cpp
21272	in src/gala/integrate/cyintegrators/leapfrog.cpp
0x00007fffe57ad8bd	21272	in src/gala/integrate/cyintegrators/leapfrog.cpp
0x00007fffe57ad8c0	21272	in src/gala/integrate/cyintegrators/leapfrog.cpp
0x00007fffe57ad8c3	21272	in src/gala/integrate/cyintegrators/leapfrog.cpp
0x00007fffe57ad8c5	21272	in src/gala/integrate/cyintegrators/leapfrog.cpp
0x00007fffe57ad8c8	21272	in src/gala/integrate/cyintegrators/leapfrog.cpp
21286	in src/gala/integrate/cyintegrators/leapfrog.cpp
0x00007fffe57ad862	21286	in src/gala/integrate/cyintegrators/leapfrog.cpp
0x00007fffe57ad864	21286	in src/gala/integrate/cyintegrators/leapfrog.cpp
0x00007fffe57ad86f	21286	in src/gala/integrate/cyintegrators/leapfrog.cpp
21296	in src/gala/integrate/cyintegrators/leapfrog.cpp
0x00007fffe57ad873	21286	in src/gala/integrate/cyintegrators/leapfrog.cpp
0x00007fffe57ad876	21296	in src/gala/integrate/cyintegrators/leapfrog.cpp
0x00007fffe57ad87e	21296	in src/gala/integrate/cyintegrators/leapfrog.cpp
0x00007fffe57ad883	21296	in src/gala/integrate/cyintegrators/leapfrog.cpp
0x00007fffe57ad886	21296	in src/gala/integrate/cyintegrators/leapfrog.cpp
0x00007fffe57ad88a	21296	in src/gala/integrate/cyintegrators/leapfrog.cpp
0x00007fffe57ad88e	21296	in src/gala/integrate/cyintegrators/leapfrog.cpp
0x00007fffe57ad892	21296	in src/gala/integrate/cyintegrators/leapfrog.cpp
0x00007fffe57ad896	21305	in src/gala/integrate/cyintegrators/leapfrog.cpp
0x00007fffe57ad89b	21296	in src/gala/integrate/cyintegrators/leapfrog.cpp
21305	in src/gala/integrate/cyintegrators/leapfrog.cpp
0x00007fffe57ad8a5	21305	in src/gala/integrate/cyintegrators/leapfrog.cpp
0x00007fffe57ad8a9	21286	in src/gala/integrate/cyintegrators/leapfrog.cpp
0x00007fffe57ad8ac	21305	in src/gala/integrate/cyintegrators/leapfrog.cpp
0x00007fffe57ad8b0	21305	in src/gala/integrate/cyintegrators/leapfrog.cpp
21286	in src/gala/integrate/cyintegrators/leapfrog.cpp
0x00007fffe57ad8b7	21286	in src/gala/integrate/cyintegrators/leapfrog.cpp
21272	in src/gala/integrate/cyintegrators/leapfrog.cpp
0x00007fffe57ad8bd	21272	in src/gala/integrate/cyintegrators/leapfrog.cpp
0x00007fffe57ad8c0	21272	in src/gala/integrate/cyintegrators/leapfrog.cpp
0x00007fffe57ad8c3	21272	in src/gala/integrate/cyintegrators/leapfrog.cpp
0x00007fffe57ad8d5	21328	in src/gala/integrate/cyintegrators/leapfrog.cpp
0x00007fffe57ad8d9	21328	in src/gala/integrate/cyintegrators/leapfrog.cpp
0x00007fffe57ad8da	21328	in src/gala/integrate/cyintegrators/leapfrog.cpp
0x00007fffe57ad8db	21328	in src/gala/integrate/cyintegrators/leapfrog.cpp
0x00007fffe57ad8dd	21328	in src/gala/integrate/cyintegrators/leapfrog.cpp
0x00007fffe57ad8df	21328	in src/gala/integrate/cyintegrators/leapfrog.cpp
0x00007fffe57ad8e1	21328	in src/gala/integrate/cyintegrators/leapfrog.cpp
0x00007fffe57ad8e3	21328	in src/gala/integrate/cyintegrators/leapfrog.cpp
__Pyx_ErrOccurredWithGIL () at src/gala/integrate/cyintegrators/leapfrog.cpp:30419
30419	in src/gala/integrate/cyintegrators/leapfrog.cpp
0x00007fffe57c9621	30419	in src/gala/integrate/cyintegrators/leapfrog.cpp
0x00007fffe57c9623	30419	in src/gala/integrate/cyintegrators/leapfrog.cpp
0x00007fffe579e9d0 in PyGILState_Ensure@plt () from /home/otherside123/venvs/gate2c1-trace/lib/python3.12/site-packages/gala/integrate/cyintegrators/leapfrog.cpython-312-x86_64-linux-gnu.so
0x00000000006b2ba0 in PyGILState_Ensure ()
0x00000000006b2ba4 in PyGILState_Ensure ()
0x00000000006b2ba5 in PyGILState_Ensure ()
0x00000000006b2baa in PyGILState_Ensure ()
0x00000000006b2bad in PyGILState_Ensure ()
0x00000000006b2bae in PyGILState_Ensure ()
0x00000000006b2baf in PyGILState_Ensure ()
0x00000000006104e0 in PyThread_tss_get ()
0x00000000006104e4 in PyThread_tss_get ()
0x00000000006104e7 in PyThread_tss_get ()
0x0000000000421760 in pthread_getspecific@plt ()
___pthread_getspecific (key=0) at ./nptl/pthread_getspecific.c:24
29	in ./nptl/pthread_getspecific.c
0x00007ffff7c9e697	29	in ./nptl/pthread_getspecific.c
30	in ./nptl/pthread_getspecific.c
0x00007ffff7c9e69b	30	in ./nptl/pthread_getspecific.c
0x00007ffff7c9e69f	30	in ./nptl/pthread_getspecific.c
0x00007ffff7c9e6a3	30	in ./nptl/pthread_getspecific.c
54	in ./nptl/pthread_getspecific.c
55	in ./nptl/pthread_getspecific.c
0x00007ffff7c9e6b3	55	in ./nptl/pthread_getspecific.c
59	in ./nptl/pthread_getspecific.c
0x00007ffff7c9e6b7	59	in ./nptl/pthread_getspecific.c
0x00007ffff7c9e6be	59	in ./nptl/pthread_getspecific.c
0x00007ffff7c9e6c1	59	in ./nptl/pthread_getspecific.c
0x00007ffff7c9e6c5	59	in ./nptl/pthread_getspecific.c
0x00007ffff7c9e6c9	59	in ./nptl/pthread_getspecific.c
0x00007ffff7c9e6cb	64	in ./nptl/pthread_getspecific.c
0x00007ffff7c9e6ce	64	in ./nptl/pthread_getspecific.c
0x00000000006b2bb4 in PyGILState_Ensure ()
0x00000000006b2bb7 in PyGILState_Ensure ()
0x00000000006b2bbd in PyGILState_Ensure ()
0x00000000006b2bc6 in PyGILState_Ensure ()
0x00000000006b2bc9 in PyGILState_Ensure ()
0x00000000006b2bce in PyGILState_Ensure ()
0x00000000006b2bd1 in PyGILState_Ensure ()
0x00000000006b2bde in PyGILState_Ensure ()
0x00000000006b2be1 in PyGILState_Ensure ()
0x00000000005fc4c0 in PyEval_RestoreThread ()
0x00000000005fc4c4 in PyEval_RestoreThread ()
0x00000000005fc4c5 in PyEval_RestoreThread ()
0x00000000005fc4c8 in PyEval_RestoreThread ()
0x00000000005fc4c9 in PyEval_RestoreThread ()
0x00000000005fc4cd in PyEval_RestoreThread ()
0x00000000005fc4d0 in PyEval_RestoreThread ()
0x00000000005fc4d6 in PyEval_RestoreThread ()
0x00000000005fc4d9 in PyEval_RestoreThread ()
0x00000000005fbbe0 in ?? ()
0x00000000005fbbe1 in ?? ()
0x00000000005fbbe4 in ?? ()
0x00000000005fbbe6 in ?? ()
0x00000000005fbbe8 in ?? ()
0x00000000005fbbea in ?? ()
0x00000000005fbbed in ?? ()
0x00000000005fbbef in ?? ()
0x00000000005fbbf0 in ?? ()
0x00000000005fbbf4 in ?? ()
0x00000000004214b0 in __errno_location@plt ()
__GI___errno_location () at ./csu/errno-loc.c:25
26	in ./csu/errno-loc.c
0x00007ffff7c2a6eb	26	in ./csu/errno-loc.c
0x00007ffff7c2a6f4	27	in ./csu/errno-loc.c
0x00000000005fbbf9 in ?? ()
0x00000000005fbbfc in ?? ()
0x00000000005fbbff in ?? ()
0x00000000005fbc01 in ?? ()
0x00000000005fbc04 in ?? ()
0x0000000000608330 in ?? ()
0x0000000000608334 in ?? ()
0x0000000000608335 in ?? ()
0x0000000000608338 in ?? ()
0x0000000000608339 in ?? ()
0x000000000060833d in ?? ()
0x0000000000608344 in ?? ()
0x000000000060834b in ?? ()
0x000000000060834e in ?? ()
0x0000000000608350 in ?? ()
0x0000000000608354 in ?? ()
0x0000000000608358 in ?? ()
0x000000000060835f in ?? ()
0x0000000000608362 in ?? ()
0x0000000000608364 in ?? ()
0x0000000000608367 in ?? ()
0x000000000060836d in ?? ()
0x000000000060836f in ?? ()
0x0000000000608373 in ?? ()
0x0000000000608374 in ?? ()
0x00000000005fbc09 in ?? ()
0x00000000005fbc0b in ?? ()
0x00000000005fbc11 in ?? ()
0x00000000005fbc15 in ?? ()
0x00000000005fbc1d in ?? ()
0x00000000005fbc25 in ?? ()
0x00000000005fbc29 in ?? ()
0x00000000005fbc2d in ?? ()
0x00000000005fbc30 in ?? ()
0x0000000000421c00 in pthread_mutex_lock@plt ()
___pthread_mutex_lock (mutex=0xb49288 <_PyRuntime+77512>) at ./nptl/pthread_mutex_lock.c:77
80	in ./nptl/pthread_mutex_lock.c
0x00007ffff7ca00d7	80	in ./nptl/pthread_mutex_lock.c
0x00007ffff7ca00d9	80	in ./nptl/pthread_mutex_lock.c
82	in ./nptl/pthread_mutex_lock.c
84	in ./nptl/pthread_mutex_lock.c
0x00007ffff7ca00e3	84	in ./nptl/pthread_mutex_lock.c
88	in ./nptl/pthread_mutex_lock.c
0x00007ffff7ca00ea	88	in ./nptl/pthread_mutex_lock.c
0x00007ffff7ca00ed	88	in ./nptl/pthread_mutex_lock.c
0x00007ffff7ca00ee	88	in ./nptl/pthread_mutex_lock.c
0x00007ffff7ca00f2	88	in ./nptl/pthread_mutex_lock.c
0x00007ffff7ca00f4	88	in ./nptl/pthread_mutex_lock.c
90	in ./nptl/pthread_mutex_lock.c
0x00007ffff7ca0101	90	in ./nptl/pthread_mutex_lock.c
0x00007ffff7ca0104	90	in ./nptl/pthread_mutex_lock.c
lll_mutex_lock_optimized (mutex=0xb49288 <_PyRuntime+77512>) at ./nptl/pthread_mutex_lock.c:44
44	in ./nptl/pthread_mutex_lock.c
45	in ./nptl/pthread_mutex_lock.c
0x00007ffff7ca010f	45	in ./nptl/pthread_mutex_lock.c
0x00007ffff7ca0111	45	in ./nptl/pthread_mutex_lock.c
0x00007ffff7ca0118	45	in ./nptl/pthread_mutex_lock.c
0x00007ffff7ca0150	45	in ./nptl/pthread_mutex_lock.c
0x00007ffff7ca0153	45	in ./nptl/pthread_mutex_lock.c
0x00007ffff7ca0156	45	in ./nptl/pthread_mutex_lock.c
46	in ./nptl/pthread_mutex_lock.c
0x00007ffff7ca015e	46	in ./nptl/pthread_mutex_lock.c
___pthread_mutex_lock (mutex=<optimized out>) at ./nptl/pthread_mutex_lock.c:94
94	in ./nptl/pthread_mutex_lock.c
0x00007ffff7ca012e	94	in ./nptl/pthread_mutex_lock.c
0x00007ffff7ca0130	94	in ./nptl/pthread_mutex_lock.c
179	in ./nptl/pthread_mutex_lock.c
182	in ./nptl/pthread_mutex_lock.c
184	in ./nptl/pthread_mutex_lock.c
187	in ./nptl/pthread_mutex_lock.c
189	in ./nptl/pthread_mutex_lock.c
0x00007ffff7ca0148	190	in ./nptl/pthread_mutex_lock.c
0x00007ffff7ca014c	190	in ./nptl/pthread_mutex_lock.c
0x00007ffff7ca014d	190	in ./nptl/pthread_mutex_lock.c
0x00000000005fbc35 in ?? ()
0x00000000005fbc38 in ?? ()
0x00000000005fbc3a in ?? ()
0x00000000005fbc40 in ?? ()
0x00000000005fbc43 in ?? ()
0x00000000005fbc47 in ?? ()
0x00000000005fbc49 in ?? ()
0x00000000005fbc4f in ?? ()
0x00000000005fbc56 in ?? ()
0x00000000005fbc59 in ?? ()
0x00000000005fbc5d in ?? ()
0x0000000000421c00 in pthread_mutex_lock@plt ()
___pthread_mutex_lock (mutex=0xb492e0 <_PyRuntime+77600>) at ./nptl/pthread_mutex_lock.c:77
77	in ./nptl/pthread_mutex_lock.c
80	in ./nptl/pthread_mutex_lock.c
0x00007ffff7ca00d7	80	in ./nptl/pthread_mutex_lock.c
0x00007ffff7ca00d9	80	in ./nptl/pthread_mutex_lock.c
82	in ./nptl/pthread_mutex_lock.c
84	in ./nptl/pthread_mutex_lock.c
0x00007ffff7ca00e3	84	in ./nptl/pthread_mutex_lock.c
88	in ./nptl/pthread_mutex_lock.c
0x00007ffff7ca00ea	88	in ./nptl/pthread_mutex_lock.c
0x00007ffff7ca00ed	88	in ./nptl/pthread_mutex_lock.c
0x00007ffff7ca00ee	88	in ./nptl/pthread_mutex_lock.c
0x00007ffff7ca00f2	88	in ./nptl/pthread_mutex_lock.c
0x00007ffff7ca00f4	88	in ./nptl/pthread_mutex_lock.c
90	in ./nptl/pthread_mutex_lock.c
0x00007ffff7ca0101	90	in ./nptl/pthread_mutex_lock.c
0x00007ffff7ca0104	90	in ./nptl/pthread_mutex_lock.c
lll_mutex_lock_optimized (mutex=0xb492e0 <_PyRuntime+77600>) at ./nptl/pthread_mutex_lock.c:44
44	in ./nptl/pthread_mutex_lock.c
45	in ./nptl/pthread_mutex_lock.c
0x00007ffff7ca010f	45	in ./nptl/pthread_mutex_lock.c
0x00007ffff7ca0111	45	in ./nptl/pthread_mutex_lock.c
0x00007ffff7ca0118	45	in ./nptl/pthread_mutex_lock.c
0x00007ffff7ca0150	45	in ./nptl/pthread_mutex_lock.c
0x00007ffff7ca0153	45	in ./nptl/pthread_mutex_lock.c
0x00007ffff7ca0156	45	in ./nptl/pthread_mutex_lock.c
46	in ./nptl/pthread_mutex_lock.c
0x00007ffff7ca015e	46	in ./nptl/pthread_mutex_lock.c
___pthread_mutex_lock (mutex=<optimized out>) at ./nptl/pthread_mutex_lock.c:94
94	in ./nptl/pthread_mutex_lock.c
0x00007ffff7ca012e	94	in ./nptl/pthread_mutex_lock.c
0x00007ffff7ca0130	94	in ./nptl/pthread_mutex_lock.c
179	in ./nptl/pthread_mutex_lock.c
182	in ./nptl/pthread_mutex_lock.c
184	in ./nptl/pthread_mutex_lock.c
187	in ./nptl/pthread_mutex_lock.c
189	in ./nptl/pthread_mutex_lock.c
0x00007ffff7ca0148	190	in ./nptl/pthread_mutex_lock.c
0x00007ffff7ca014c	190	in ./nptl/pthread_mutex_lock.c
0x00007ffff7ca014d	190	in ./nptl/pthread_mutex_lock.c
0x00000000005fbc62 in ?? ()
0x00000000005fbc64 in ?? ()
0x00000000005fbc6a in ?? ()
0x00000000005fbc71 in ?? ()
0x00000000005fbc75 in ?? ()
0x00000000005fbc78 in ?? ()
0x00000000005fbc7e in ?? ()
0x00000000005fbc82 in ?? ()
0x0000000000420470 in pthread_cond_signal@plt ()
___pthread_cond_signal (cond=0xb492b0 <_PyRuntime+77552>) at ./nptl/pthread_cond_signal.c:35
36	in ./nptl/pthread_cond_signal.c
0x00007ffff7c9b0a5	36	in ./nptl/pthread_cond_signal.c
0x00007ffff7c9b0a8	36	in ./nptl/pthread_cond_signal.c
0x00007ffff7c9b0aa	36	in ./nptl/pthread_cond_signal.c
0x00007ffff7c9b0ac	36	in ./nptl/pthread_cond_signal.c
0x00007ffff7c9b0ae	36	in ./nptl/pthread_cond_signal.c
0x00007ffff7c9b0b0	36	in ./nptl/pthread_cond_signal.c
0x00007ffff7c9b0b1	36	in ./nptl/pthread_cond_signal.c
0x00007ffff7c9b0b5	36	in ./nptl/pthread_cond_signal.c
41	in ./nptl/pthread_cond_signal.c
42	in ./nptl/pthread_cond_signal.c
0x00007ffff7c9b0bb	42	in ./nptl/pthread_cond_signal.c
0x00007ffff7c9b0be	42	in ./nptl/pthread_cond_signal.c
0x00007ffff7c9b15b	96	in ./nptl/pthread_cond_signal.c
0x00007ffff7c9b15f	96	in ./nptl/pthread_cond_signal.c
0x00007ffff7c9b161	96	in ./nptl/pthread_cond_signal.c
0x00007ffff7c9b162	96	in ./nptl/pthread_cond_signal.c
0x00007ffff7c9b164	96	in ./nptl/pthread_cond_signal.c
0x00007ffff7c9b166	96	in ./nptl/pthread_cond_signal.c
0x00007ffff7c9b168	96	in ./nptl/pthread_cond_signal.c
0x00007ffff7c9b16a	96	in ./nptl/pthread_cond_signal.c
0x00007ffff7c9b16b	96	in ./nptl/pthread_cond_signal.c
0x00000000005fbc87 in ?? ()
0x00000000005fbc89 in ?? ()
0x00000000005fbc8f in ?? ()
0x00000000005fbc93 in ?? ()
0x0000000000421db0 in pthread_mutex_unlock@plt ()
___pthread_mutex_unlock (mutex=0xb492e0 <_PyRuntime+77600>) at ./nptl/pthread_mutex_unlock.c:367
__GI___pthread_mutex_unlock_usercnt (decr=1, mutex=0xb492e0 <_PyRuntime+77600>) at ./nptl/pthread_mutex_unlock.c:51
51	in ./nptl/pthread_mutex_unlock.c
0x00007ffff7ca1b57	51	in ./nptl/pthread_mutex_unlock.c
0x00007ffff7ca1b59	51	in ./nptl/pthread_mutex_unlock.c
52	in ./nptl/pthread_mutex_unlock.c
0x00007ffff7ca1b61	52	in ./nptl/pthread_mutex_unlock.c
___pthread_mutex_unlock (mutex=0xb492e0 <_PyRuntime+77600>) at ./nptl/pthread_mutex_unlock.c:57
57	in ./nptl/pthread_mutex_unlock.c
0x00007ffff7ca1b64	57	in ./nptl/pthread_mutex_unlock.c
0x00007ffff7ca1b67	57	in ./nptl/pthread_mutex_unlock.c
0x00007ffff7ca1b6b in __GI___pthread_mutex_unlock_usercnt (decr=1, mutex=0xb492e0 <_PyRuntime+77600>) at ./nptl/pthread_mutex_unlock.c:57
57	in ./nptl/pthread_mutex_unlock.c
0x00007ffff7ca1b6d	57	in ./nptl/pthread_mutex_unlock.c
62	in ./nptl/pthread_mutex_unlock.c
0x00007ffff7ca1b73	62	in ./nptl/pthread_mutex_unlock.c
lll_mutex_unlock_optimized (mutex=0xb492e0 <_PyRuntime+77600>) at ./nptl/pthread_mutex_unlock.c:39
39	in ./nptl/pthread_mutex_unlock.c
40	in ./nptl/pthread_mutex_unlock.c
0x00007ffff7ca1b83	40	in ./nptl/pthread_mutex_unlock.c
0x00007ffff7ca1b85	40	in ./nptl/pthread_mutex_unlock.c
0x00007ffff7ca1b8c	40	in ./nptl/pthread_mutex_unlock.c
41	in ./nptl/pthread_mutex_unlock.c
__GI___pthread_mutex_unlock_usercnt (decr=1, mutex=<optimized out>) at ./nptl/pthread_mutex_unlock.c:70
70	in ./nptl/pthread_mutex_unlock.c
72	in ./nptl/pthread_mutex_unlock.c
0x00007ffff7ca1b97 in ___pthread_mutex_unlock (mutex=<optimized out>) at ./nptl/pthread_mutex_unlock.c:369
369	in ./nptl/pthread_mutex_unlock.c
0x00007ffff7ca1b98	369	in ./nptl/pthread_mutex_unlock.c
0x00000000005fbc98 in ?? ()
0x00000000005fbc9a in ?? ()
0x00000000005fbca0 in ?? ()
0x00000000005fbca3 in ?? ()
0x0000000000608330 in ?? ()
0x0000000000608334 in ?? ()
0x0000000000608335 in ?? ()
0x0000000000608338 in ?? ()
0x0000000000608339 in ?? ()
0x000000000060833d in ?? ()
0x0000000000608344 in ?? ()
0x000000000060834b in ?? ()
0x000000000060834e in ?? ()
0x0000000000608350 in ?? ()
0x0000000000608354 in ?? ()
0x0000000000608358 in ?? ()
0x000000000060835f in ?? ()
0x0000000000608362 in ?? ()
0x0000000000608364 in ?? ()
0x0000000000608367 in ?? ()
0x000000000060836d in ?? ()
0x000000000060836f in ?? ()
0x0000000000608373 in ?? ()
0x0000000000608374 in ?? ()
0x00000000005fbca8 in ?? ()
0x00000000005fbcaa in ?? ()
0x00000000005fbcac in ?? ()
0x00000000005fbcb2 in ?? ()
0x00000000005fbcba in ?? ()
0x00000000005fbcbc in ?? ()
0x00000000005fbcc2 in ?? ()
0x00000000005fbcca in ?? ()
0x00000000005fbcd0 in ?? ()
0x00000000005fbcd2 in ?? ()
0x00000000005fbcd8 in ?? ()
0x00000000005fbcdb in ?? ()
0x00000000005fbce3 in ?? ()
0x00000000005fbce6 in ?? ()
0x0000000000610060 in PyThread_get_thread_ident ()
0x0000000000610064 in PyThread_get_thread_ident ()
0x0000000000610065 in PyThread_get_thread_ident ()
0x0000000000610068 in PyThread_get_thread_ident ()
0x000000000061006c in PyThread_get_thread_ident ()
0x0000000000610072 in PyThread_get_thread_ident ()
0x0000000000610074 in PyThread_get_thread_ident ()
0x000000000061007a in PyThread_get_thread_ident ()
0x0000000000420ef0 in pthread_self@plt ()
__GI___pthread_self () at ./nptl/pthread_self.c:23
24	in ./nptl/pthread_self.c
0x00007ffff7ca37bd	24	in ./nptl/pthread_self.c
0x000000000061007f in PyThread_get_thread_ident ()
0x0000000000610083 in PyThread_get_thread_ident ()
0x0000000000610087 in PyThread_get_thread_ident ()
0x0000000000610088 in PyThread_get_thread_ident ()
0x00000000005fbceb in ?? ()
0x00000000005fbcf2 in ?? ()
0x00000000005fbcf5 in ?? ()
0x00000000005fbcfb in ?? ()
0x00000000005fbd02 in ?? ()
0x00000000005fbd08 in ?? ()
0x00000000005fbd0e in ?? ()
0x00000000005fbd16 in ?? ()
0x00000000005fbd19 in ?? ()
0x00000000005fbd1b in ?? ()
0x00000000005fbd1d in ?? ()
0x00000000005fbd1f in ?? ()
0x00000000005fbd22 in ?? ()
0x00000000005fbd25 in ?? ()
0x00000000005fbd27 in ?? ()
0x00000000005fbd2f in ?? ()
0x00000000005fbd31 in ?? ()
0x00000000005fbd39 in ?? ()
0x00000000005fbd41 in ?? ()
0x00000000005fbd47 in ?? ()
0x00000000005fbd4a in ?? ()
0x0000000000421db0 in pthread_mutex_unlock@plt ()
___pthread_mutex_unlock (mutex=0xb49288 <_PyRuntime+77512>) at ./nptl/pthread_mutex_unlock.c:367
__GI___pthread_mutex_unlock_usercnt (decr=1, mutex=0xb49288 <_PyRuntime+77512>) at ./nptl/pthread_mutex_unlock.c:51
51	in ./nptl/pthread_mutex_unlock.c
0x00007ffff7ca1b57	51	in ./nptl/pthread_mutex_unlock.c
0x00007ffff7ca1b59	51	in ./nptl/pthread_mutex_unlock.c
52	in ./nptl/pthread_mutex_unlock.c
0x00007ffff7ca1b61	52	in ./nptl/pthread_mutex_unlock.c
___pthread_mutex_unlock (mutex=0xb49288 <_PyRuntime+77512>) at ./nptl/pthread_mutex_unlock.c:57
57	in ./nptl/pthread_mutex_unlock.c
0x00007ffff7ca1b64	57	in ./nptl/pthread_mutex_unlock.c
0x00007ffff7ca1b67	57	in ./nptl/pthread_mutex_unlock.c
0x00007ffff7ca1b6b in __GI___pthread_mutex_unlock_usercnt (decr=1, mutex=0xb49288 <_PyRuntime+77512>) at ./nptl/pthread_mutex_unlock.c:57
57	in ./nptl/pthread_mutex_unlock.c
0x00007ffff7ca1b6d	57	in ./nptl/pthread_mutex_unlock.c
62	in ./nptl/pthread_mutex_unlock.c
0x00007ffff7ca1b73	62	in ./nptl/pthread_mutex_unlock.c
lll_mutex_unlock_optimized (mutex=0xb49288 <_PyRuntime+77512>) at ./nptl/pthread_mutex_unlock.c:39
39	in ./nptl/pthread_mutex_unlock.c
40	in ./nptl/pthread_mutex_unlock.c
0x00007ffff7ca1b83	40	in ./nptl/pthread_mutex_unlock.c
0x00007ffff7ca1b85	40	in ./nptl/pthread_mutex_unlock.c
0x00007ffff7ca1b8c	40	in ./nptl/pthread_mutex_unlock.c
41	in ./nptl/pthread_mutex_unlock.c
__GI___pthread_mutex_unlock_usercnt (decr=1, mutex=<optimized out>) at ./nptl/pthread_mutex_unlock.c:70
70	in ./nptl/pthread_mutex_unlock.c
72	in ./nptl/pthread_mutex_unlock.c
0x00007ffff7ca1b97 in ___pthread_mutex_unlock (mutex=<optimized out>) at ./nptl/pthread_mutex_unlock.c:369
369	in ./nptl/pthread_mutex_unlock.c
0x00007ffff7ca1b98	369	in ./nptl/pthread_mutex_unlock.c
0x00000000005fbd4f in ?? ()
0x00000000005fbd51 in ?? ()
0x00000000005fbd57 in ?? ()
0x00000000005fbd5a in ?? ()
0x00000000005fbd5d in ?? ()
0x00000000005fbd61 in ?? ()
0x00000000005fbd62 in ?? ()
0x00000000005fbd64 in ?? ()
0x00000000005fbd66 in ?? ()
0x00000000005fbd68 in ?? ()
0x00000000005fbd6a in ?? ()
0x00000000005fbd6b in ?? ()
0x00000000005fc4de in PyEval_RestoreThread ()
0x00000000005fc4e1 in PyEval_RestoreThread ()
0x00000000005fc4e5 in PyEval_RestoreThread ()
0x00000000005fc4e6 in PyEval_RestoreThread ()
0x00000000006082c0 in ?? ()
0x00000000006082c4 in ?? ()
0x00000000006082cd in ?? ()
0x00000000006082da in ?? ()
0x00000000006082dd in ?? ()
0x00000000006082e3 in ?? ()
0x00000000006082e6 in ?? ()
0x00000000006082e8 in ?? ()
0x00000000006082f1 in ?? ()
0x00000000006082f5 in ?? ()
0x00000000006082f8 in ?? ()
0x00000000006082fa in ?? ()
0x00000000006082fd in ?? ()
0x0000000000608300 in ?? ()
0x00000000006b2be6 in PyGILState_Ensure ()
0x00000000006b2be9 in PyGILState_Ensure ()
0x00000000006b2beb in PyGILState_Ensure ()
0x00000000006b2bd3 in PyGILState_Ensure ()
0x00000000006b2bd7 in PyGILState_Ensure ()
0x00000000006b2bda in PyGILState_Ensure ()
0x00000000006b2bdb in PyGILState_Ensure ()
0x00000000006b2bdc in PyGILState_Ensure ()
0x00000000006b2bdd in PyGILState_Ensure ()
0x00007fffe57c9628 in __Pyx_ErrOccurredWithGIL () at src/gala/integrate/cyintegrators/leapfrog.cpp:30419
30420	in src/gala/integrate/cyintegrators/leapfrog.cpp
0x00007fffe579e890 in PyErr_Occurred@plt () from /home/otherside123/venvs/gate2c1-trace/lib/python3.12/site-packages/gala/integrate/cyintegrators/leapfrog.cpython-312-x86_64-linux-gnu.so
0x00000000005f1620 in PyErr_Occurred ()
0x00000000005f1624 in PyErr_Occurred ()
0x00000000005f162b in PyErr_Occurred ()
0x00000000005f162f in PyErr_Occurred ()
0x00000000005f1633 in PyErr_Occurred ()
0x00000000005f1636 in PyErr_Occurred ()
0x00000000005f1638 in PyErr_Occurred ()
0x00007fffe57c9630 in __Pyx_ErrOccurredWithGIL () at src/gala/integrate/cyintegrators/leapfrog.cpp:30421
30421	in src/gala/integrate/cyintegrators/leapfrog.cpp
0x00007fffe57c9633	30420	in src/gala/integrate/cyintegrators/leapfrog.cpp
30421	in src/gala/integrate/cyintegrators/leapfrog.cpp
0x00007fffe579e6e0 in PyGILState_Release@plt () from /home/otherside123/venvs/gate2c1-trace/lib/python3.12/site-packages/gala/integrate/cyintegrators/leapfrog.cpython-312-x86_64-linux-gnu.so
0x00000000006b2bf0 in PyGILState_Release ()
0x00000000006b2bf4 in PyGILState_Release ()
0x00000000006b2bf5 in PyGILState_Release ()
0x00000000006b2bf8 in PyGILState_Release ()
0x00000000006b2bf9 in PyGILState_Release ()
0x00000000006b2bfb in PyGILState_Release ()
0x00000000006b2c00 in PyGILState_Release ()
0x00000000006b2c04 in PyGILState_Release ()
0x00000000006104e0 in PyThread_tss_get ()
0x00000000006104e4 in PyThread_tss_get ()
0x00000000006104e7 in PyThread_tss_get ()
0x0000000000421760 in pthread_getspecific@plt ()
___pthread_getspecific (key=0) at ./nptl/pthread_getspecific.c:24
29	in ./nptl/pthread_getspecific.c
0x00007ffff7c9e697	29	in ./nptl/pthread_getspecific.c
30	in ./nptl/pthread_getspecific.c
0x00007ffff7c9e69b	30	in ./nptl/pthread_getspecific.c
0x00007ffff7c9e69f	30	in ./nptl/pthread_getspecific.c
0x00007ffff7c9e6a3	30	in ./nptl/pthread_getspecific.c
54	in ./nptl/pthread_getspecific.c
55	in ./nptl/pthread_getspecific.c
0x00007ffff7c9e6b3	55	in ./nptl/pthread_getspecific.c
59	in ./nptl/pthread_getspecific.c
0x00007ffff7c9e6b7	59	in ./nptl/pthread_getspecific.c
0x00007ffff7c9e6be	59	in ./nptl/pthread_getspecific.c
0x00007ffff7c9e6c1	59	in ./nptl/pthread_getspecific.c
0x00007ffff7c9e6c5	59	in ./nptl/pthread_getspecific.c
0x00007ffff7c9e6c9	59	in ./nptl/pthread_getspecific.c
0x00007ffff7c9e6cb	64	in ./nptl/pthread_getspecific.c
0x00007ffff7c9e6ce	64	in ./nptl/pthread_getspecific.c
0x00000000006b2c09 in PyGILState_Release ()
0x00000000006b2c0c in PyGILState_Release ()
0x00000000006b2c12 in PyGILState_Release ()
0x00000000006b2c1b in PyGILState_Release ()
0x00000000006b2c21 in PyGILState_Release ()
0x00000000006b2c25 in PyGILState_Release ()
0x00000000006b2c2b in PyGILState_Release ()
0x00000000006b2c2e in PyGILState_Release ()
0x00000000006b2c37 in PyGILState_Release ()
0x00000000006b2c3b in PyGILState_Release ()
0x00000000006b2c3c in PyGILState_Release ()
0x00000000006b2c3d in PyGILState_Release ()
0x00000000005fc060 in PyEval_SaveThread ()
0x00000000005fc064 in PyEval_SaveThread ()
0x00000000005fc065 in PyEval_SaveThread ()
0x00000000005fc067 in PyEval_SaveThread ()
0x00000000005fc06a in PyEval_SaveThread ()
0x00000000005fc06c in PyEval_SaveThread ()
0x00000000005fc06e in PyEval_SaveThread ()
0x00000000005fc070 in PyEval_SaveThread ()
0x00000000005fc071 in PyEval_SaveThread ()
0x00000000006082c0 in ?? ()
0x00000000006082c4 in ?? ()
0x00000000006082cd in ?? ()
0x00000000006082da in ?? ()
0x00000000006082dd in ?? ()
0x00000000006082df in ?? ()
0x00000000006082e3 in ?? ()
0x00000000006082e6 in ?? ()
0x0000000000608308 in ?? ()
0x00000000005fc076 in PyEval_SaveThread ()
0x00000000005fc079 in PyEval_SaveThread ()
0x00000000005fc07f in PyEval_SaveThread ()
0x00000000005fc083 in PyEval_SaveThread ()
0x00000000005fc086 in PyEval_SaveThread ()
0x00000000005fc08d in PyEval_SaveThread ()
0x00000000005fc092 in PyEval_SaveThread ()
0x00000000005fc094 in PyEval_SaveThread ()
0x00000000005fc09a in PyEval_SaveThread ()
0x00000000005fc09f in PyEval_SaveThread ()
0x00000000005fc0a4 in PyEval_SaveThread ()
0x00000000005fc0a7 in PyEval_SaveThread ()
0x0000000000421c00 in pthread_mutex_lock@plt ()
___pthread_mutex_lock (mutex=0xb49288 <_PyRuntime+77512>) at ./nptl/pthread_mutex_lock.c:77
80	in ./nptl/pthread_mutex_lock.c
0x00007ffff7ca00d7	80	in ./nptl/pthread_mutex_lock.c
0x00007ffff7ca00d9	80	in ./nptl/pthread_mutex_lock.c
82	in ./nptl/pthread_mutex_lock.c
84	in ./nptl/pthread_mutex_lock.c
0x00007ffff7ca00e3	84	in ./nptl/pthread_mutex_lock.c
88	in ./nptl/pthread_mutex_lock.c
0x00007ffff7ca00ea	88	in ./nptl/pthread_mutex_lock.c
0x00007ffff7ca00ed	88	in ./nptl/pthread_mutex_lock.c
0x00007ffff7ca00ee	88	in ./nptl/pthread_mutex_lock.c
0x00007ffff7ca00f2	88	in ./nptl/pthread_mutex_lock.c
0x00007ffff7ca00f4	88	in ./nptl/pthread_mutex_lock.c
90	in ./nptl/pthread_mutex_lock.c
0x00007ffff7ca0101	90	in ./nptl/pthread_mutex_lock.c
0x00007ffff7ca0104	90	in ./nptl/pthread_mutex_lock.c
lll_mutex_lock_optimized (mutex=0xb49288 <_PyRuntime+77512>) at ./nptl/pthread_mutex_lock.c:44
44	in ./nptl/pthread_mutex_lock.c
45	in ./nptl/pthread_mutex_lock.c
0x00007ffff7ca010f	45	in ./nptl/pthread_mutex_lock.c
0x00007ffff7ca0111	45	in ./nptl/pthread_mutex_lock.c
0x00007ffff7ca0118	45	in ./nptl/pthread_mutex_lock.c
0x00007ffff7ca0150	45	in ./nptl/pthread_mutex_lock.c
0x00007ffff7ca0153	45	in ./nptl/pthread_mutex_lock.c
0x00007ffff7ca0156	45	in ./nptl/pthread_mutex_lock.c
46	in ./nptl/pthread_mutex_lock.c
0x00007ffff7ca015e	46	in ./nptl/pthread_mutex_lock.c
___pthread_mutex_lock (mutex=<optimized out>) at ./nptl/pthread_mutex_lock.c:94
94	in ./nptl/pthread_mutex_lock.c
0x00007ffff7ca012e	94	in ./nptl/pthread_mutex_lock.c
0x00007ffff7ca0130	94	in ./nptl/pthread_mutex_lock.c
179	in ./nptl/pthread_mutex_lock.c
182	in ./nptl/pthread_mutex_lock.c
184	in ./nptl/pthread_mutex_lock.c
187	in ./nptl/pthread_mutex_lock.c
189	in ./nptl/pthread_mutex_lock.c
0x00007ffff7ca0148	190	in ./nptl/pthread_mutex_lock.c
0x00007ffff7ca014c	190	in ./nptl/pthread_mutex_lock.c
0x00007ffff7ca014d	190	in ./nptl/pthread_mutex_lock.c
0x00000000005fc0ac in PyEval_SaveThread ()
0x00000000005fc0ae in PyEval_SaveThread ()
0x00000000005fc0b4 in PyEval_SaveThread ()
0x00000000005fc0bd in PyEval_SaveThread ()
0x00000000005fc0c2 in PyEval_SaveThread ()
0x0000000000420470 in pthread_cond_signal@plt ()
___pthread_cond_signal (cond=0xb49258 <_PyRuntime+77464>) at ./nptl/pthread_cond_signal.c:35
36	in ./nptl/pthread_cond_signal.c
0x00007ffff7c9b0a5	36	in ./nptl/pthread_cond_signal.c
0x00007ffff7c9b0a8	36	in ./nptl/pthread_cond_signal.c
0x00007ffff7c9b0aa	36	in ./nptl/pthread_cond_signal.c
0x00007ffff7c9b0ac	36	in ./nptl/pthread_cond_signal.c
0x00007ffff7c9b0ae	36	in ./nptl/pthread_cond_signal.c
0x00007ffff7c9b0b0	36	in ./nptl/pthread_cond_signal.c
0x00007ffff7c9b0b1	36	in ./nptl/pthread_cond_signal.c
0x00007ffff7c9b0b5	36	in ./nptl/pthread_cond_signal.c
41	in ./nptl/pthread_cond_signal.c
42	in ./nptl/pthread_cond_signal.c
0x00007ffff7c9b0bb	42	in ./nptl/pthread_cond_signal.c
0x00007ffff7c9b0be	42	in ./nptl/pthread_cond_signal.c
0x00007ffff7c9b15b	96	in ./nptl/pthread_cond_signal.c
0x00007ffff7c9b15f	96	in ./nptl/pthread_cond_signal.c
0x00007ffff7c9b161	96	in ./nptl/pthread_cond_signal.c
0x00007ffff7c9b162	96	in ./nptl/pthread_cond_signal.c
0x00007ffff7c9b164	96	in ./nptl/pthread_cond_signal.c
0x00007ffff7c9b166	96	in ./nptl/pthread_cond_signal.c
0x00007ffff7c9b168	96	in ./nptl/pthread_cond_signal.c
0x00007ffff7c9b16a	96	in ./nptl/pthread_cond_signal.c
0x00007ffff7c9b16b	96	in ./nptl/pthread_cond_signal.c
0x00000000005fc0c7 in PyEval_SaveThread ()
0x00000000005fc0c9 in PyEval_SaveThread ()
0x00000000005fc0cf in PyEval_SaveThread ()
0x00000000005fc0d2 in PyEval_SaveThread ()
0x0000000000421db0 in pthread_mutex_unlock@plt ()
___pthread_mutex_unlock (mutex=0xb49288 <_PyRuntime+77512>) at ./nptl/pthread_mutex_unlock.c:367
__GI___pthread_mutex_unlock_usercnt (decr=1, mutex=0xb49288 <_PyRuntime+77512>) at ./nptl/pthread_mutex_unlock.c:51
51	in ./nptl/pthread_mutex_unlock.c
0x00007ffff7ca1b57	51	in ./nptl/pthread_mutex_unlock.c
0x00007ffff7ca1b59	51	in ./nptl/pthread_mutex_unlock.c
52	in ./nptl/pthread_mutex_unlock.c
0x00007ffff7ca1b61	52	in ./nptl/pthread_mutex_unlock.c
___pthread_mutex_unlock (mutex=0xb49288 <_PyRuntime+77512>) at ./nptl/pthread_mutex_unlock.c:57
57	in ./nptl/pthread_mutex_unlock.c
0x00007ffff7ca1b64	57	in ./nptl/pthread_mutex_unlock.c
0x00007ffff7ca1b67	57	in ./nptl/pthread_mutex_unlock.c
0x00007ffff7ca1b6b in __GI___pthread_mutex_unlock_usercnt (decr=1, mutex=0xb49288 <_PyRuntime+77512>) at ./nptl/pthread_mutex_unlock.c:57
57	in ./nptl/pthread_mutex_unlock.c
0x00007ffff7ca1b6d	57	in ./nptl/pthread_mutex_unlock.c
62	in ./nptl/pthread_mutex_unlock.c
0x00007ffff7ca1b73	62	in ./nptl/pthread_mutex_unlock.c
lll_mutex_unlock_optimized (mutex=0xb49288 <_PyRuntime+77512>) at ./nptl/pthread_mutex_unlock.c:39
39	in ./nptl/pthread_mutex_unlock.c
40	in ./nptl/pthread_mutex_unlock.c
0x00007ffff7ca1b83	40	in ./nptl/pthread_mutex_unlock.c
0x00007ffff7ca1b85	40	in ./nptl/pthread_mutex_unlock.c
0x00007ffff7ca1b8c	40	in ./nptl/pthread_mutex_unlock.c
41	in ./nptl/pthread_mutex_unlock.c
__GI___pthread_mutex_unlock_usercnt (decr=1, mutex=<optimized out>) at ./nptl/pthread_mutex_unlock.c:70
70	in ./nptl/pthread_mutex_unlock.c
72	in ./nptl/pthread_mutex_unlock.c
0x00007ffff7ca1b97 in ___pthread_mutex_unlock (mutex=<optimized out>) at ./nptl/pthread_mutex_unlock.c:369
369	in ./nptl/pthread_mutex_unlock.c
0x00007ffff7ca1b98	369	in ./nptl/pthread_mutex_unlock.c
0x00000000005fc0d7 in PyEval_SaveThread ()
0x00000000005fc0d9 in PyEval_SaveThread ()
0x00000000005fc0df in PyEval_SaveThread ()
0x00000000005fc0e6 in PyEval_SaveThread ()
0x00000000005fc0e8 in PyEval_SaveThread ()
0x00000000005fc0ea in PyEval_SaveThread ()
0x00000000005fc0ed in PyEval_SaveThread ()
0x00000000005fc0ee in PyEval_SaveThread ()
0x00000000005fc0f0 in PyEval_SaveThread ()
0x00000000005fc0f2 in PyEval_SaveThread ()
0x00000000005fc0f4 in PyEval_SaveThread ()
0x00000000005fc0f5 in PyEval_SaveThread ()
__pyx_f_4gala_9integrate_13cyintegrators_8leapfrog_leapfrog_integrate_hamiltonian (__pyx_skip_dispatch=1, __pyx_v_hamiltonian=<optimized out>, __pyx_v_w0=..., __pyx_v_t=..., __pyx_optional_args=<synthetic pointer>) at src/gala/integrate/cyintegrators/leapfrog.cpp:30422
0x00007fffe57c963e	30422	in src/gala/integrate/cyintegrators/leapfrog.cpp
21964	in src/gala/integrate/cyintegrators/leapfrog.cpp
0x00007fffe57c9648	21964	in src/gala/integrate/cyintegrators/leapfrog.cpp
0x00007fffe57c964a	21964	in src/gala/integrate/cyintegrators/leapfrog.cpp
21978	in src/gala/integrate/cyintegrators/leapfrog.cpp
0x00007fffe57cad07	21978	in src/gala/integrate/cyintegrators/leapfrog.cpp
0x00007fffe57cad09	21978	in src/gala/integrate/cyintegrators/leapfrog.cpp
0x00007fffe57cad0f	21978	in src/gala/integrate/cyintegrators/leapfrog.cpp
0x00007fffe57cad17	21978	in src/gala/integrate/cyintegrators/leapfrog.cpp
0x00007fffe57cad1f	21978	in src/gala/integrate/cyintegrators/leapfrog.cpp
0x00007fffe57cad22	21978	in src/gala/integrate/cyintegrators/leapfrog.cpp
0x00007fffe57cad24	21978	in src/gala/integrate/cyintegrators/leapfrog.cpp
0x00007fffe57cad28	21978	in src/gala/integrate/cyintegrators/leapfrog.cpp
21992	in src/gala/integrate/cyintegrators/leapfrog.cpp
0x00007fffe57cad32	21992	in src/gala/integrate/cyintegrators/leapfrog.cpp
0x00007fffe57cad34	21992	in src/gala/integrate/cyintegrators/leapfrog.cpp
0x00007fffe57cad3a	21992	in src/gala/integrate/cyintegrators/leapfrog.cpp
0x00007fffe57cad3c	21992	in src/gala/integrate/cyintegrators/leapfrog.cpp
0x00007fffe57cad3f	21992	in src/gala/integrate/cyintegrators/leapfrog.cpp
0x00007fffe57cad47	21992	in src/gala/integrate/cyintegrators/leapfrog.cpp
0x00007fffe57cad49	21992	in src/gala/integrate/cyintegrators/leapfrog.cpp
0x00007fffe57cad4d	21992	in src/gala/integrate/cyintegrators/leapfrog.cpp
0x00007fffe57cad51	21992	in src/gala/integrate/cyintegrators/leapfrog.cpp
0x00007fffe57cad54	21992	in src/gala/integrate/cyintegrators/leapfrog.cpp
0x00007fffe57cad5a	21992	in src/gala/integrate/cyintegrators/leapfrog.cpp
0x00007fffe57cad5e	21992	in src/gala/integrate/cyintegrators/leapfrog.cpp
0x00007fffe57cb3f2 in Py_DECREF (op=<optimized out>) at /opt/_internal/cpython-3.12.14/include/python3.12/object.h:705
0x00007fffe57cb3f5 in __pyx_f_4gala_9integrate_13cyintegrators_8leapfrog_leapfrog_integrate_hamiltonian (__pyx_skip_dispatch=1, __pyx_v_hamiltonian=<optimized out>, __pyx_v_w0=..., __pyx_v_t=..., __pyx_optional_args=<synthetic pointer>) at src/gala/integrate/cyintegrators/leapfrog.cpp:21357
0x00007fffe57cb3f7	21357	in src/gala/integrate/cyintegrators/leapfrog.cpp
22008	in src/gala/integrate/cyintegrators/leapfrog.cpp
0x00007fffe57cb405	22008	in src/gala/integrate/cyintegrators/leapfrog.cpp
0x00007fffe57cb408	22008	in src/gala/integrate/cyintegrators/leapfrog.cpp
21992	in src/gala/integrate/cyintegrators/leapfrog.cpp
0x00007fffe57cb411	21992	in src/gala/integrate/cyintegrators/leapfrog.cpp
0x00007fffe57cb414	21992	in src/gala/integrate/cyintegrators/leapfrog.cpp
0x00007fffe57cb416	21992	in src/gala/integrate/cyintegrators/leapfrog.cpp
21978	in src/gala/integrate/cyintegrators/leapfrog.cpp
0x00007fffe57cadb2	21978	in src/gala/integrate/cyintegrators/leapfrog.cpp
0x00007fffe57cadb6	21978	in src/gala/integrate/cyintegrators/leapfrog.cpp
0x00007fffe57cadb9	21978	in src/gala/integrate/cyintegrators/leapfrog.cpp
0x00007fffe57cadc1	21978	in src/gala/integrate/cyintegrators/leapfrog.cpp
0x00007fffe57cadc4	21978	in src/gala/integrate/cyintegrators/leapfrog.cpp
0x00007fffe57cadcc	21978	in src/gala/integrate/cyintegrators/leapfrog.cpp
0x00007fffe57cad51	21992	in src/gala/integrate/cyintegrators/leapfrog.cpp
0x00007fffe57cad54	21992	in src/gala/integrate/cyintegrators/leapfrog.cpp
0x00007fffe57cad5a	21992	in src/gala/integrate/cyintegrators/leapfrog.cpp
0x00007fffe57cad5e	21992	in src/gala/integrate/cyintegrators/leapfrog.cpp
0x00007fffe57cb3f2 in Py_DECREF (op=<optimized out>) at /opt/_internal/cpython-3.12.14/include/python3.12/object.h:705
0x00007fffe57cb3f5 in __pyx_f_4gala_9integrate_13cyintegrators_8leapfrog_leapfrog_integrate_hamiltonian (__pyx_skip_dispatch=1, __pyx_v_hamiltonian=<optimized out>, __pyx_v_w0=..., __pyx_v_t=..., __pyx_optional_args=<synthetic pointer>) at src/gala/integrate/cyintegrators/leapfrog.cpp:21357
0x00007fffe57cb3f7	21357	in src/gala/integrate/cyintegrators/leapfrog.cpp
22008	in src/gala/integrate/cyintegrators/leapfrog.cpp
0x00007fffe57cb405	22008	in src/gala/integrate/cyintegrators/leapfrog.cpp
0x00007fffe57cb408	22008	in src/gala/integrate/cyintegrators/leapfrog.cpp
21992	in src/gala/integrate/cyintegrators/leapfrog.cpp
0x00007fffe57cb411	21992	in src/gala/integrate/cyintegrators/leapfrog.cpp
0x00007fffe57cb414	21992	in src/gala/integrate/cyintegrators/leapfrog.cpp
0x00007fffe57cb416	21992	in src/gala/integrate/cyintegrators/leapfrog.cpp
21978	in src/gala/integrate/cyintegrators/leapfrog.cpp
0x00007fffe57cadb2	21978	in src/gala/integrate/cyintegrators/leapfrog.cpp
0x00007fffe57cadb6	21978	in src/gala/integrate/cyintegrators/leapfrog.cpp
0x00007fffe57cadb9	21978	in src/gala/integrate/cyintegrators/leapfrog.cpp
0x00007fffe57cadc1	21978	in src/gala/integrate/cyintegrators/leapfrog.cpp
0x00007fffe57cadc4	21978	in src/gala/integrate/cyintegrators/leapfrog.cpp
0x00007fffe57cadcc	21978	in src/gala/integrate/cyintegrators/leapfrog.cpp
0x00007fffe57cad51	21992	in src/gala/integrate/cyintegrators/leapfrog.cpp
0x00007fffe57cad54	21992	in src/gala/integrate/cyintegrators/leapfrog.cpp
0x00007fffe57cad5a	21992	in src/gala/integrate/cyintegrators/leapfrog.cpp
0x00007fffe57cad5e	21992	in src/gala/integrate/cyintegrators/leapfrog.cpp
0x00007fffe57cb3f2 in Py_DECREF (op=<optimized out>) at /opt/_internal/cpython-3.12.14/include/python3.12/object.h:705
0x00007fffe57cb3f5 in __pyx_f_4gala_9integrate_13cyintegrators_8leapfrog_leapfrog_integrate_hamiltonian (__pyx_skip_dispatch=1, __pyx_v_hamiltonian=<optimized out>, __pyx_v_w0=..., __pyx_v_t=..., __pyx_optional_args=<synthetic pointer>) at src/gala/integrate/cyintegrators/leapfrog.cpp:21357
0x00007fffe57cb3f7	21357	in src/gala/integrate/cyintegrators/leapfrog.cpp
22008	in src/gala/integrate/cyintegrators/leapfrog.cpp
0x00007fffe57cb405	22008	in src/gala/integrate/cyintegrators/leapfrog.cpp
0x00007fffe57cb408	22008	in src/gala/integrate/cyintegrators/leapfrog.cpp
21992	in src/gala/integrate/cyintegrators/leapfrog.cpp
0x00007fffe57cb411	21992	in src/gala/integrate/cyintegrators/leapfrog.cpp
0x00007fffe57cb414	21992	in src/gala/integrate/cyintegrators/leapfrog.cpp
0x00007fffe57cb416	21992	in src/gala/integrate/cyintegrators/leapfrog.cpp
21978	in src/gala/integrate/cyintegrators/leapfrog.cpp
0x00007fffe57cadb2	21978	in src/gala/integrate/cyintegrators/leapfrog.cpp
0x00007fffe57cadb6	21978	in src/gala/integrate/cyintegrators/leapfrog.cpp
0x00007fffe57cadb9	21978	in src/gala/integrate/cyintegrators/leapfrog.cpp
0x00007fffe57cadc1	21978	in src/gala/integrate/cyintegrators/leapfrog.cpp
0x00007fffe57cadc4	21978	in src/gala/integrate/cyintegrators/leapfrog.cpp
0x00007fffe57cadcc	21978	in src/gala/integrate/cyintegrators/leapfrog.cpp
0x00007fffe57cad51	21992	in src/gala/integrate/cyintegrators/leapfrog.cpp
0x00007fffe57cad54	21992	in src/gala/integrate/cyintegrators/leapfrog.cpp
0x00007fffe57cad5a	21992	in src/gala/integrate/cyintegrators/leapfrog.cpp
0x00007fffe57cad5e	21992	in src/gala/integrate/cyintegrators/leapfrog.cpp
0x00007fffe57cb3f2 in Py_DECREF (op=<optimized out>) at /opt/_internal/cpython-3.12.14/include/python3.12/object.h:705
0x00007fffe57cb3f5 in __pyx_f_4gala_9integrate_13cyintegrators_8leapfrog_leapfrog_integrate_hamiltonian (__pyx_skip_dispatch=1, __pyx_v_hamiltonian=<optimized out>, __pyx_v_w0=..., __pyx_v_t=..., __pyx_optional_args=<synthetic pointer>) at src/gala/integrate/cyintegrators/leapfrog.cpp:21357
0x00007fffe57cb3f7	21357	in src/gala/integrate/cyintegrators/leapfrog.cpp
22008	in src/gala/integrate/cyintegrators/leapfrog.cpp
0x00007fffe57cb405	22008	in src/gala/integrate/cyintegrators/leapfrog.cpp
0x00007fffe57cb408	22008	in src/gala/integrate/cyintegrators/leapfrog.cpp
21992	in src/gala/integrate/cyintegrators/leapfrog.cpp
0x00007fffe57cb411	21992	in src/gala/integrate/cyintegrators/leapfrog.cpp
0x00007fffe57cb414	21992	in src/gala/integrate/cyintegrators/leapfrog.cpp
0x00007fffe57cb416	21992	in src/gala/integrate/cyintegrators/leapfrog.cpp
21978	in src/gala/integrate/cyintegrators/leapfrog.cpp
0x00007fffe57cadb2	21978	in src/gala/integrate/cyintegrators/leapfrog.cpp
0x00007fffe57cadb6	21978	in src/gala/integrate/cyintegrators/leapfrog.cpp
0x00007fffe57cadb9	21978	in src/gala/integrate/cyintegrators/leapfrog.cpp
0x00007fffe57cadc1	21978	in src/gala/integrate/cyintegrators/leapfrog.cpp
0x00007fffe57cadc4	21978	in src/gala/integrate/cyintegrators/leapfrog.cpp
0x00007fffe57cadcc	21978	in src/gala/integrate/cyintegrators/leapfrog.cpp
0x00007fffe57cadd2	21978	in src/gala/integrate/cyintegrators/leapfrog.cpp
21882	in src/gala/integrate/cyintegrators/leapfrog.cpp
0x00007fffe57c9658	21882	in src/gala/integrate/cyintegrators/leapfrog.cpp
0x00007fffe57c965c	21882	in src/gala/integrate/cyintegrators/leapfrog.cpp
0x00007fffe57c9661	21882	in src/gala/integrate/cyintegrators/leapfrog.cpp
0x00007fffe57c9669	21882	in src/gala/integrate/cyintegrators/leapfrog.cpp
0x00007fffe57c966c	21882	in src/gala/integrate/cyintegrators/leapfrog.cpp
21898	in src/gala/integrate/cyintegrators/leapfrog.cpp
0x00007fffe57c95cb	21898	in src/gala/integrate/cyintegrators/leapfrog.cpp
0x00007fffe57c95cd	21899	in src/gala/integrate/cyintegrators/leapfrog.cpp
0x00007fffe57c95d5	21899	in src/gala/integrate/cyintegrators/leapfrog.cpp
0x00007fffe57c95da	21899	in src/gala/integrate/cyintegrators/leapfrog.cpp
0x00007fffe57c95dc	21899	in src/gala/integrate/cyintegrators/leapfrog.cpp
0x00007fffe579e350 in memset@plt () from /home/otherside123/venvs/gate2c1-trace/lib/python3.12/site-packages/gala/integrate/cyintegrators/leapfrog.cpython-312-x86_64-linux-gnu.so
__memset_avx2_unaligned_erms () at ../sysdeps/x86_64/multiarch/memset-vec-unaligned-erms.S:158
159	in ../sysdeps/x86_64/multiarch/memset-vec-unaligned-erms.S
0x00007ffff7d89788	159	in ../sysdeps/x86_64/multiarch/memset-vec-unaligned-erms.S
164	in ../sysdeps/x86_64/multiarch/memset-vec-unaligned-erms.S
165	in ../sysdeps/x86_64/multiarch/memset-vec-unaligned-erms.S
337	in ../sysdeps/x86_64/multiarch/memset-vec-unaligned-erms.S
346	in ../sysdeps/x86_64/multiarch/memset-vec-unaligned-erms.S
347	in ../sysdeps/x86_64/multiarch/memset-vec-unaligned-erms.S
378	in ../sysdeps/x86_64/multiarch/memset-vec-unaligned-erms.S
379	in ../sysdeps/x86_64/multiarch/memset-vec-unaligned-erms.S
380	in ../sysdeps/x86_64/multiarch/memset-vec-unaligned-erms.S
__pyx_f_4gala_9integrate_13cyintegrators_8leapfrog_leapfrog_integrate_hamiltonian (__pyx_skip_dispatch=1, __pyx_v_hamiltonian=<optimized out>, __pyx_v_w0=..., __pyx_v_t=..., __pyx_optional_args=<synthetic pointer>) at src/gala/integrate/cyintegrators/leapfrog.cpp:21953
0x00007fffe57c95e5	21953	in src/gala/integrate/cyintegrators/leapfrog.cpp
0x00007fffe57c95eb	21953	in src/gala/integrate/cyintegrators/leapfrog.cpp
0x00007fffe57c95ee	21953	in src/gala/integrate/cyintegrators/leapfrog.cpp
0x00007fffe57c95f1	21953	in src/gala/integrate/cyintegrators/leapfrog.cpp
0x00007fffe57c95f5	21953	in src/gala/integrate/cyintegrators/leapfrog.cpp
0x00007fffe57c95fa	21953	in src/gala/integrate/cyintegrators/leapfrog.cpp
0x00007fffe57c9603	21953	in src/gala/integrate/cyintegrators/leapfrog.cpp
0x00007fffe57c960a	21953	in src/gala/integrate/cyintegrators/leapfrog.cpp
0x00007fffe57c9612	21953	in src/gala/integrate/cyintegrators/leapfrog.cpp
0x00007fffe57c961a	21953	in src/gala/integrate/cyintegrators/leapfrog.cpp

Breakpoint -2, __pyx_f_4gala_9integrate_13cyintegrators_8leapfrog_c_leapfrog_step (__pyx_v_p=0x28cdd20, __pyx_v_n=1, __pyx_v_half_ndim=2, __pyx_v_t=0.09375, __pyx_v_dt=0.015625, __pyx_v_x_jm1=0x29fdcb0, __pyx_v_v_jm1=0x29fdcc0, __pyx_v_v_jm1_2=0x2879a40, __pyx_v_grad=0x2e9eed0) at src/gala/integrate/cyintegrators/leapfrog.cpp:21212
21212	in src/gala/integrate/cyintegrators/leapfrog.cpp
0x00007fffe57ad782	21212	in src/gala/integrate/cyintegrators/leapfrog.cpp
0x00007fffe57ad784	21212	in src/gala/integrate/cyintegrators/leapfrog.cpp
0x00007fffe57ad786	21212	in src/gala/integrate/cyintegrators/leapfrog.cpp
0x00007fffe57ad788	21212	in src/gala/integrate/cyintegrators/leapfrog.cpp
0x00007fffe57ad789	21212	in src/gala/integrate/cyintegrators/leapfrog.cpp
0x00007fffe57ad78a	21212	in src/gala/integrate/cyintegrators/leapfrog.cpp
0x00007fffe57ad78d	21212	in src/gala/integrate/cyintegrators/leapfrog.cpp
21215	in src/gala/integrate/cyintegrators/leapfrog.cpp
0x00007fffe57ad792	21190	in src/gala/integrate/cyintegrators/leapfrog.cpp
0x00007fffe57ad796	21190	in src/gala/integrate/cyintegrators/leapfrog.cpp
0x00007fffe57ad79b	21215	in src/gala/integrate/cyintegrators/leapfrog.cpp
0x00007fffe57ad79d	21215	in src/gala/integrate/cyintegrators/leapfrog.cpp
0x00007fffe57ad7a3	21215	in src/gala/integrate/cyintegrators/leapfrog.cpp
0x00007fffe57ad7a6	21215	in src/gala/integrate/cyintegrators/leapfrog.cpp
0x00007fffe57ad7ab	21215	in src/gala/integrate/cyintegrators/leapfrog.cpp
0x00007fffe57ad7ae	21215	in src/gala/integrate/cyintegrators/leapfrog.cpp
0x00007fffe57ad7b1	21215	in src/gala/integrate/cyintegrators/leapfrog.cpp
0x00007fffe57ad7b4	21215	in src/gala/integrate/cyintegrators/leapfrog.cpp
0x00007fffe57ad7b7	21215	in src/gala/integrate/cyintegrators/leapfrog.cpp
0x00007fffe57ad7bd	21215	in src/gala/integrate/cyintegrators/leapfrog.cpp
21229	in src/gala/integrate/cyintegrators/leapfrog.cpp
0x00007fffe57ad7c2	21229	in src/gala/integrate/cyintegrators/leapfrog.cpp
0x00007fffe57ad7c4	21229	in src/gala/integrate/cyintegrators/leapfrog.cpp
0x00007fffe57ad7cf	21229	in src/gala/integrate/cyintegrators/leapfrog.cpp
0x00007fffe57ad7da	21229	in src/gala/integrate/cyintegrators/leapfrog.cpp
0x00007fffe57ad7e5	21229	in src/gala/integrate/cyintegrators/leapfrog.cpp
0x00007fffe57ad7f0	21229	in src/gala/integrate/cyintegrators/leapfrog.cpp
0x00007fffe57ad7fb	21229	in src/gala/integrate/cyintegrators/leapfrog.cpp
21239	in src/gala/integrate/cyintegrators/leapfrog.cpp
0x00007fffe57ad803	21239	in src/gala/integrate/cyintegrators/leapfrog.cpp
0x00007fffe57ad808	21229	in src/gala/integrate/cyintegrators/leapfrog.cpp
0x00007fffe57ad80b	21239	in src/gala/integrate/cyintegrators/leapfrog.cpp
0x00007fffe57ad811	21239	in src/gala/integrate/cyintegrators/leapfrog.cpp
0x00007fffe57ad815	21229	in src/gala/integrate/cyintegrators/leapfrog.cpp
0x00007fffe57ad818	21239	in src/gala/integrate/cyintegrators/leapfrog.cpp
0x00007fffe57ad81d	21239	in src/gala/integrate/cyintegrators/leapfrog.cpp
21229	in src/gala/integrate/cyintegrators/leapfrog.cpp
0x00007fffe57ad825	21229	in src/gala/integrate/cyintegrators/leapfrog.cpp
21215	in src/gala/integrate/cyintegrators/leapfrog.cpp
0x00007fffe57ad82b	21215	in src/gala/integrate/cyintegrators/leapfrog.cpp
0x00007fffe57ad82e	21215	in src/gala/integrate/cyintegrators/leapfrog.cpp
0x00007fffe57ad830	21215	in src/gala/integrate/cyintegrators/leapfrog.cpp
0x00007fffe57ad832	21215	in src/gala/integrate/cyintegrators/leapfrog.cpp
0x00007fffe57ad835	21215	in src/gala/integrate/cyintegrators/leapfrog.cpp
21229	in src/gala/integrate/cyintegrators/leapfrog.cpp
0x00007fffe57ad7c2	21229	in src/gala/integrate/cyintegrators/leapfrog.cpp
0x00007fffe57ad7c4	21229	in src/gala/integrate/cyintegrators/leapfrog.cpp
0x00007fffe57ad7cf	21229	in src/gala/integrate/cyintegrators/leapfrog.cpp
0x00007fffe57ad7da	21229	in src/gala/integrate/cyintegrators/leapfrog.cpp
0x00007fffe57ad7e5	21229	in src/gala/integrate/cyintegrators/leapfrog.cpp
0x00007fffe57ad7f0	21229	in src/gala/integrate/cyintegrators/leapfrog.cpp
0x00007fffe57ad7fb	21229	in src/gala/integrate/cyintegrators/leapfrog.cpp
21239	in src/gala/integrate/cyintegrators/leapfrog.cpp
0x00007fffe57ad803	21239	in src/gala/integrate/cyintegrators/leapfrog.cpp
0x00007fffe57ad808	21229	in src/gala/integrate/cyintegrators/leapfrog.cpp
0x00007fffe57ad80b	21239	in src/gala/integrate/cyintegrators/leapfrog.cpp
0x00007fffe57ad811	21239	in src/gala/integrate/cyintegrators/leapfrog.cpp
0x00007fffe57ad815	21229	in src/gala/integrate/cyintegrators/leapfrog.cpp
0x00007fffe57ad818	21239	in src/gala/integrate/cyintegrators/leapfrog.cpp
0x00007fffe57ad81d	21239	in src/gala/integrate/cyintegrators/leapfrog.cpp
21229	in src/gala/integrate/cyintegrators/leapfrog.cpp
0x00007fffe57ad825	21229	in src/gala/integrate/cyintegrators/leapfrog.cpp
21215	in src/gala/integrate/cyintegrators/leapfrog.cpp
0x00007fffe57ad82b	21215	in src/gala/integrate/cyintegrators/leapfrog.cpp
0x00007fffe57ad82e	21215	in src/gala/integrate/cyintegrators/leapfrog.cpp
0x00007fffe57ad830	21215	in src/gala/integrate/cyintegrators/leapfrog.cpp
21253	in src/gala/integrate/cyintegrators/leapfrog.cpp
0x00007fffe57ad843	21253	in src/gala/integrate/cyintegrators/leapfrog.cpp
0x00007fffe57ad846	21253	in src/gala/integrate/cyintegrators/leapfrog.cpp
0x00007fffe579e7c0 in c_gradient(_CPotential*, unsigned long, double, double*, double*)@plt () from /home/otherside123/venvs/gate2c1-trace/lib/python3.12/site-packages/gala/integrate/cyintegrators/leapfrog.cpython-312-x86_64-linux-gnu.so
c_gradient (p=0x28cdd20, N=1, t=0.09375, qp=0x29fdcb0, grad=0x2e9eed0) at src/gala/potential/potential/src/cpotential.cpp:223
0x00007fffe57cd3f2	223	in src/gala/potential/potential/src/cpotential.cpp
0x00007fffe57cd3f4	223	in src/gala/potential/potential/src/cpotential.cpp
0x00007fffe57cd3f7	223	in src/gala/potential/potential/src/cpotential.cpp
0x00007fffe57cd3f9	223	in src/gala/potential/potential/src/cpotential.cpp
0x00007fffe57cd3fc	223	in src/gala/potential/potential/src/cpotential.cpp
0x00007fffe57cd3fe	223	in src/gala/potential/potential/src/cpotential.cpp
0x00007fffe57cd3ff	223	in src/gala/potential/potential/src/cpotential.cpp
0x00007fffe57cd400	223	in src/gala/potential/potential/src/cpotential.cpp
0x00007fffe57cd404	238	in src/gala/potential/potential/src/cpotential.cpp
0x00007fffe57cd408	223	in src/gala/potential/potential/src/cpotential.cpp
0x00007fffe57cd40b	214	in src/gala/potential/potential/src/cpotential.cpp
0x00007fffe57cd410	238	in src/gala/potential/potential/src/cpotential.cpp
0x00007fffe57cd413	214	in src/gala/potential/potential/src/cpotential.cpp
0x00007fffe57cd418	238	in src/gala/potential/potential/src/cpotential.cpp
0x00007fffe57cd41c	223	in src/gala/potential/potential/src/cpotential.cpp
0x00007fffe57cd41e	223	in src/gala/potential/potential/src/cpotential.cpp
0x00007fffe57cd424	224	in src/gala/potential/potential/src/cpotential.cpp
0x00007fffe57cd428	224	in src/gala/potential/potential/src/cpotential.cpp
0x00007fffe57cd42b	223	in src/gala/potential/potential/src/cpotential.cpp
0x00007fffe57cd42d	223	in src/gala/potential/potential/src/cpotential.cpp
224	in src/gala/potential/potential/src/cpotential.cpp
0x00007fffe57cd440	224	in src/gala/potential/potential/src/cpotential.cpp
0x00007fffe57cd442	224	in src/gala/potential/potential/src/cpotential.cpp
0x00007fffe57cd430	223	in src/gala/potential/potential/src/cpotential.cpp
0x00007fffe57cd434	223	in src/gala/potential/potential/src/cpotential.cpp
0x00007fffe57cd437	223	in src/gala/potential/potential/src/cpotential.cpp
238	in src/gala/potential/potential/src/cpotential.cpp
0x00007fffe57cd673	238	in src/gala/potential/potential/src/cpotential.cpp
0x00007fffe57cd679	239	in src/gala/potential/potential/src/cpotential.cpp
0x00007fffe57cd681	239	in src/gala/potential/potential/src/cpotential.cpp
0x00007fffe57cd684	239	in src/gala/potential/potential/src/cpotential.cpp
0x00007fffe57cd686	219	in src/gala/potential/potential/src/cpotential.cpp
0x00007fffe57cd689	239	in src/gala/potential/potential/src/cpotential.cpp
0x00007fffe579e350 in memset@plt () from /home/otherside123/venvs/gate2c1-trace/lib/python3.12/site-packages/gala/integrate/cyintegrators/leapfrog.cpython-312-x86_64-linux-gnu.so
__memset_avx2_unaligned_erms () at ../sysdeps/x86_64/multiarch/memset-vec-unaligned-erms.S:158
159	in ../sysdeps/x86_64/multiarch/memset-vec-unaligned-erms.S
0x00007ffff7d89788	159	in ../sysdeps/x86_64/multiarch/memset-vec-unaligned-erms.S
164	in ../sysdeps/x86_64/multiarch/memset-vec-unaligned-erms.S
165	in ../sysdeps/x86_64/multiarch/memset-vec-unaligned-erms.S
337	in ../sysdeps/x86_64/multiarch/memset-vec-unaligned-erms.S
346	in ../sysdeps/x86_64/multiarch/memset-vec-unaligned-erms.S
347	in ../sysdeps/x86_64/multiarch/memset-vec-unaligned-erms.S
378	in ../sysdeps/x86_64/multiarch/memset-vec-unaligned-erms.S
379	in ../sysdeps/x86_64/multiarch/memset-vec-unaligned-erms.S
380	in ../sysdeps/x86_64/multiarch/memset-vec-unaligned-erms.S
c_gradient (p=0x28cdd20, N=1, t=0.09375, qp=0x29fdcb0, grad=0x2e9eed0) at src/gala/potential/potential/src/cpotential.cpp:242
0x00007fffe57cd690	220	in src/gala/potential/potential/src/cpotential.cpp
0x00007fffe57cd695	218	in src/gala/potential/potential/src/cpotential.cpp
0x00007fffe57cd69a	218	in src/gala/potential/potential/src/cpotential.cpp
0x00007fffe57cd493	224	in src/gala/potential/potential/src/cpotential.cpp
0x00007fffe57cd497 in double6ptr::double6ptr (this=<optimized out>, q=<optimized out>, N=<optimized out>) at src/gala/potential/potential/src/../../src/vectorization.h:20
0x00007fffe57cd49f in c_gradient (p=0x28cdd20, N=1, t=0.09375, qp=0x29fdcb0, grad=0x2e9eed0) at src/gala/potential/potential/src/cpotential.cpp:242
0x00007fffe57cd4a1	242	in src/gala/potential/potential/src/cpotential.cpp
0x00007fffe57cd4a4 in double6ptr::double6ptr (this=<optimized out>, q=<optimized out>, N=<optimized out>) at src/gala/potential/potential/src/../../src/vectorization.h:20
0x00007fffe57cd4a9	21	in src/gala/potential/potential/src/../../src/vectorization.h
0x00007fffe57cd4ac	21	in src/gala/potential/potential/src/../../src/vectorization.h
0x00007fffe57cd4b0	21	in src/gala/potential/potential/src/../../src/vectorization.h
0x00007fffe57cd4b5	21	in src/gala/potential/potential/src/../../src/vectorization.h
c_gradient (p=0x28cdd20, N=1, t=0.09375, qp=0x29fdcb0, grad=0x2e9eed0) at src/gala/potential/potential/src/cpotential.cpp:243
0x00007fffe57cd505	243	in src/gala/potential/potential/src/cpotential.cpp
0x00007fffe57cd50d	243	in src/gala/potential/potential/src/cpotential.cpp
0x00007fffe57cd50f	243	in src/gala/potential/potential/src/cpotential.cpp
244	in src/gala/potential/potential/src/cpotential.cpp
0x00007fffe57cd4c4	244	in src/gala/potential/potential/src/cpotential.cpp
0x00007fffe57cd4c8	244	in src/gala/potential/potential/src/cpotential.cpp
0x00007fffe57cd4cb	244	in src/gala/potential/potential/src/cpotential.cpp
0x00007fffe57cd4ce	244	in src/gala/potential/potential/src/cpotential.cpp
0x00007fffe57cd4d3	244	in src/gala/potential/potential/src/cpotential.cpp
0x00007fffe57cd4d8	244	in src/gala/potential/potential/src/cpotential.cpp
0x00007fffe57cd4dc	244	in src/gala/potential/potential/src/cpotential.cpp
0x00007fffe57cd4e0	244	in src/gala/potential/potential/src/cpotential.cpp
0x00007fffe57cd4e4	244	in src/gala/potential/potential/src/cpotential.cpp
0x00007fffe57cd4e7	244	in src/gala/potential/potential/src/cpotential.cpp
gradientv<henon_heiles_gradient_functor> (t=0.09375, pars=0x2d98230, n_dim=2, state=0x0, q=0x29fdcb0, N=1, grad=0x2e9eed0) at src/gala/potential/src/vectorization.h:71
0x00007ffff1460a53	71	in src/gala/potential/src/vectorization.h
0x00007ffff1460a59 in double6ptr::double6ptr (this=<optimized out>, q=<optimized out>, N=<optimized out>) at src/gala/potential/src/vectorization.h:20
20	in src/gala/potential/src/vectorization.h
0x00007ffff1460a61	20	in src/gala/potential/src/vectorization.h
0x00007ffff1460a65	20	in src/gala/potential/src/vectorization.h
0x00007ffff1460a69	20	in src/gala/potential/src/vectorization.h
0x00007ffff1460b60 in gradientv<henon_heiles_gradient_functor> (t=0.09375, pars=0x2d98230, n_dim=<optimized out>, state=0x0, q=0x29fdcb0, N=1, grad=0x2e9eed0) at src/gala/potential/src/vectorization.h:71
71	in src/gala/potential/src/vectorization.h
0x00007ffff1460b63	71	in src/gala/potential/src/vectorization.h
0x00007ffff1460b65	71	in src/gala/potential/src/vectorization.h
henon_heiles_gradient_single (t=<optimized out>, pars=<optimized out>, q=..., n_dim=<optimized out>, grad=..., state=<optimized out>) at src/gala/potential/potential/builtin/builtin_potentials.cpp:37
0x00007ffff1460b76	37	in src/gala/potential/potential/builtin/builtin_potentials.cpp
0x00007ffff1460b7b	37	in src/gala/potential/potential/builtin/builtin_potentials.cpp
0x00007ffff1460b81	37	in src/gala/potential/potential/builtin/builtin_potentials.cpp
0x00007ffff1460b85	37	in src/gala/potential/potential/builtin/builtin_potentials.cpp
0x00007ffff1460b89	37	in src/gala/potential/potential/builtin/builtin_potentials.cpp
0x00007ffff1460b8d	38	in src/gala/potential/potential/builtin/builtin_potentials.cpp
0x00007ffff1460b91	37	in src/gala/potential/potential/builtin/builtin_potentials.cpp
0x00007ffff1460b95	37	in src/gala/potential/potential/builtin/builtin_potentials.cpp
0x00007ffff1460b99	37	in src/gala/potential/potential/builtin/builtin_potentials.cpp
38	in src/gala/potential/potential/builtin/builtin_potentials.cpp
0x00007ffff1460ba3	38	in src/gala/potential/potential/builtin/builtin_potentials.cpp
0x00007ffff1460ba7	38	in src/gala/potential/potential/builtin/builtin_potentials.cpp
0x00007ffff1460bac	38	in src/gala/potential/potential/builtin/builtin_potentials.cpp
0x00007ffff1460bb0	38	in src/gala/potential/potential/builtin/builtin_potentials.cpp
0x00007ffff1460bb4	38	in src/gala/potential/potential/builtin/builtin_potentials.cpp
gradientv<henon_heiles_gradient_functor> (t=<optimized out>, pars=0x2d98230, n_dim=<optimized out>, state=0x0, q=0x29fdcb0, N=1, grad=0x2e9eed0) at src/gala/potential/src/vectorization.h:71
0x00007ffff1460bbd	71	in src/gala/potential/src/vectorization.h
0x00007ffff1460bc0	71	in src/gala/potential/src/vectorization.h
0x00007ffff1460bc2 in henon_heiles_gradient (t=<optimized out>, pars=<optimized out>, q=0x29fdcb0, n_dim=<optimized out>, N=1, grad=0x2e9eed0, state=<optimized out>) at src/gala/potential/potential/builtin/builtin_potentials.cpp:2282
c_gradient (p=0x28cdd20, N=1, t=0.09375, qp=0x29fdcb0, grad=0x2e9eed0) at src/gala/potential/potential/src/cpotential.cpp:242
0x00007fffe57cd4ed	242	in src/gala/potential/potential/src/cpotential.cpp
0x00007fffe57cd4f1	242	in src/gala/potential/potential/src/cpotential.cpp
0x00007fffe57cd4f4	242	in src/gala/potential/potential/src/cpotential.cpp
283	in src/gala/potential/potential/src/cpotential.cpp
0x00007fffe57cd655	283	in src/gala/potential/potential/src/cpotential.cpp
0x00007fffe57cd65b	287	in src/gala/potential/potential/src/cpotential.cpp
0x00007fffe57cd65f	287	in src/gala/potential/potential/src/cpotential.cpp
0x00007fffe57cd660	287	in src/gala/potential/potential/src/cpotential.cpp
0x00007fffe57cd661	287	in src/gala/potential/potential/src/cpotential.cpp
0x00007fffe57cd663	287	in src/gala/potential/potential/src/cpotential.cpp
0x00007fffe57cd665	287	in src/gala/potential/potential/src/cpotential.cpp
0x00007fffe57cd667	287	in src/gala/potential/potential/src/cpotential.cpp
0x00007fffe57cd669	287	in src/gala/potential/potential/src/cpotential.cpp
0x00007fffe57ad84b in __pyx_f_4gala_9integrate_13cyintegrators_8leapfrog_c_leapfrog_step (__pyx_v_p=<optimized out>, __pyx_v_n=1, __pyx_v_half_ndim=<optimized out>, __pyx_v_t=<optimized out>, __pyx_v_dt=0.015625, __pyx_v_x_jm1=<optimized out>, __pyx_v_v_jm1=0x29fdcc0, __pyx_v_v_jm1_2=0x2879a40, __pyx_v_grad=0x2e9eed0) at src/gala/integrate/cyintegrators/leapfrog.cpp:21253
0x00007fffe57ad850	21253	in src/gala/integrate/cyintegrators/leapfrog.cpp
0x00007fffe57ad852	21272	in src/gala/integrate/cyintegrators/leapfrog.cpp
0x00007fffe57ad855	21272	in src/gala/integrate/cyintegrators/leapfrog.cpp
0x00007fffe57ad85d	21272	in src/gala/integrate/cyintegrators/leapfrog.cpp
21286	in src/gala/integrate/cyintegrators/leapfrog.cpp
0x00007fffe57ad862	21286	in src/gala/integrate/cyintegrators/leapfrog.cpp
0x00007fffe57ad864	21286	in src/gala/integrate/cyintegrators/leapfrog.cpp
0x00007fffe57ad86f	21286	in src/gala/integrate/cyintegrators/leapfrog.cpp
21296	in src/gala/integrate/cyintegrators/leapfrog.cpp
0x00007fffe57ad873	21286	in src/gala/integrate/cyintegrators/leapfrog.cpp
0x00007fffe57ad876	21296	in src/gala/integrate/cyintegrators/leapfrog.cpp
0x00007fffe57ad87e	21296	in src/gala/integrate/cyintegrators/leapfrog.cpp
0x00007fffe57ad883	21296	in src/gala/integrate/cyintegrators/leapfrog.cpp
0x00007fffe57ad886	21296	in src/gala/integrate/cyintegrators/leapfrog.cpp
0x00007fffe57ad88a	21296	in src/gala/integrate/cyintegrators/leapfrog.cpp
0x00007fffe57ad88e	21296	in src/gala/integrate/cyintegrators/leapfrog.cpp
0x00007fffe57ad892	21296	in src/gala/integrate/cyintegrators/leapfrog.cpp
0x00007fffe57ad896	21305	in src/gala/integrate/cyintegrators/leapfrog.cpp
0x00007fffe57ad89b	21296	in src/gala/integrate/cyintegrators/leapfrog.cpp
21305	in src/gala/integrate/cyintegrators/leapfrog.cpp
0x00007fffe57ad8a5	21305	in src/gala/integrate/cyintegrators/leapfrog.cpp
0x00007fffe57ad8a9	21286	in src/gala/integrate/cyintegrators/leapfrog.cpp
0x00007fffe57ad8ac	21305	in src/gala/integrate/cyintegrators/leapfrog.cpp
0x00007fffe57ad8b0	21305	in src/gala/integrate/cyintegrators/leapfrog.cpp
21286	in src/gala/integrate/cyintegrators/leapfrog.cpp
0x00007fffe57ad8b7	21286	in src/gala/integrate/cyintegrators/leapfrog.cpp
21272	in src/gala/integrate/cyintegrators/leapfrog.cpp
0x00007fffe57ad8bd	21272	in src/gala/integrate/cyintegrators/leapfrog.cpp
0x00007fffe57ad8c0	21272	in src/gala/integrate/cyintegrators/leapfrog.cpp
0x00007fffe57ad8c3	21272	in src/gala/integrate/cyintegrators/leapfrog.cpp
0x00007fffe57ad8c5	21272	in src/gala/integrate/cyintegrators/leapfrog.cpp
0x00007fffe57ad8c8	21272	in src/gala/integrate/cyintegrators/leapfrog.cpp
21286	in src/gala/integrate/cyintegrators/leapfrog.cpp
0x00007fffe57ad862	21286	in src/gala/integrate/cyintegrators/leapfrog.cpp
0x00007fffe57ad864	21286	in src/gala/integrate/cyintegrators/leapfrog.cpp
0x00007fffe57ad86f	21286	in src/gala/integrate/cyintegrators/leapfrog.cpp
21296	in src/gala/integrate/cyintegrators/leapfrog.cpp
0x00007fffe57ad873	21286	in src/gala/integrate/cyintegrators/leapfrog.cpp
0x00007fffe57ad876	21296	in src/gala/integrate/cyintegrators/leapfrog.cpp
0x00007fffe57ad87e	21296	in src/gala/integrate/cyintegrators/leapfrog.cpp
0x00007fffe57ad883	21296	in src/gala/integrate/cyintegrators/leapfrog.cpp
0x00007fffe57ad886	21296	in src/gala/integrate/cyintegrators/leapfrog.cpp
0x00007fffe57ad88a	21296	in src/gala/integrate/cyintegrators/leapfrog.cpp
0x00007fffe57ad88e	21296	in src/gala/integrate/cyintegrators/leapfrog.cpp
0x00007fffe57ad892	21296	in src/gala/integrate/cyintegrators/leapfrog.cpp
0x00007fffe57ad896	21305	in src/gala/integrate/cyintegrators/leapfrog.cpp
0x00007fffe57ad89b	21296	in src/gala/integrate/cyintegrators/leapfrog.cpp
21305	in src/gala/integrate/cyintegrators/leapfrog.cpp
0x00007fffe57ad8a5	21305	in src/gala/integrate/cyintegrators/leapfrog.cpp
0x00007fffe57ad8a9	21286	in src/gala/integrate/cyintegrators/leapfrog.cpp
0x00007fffe57ad8ac	21305	in src/gala/integrate/cyintegrators/leapfrog.cpp
0x00007fffe57ad8b0	21305	in src/gala/integrate/cyintegrators/leapfrog.cpp
21286	in src/gala/integrate/cyintegrators/leapfrog.cpp
0x00007fffe57ad8b7	21286	in src/gala/integrate/cyintegrators/leapfrog.cpp
21272	in src/gala/integrate/cyintegrators/leapfrog.cpp
0x00007fffe57ad8bd	21272	in src/gala/integrate/cyintegrators/leapfrog.cpp
0x00007fffe57ad8c0	21272	in src/gala/integrate/cyintegrators/leapfrog.cpp
0x00007fffe57ad8c3	21272	in src/gala/integrate/cyintegrators/leapfrog.cpp
0x00007fffe57ad8d5	21328	in src/gala/integrate/cyintegrators/leapfrog.cpp
0x00007fffe57ad8d9	21328	in src/gala/integrate/cyintegrators/leapfrog.cpp
0x00007fffe57ad8da	21328	in src/gala/integrate/cyintegrators/leapfrog.cpp
0x00007fffe57ad8db	21328	in src/gala/integrate/cyintegrators/leapfrog.cpp
0x00007fffe57ad8dd	21328	in src/gala/integrate/cyintegrators/leapfrog.cpp
0x00007fffe57ad8df	21328	in src/gala/integrate/cyintegrators/leapfrog.cpp
0x00007fffe57ad8e1	21328	in src/gala/integrate/cyintegrators/leapfrog.cpp
0x00007fffe57ad8e3	21328	in src/gala/integrate/cyintegrators/leapfrog.cpp
__Pyx_ErrOccurredWithGIL () at src/gala/integrate/cyintegrators/leapfrog.cpp:30419
30419	in src/gala/integrate/cyintegrators/leapfrog.cpp
0x00007fffe57c9621	30419	in src/gala/integrate/cyintegrators/leapfrog.cpp
0x00007fffe57c9623	30419	in src/gala/integrate/cyintegrators/leapfrog.cpp
0x00007fffe579e9d0 in PyGILState_Ensure@plt () from /home/otherside123/venvs/gate2c1-trace/lib/python3.12/site-packages/gala/integrate/cyintegrators/leapfrog.cpython-312-x86_64-linux-gnu.so
0x00000000006b2ba0 in PyGILState_Ensure ()
0x00000000006b2ba4 in PyGILState_Ensure ()
0x00000000006b2ba5 in PyGILState_Ensure ()
0x00000000006b2baa in PyGILState_Ensure ()
0x00000000006b2bad in PyGILState_Ensure ()
0x00000000006b2bae in PyGILState_Ensure ()
0x00000000006b2baf in PyGILState_Ensure ()
0x00000000006104e0 in PyThread_tss_get ()
0x00000000006104e4 in PyThread_tss_get ()
0x00000000006104e7 in PyThread_tss_get ()
0x0000000000421760 in pthread_getspecific@plt ()
___pthread_getspecific (key=0) at ./nptl/pthread_getspecific.c:24
29	in ./nptl/pthread_getspecific.c
0x00007ffff7c9e697	29	in ./nptl/pthread_getspecific.c
30	in ./nptl/pthread_getspecific.c
0x00007ffff7c9e69b	30	in ./nptl/pthread_getspecific.c
0x00007ffff7c9e69f	30	in ./nptl/pthread_getspecific.c
0x00007ffff7c9e6a3	30	in ./nptl/pthread_getspecific.c
54	in ./nptl/pthread_getspecific.c
55	in ./nptl/pthread_getspecific.c
0x00007ffff7c9e6b3	55	in ./nptl/pthread_getspecific.c
59	in ./nptl/pthread_getspecific.c
0x00007ffff7c9e6b7	59	in ./nptl/pthread_getspecific.c
0x00007ffff7c9e6be	59	in ./nptl/pthread_getspecific.c
0x00007ffff7c9e6c1	59	in ./nptl/pthread_getspecific.c
0x00007ffff7c9e6c5	59	in ./nptl/pthread_getspecific.c
0x00007ffff7c9e6c9	59	in ./nptl/pthread_getspecific.c
0x00007ffff7c9e6cb	64	in ./nptl/pthread_getspecific.c
0x00007ffff7c9e6ce	64	in ./nptl/pthread_getspecific.c
0x00000000006b2bb4 in PyGILState_Ensure ()
0x00000000006b2bb7 in PyGILState_Ensure ()
0x00000000006b2bbd in PyGILState_Ensure ()
0x00000000006b2bc6 in PyGILState_Ensure ()
0x00000000006b2bc9 in PyGILState_Ensure ()
0x00000000006b2bce in PyGILState_Ensure ()
0x00000000006b2bd1 in PyGILState_Ensure ()
0x00000000006b2bde in PyGILState_Ensure ()
0x00000000006b2be1 in PyGILState_Ensure ()
0x00000000005fc4c0 in PyEval_RestoreThread ()
0x00000000005fc4c4 in PyEval_RestoreThread ()
0x00000000005fc4c5 in PyEval_RestoreThread ()
0x00000000005fc4c8 in PyEval_RestoreThread ()
0x00000000005fc4c9 in PyEval_RestoreThread ()
0x00000000005fc4cd in PyEval_RestoreThread ()
0x00000000005fc4d0 in PyEval_RestoreThread ()
0x00000000005fc4d6 in PyEval_RestoreThread ()
0x00000000005fc4d9 in PyEval_RestoreThread ()
0x00000000005fbbe0 in ?? ()
0x00000000005fbbe1 in ?? ()
0x00000000005fbbe4 in ?? ()
0x00000000005fbbe6 in ?? ()
0x00000000005fbbe8 in ?? ()
0x00000000005fbbea in ?? ()
0x00000000005fbbed in ?? ()
0x00000000005fbbef in ?? ()
0x00000000005fbbf0 in ?? ()
0x00000000005fbbf4 in ?? ()
0x00000000004214b0 in __errno_location@plt ()
__GI___errno_location () at ./csu/errno-loc.c:25
26	in ./csu/errno-loc.c
0x00007ffff7c2a6eb	26	in ./csu/errno-loc.c
0x00007ffff7c2a6f4	27	in ./csu/errno-loc.c
0x00000000005fbbf9 in ?? ()
0x00000000005fbbfc in ?? ()
0x00000000005fbbff in ?? ()
0x00000000005fbc01 in ?? ()
0x00000000005fbc04 in ?? ()
0x0000000000608330 in ?? ()
0x0000000000608334 in ?? ()
0x0000000000608335 in ?? ()
0x0000000000608338 in ?? ()
0x0000000000608339 in ?? ()
0x000000000060833d in ?? ()
0x0000000000608344 in ?? ()
0x000000000060834b in ?? ()
0x000000000060834e in ?? ()
0x0000000000608350 in ?? ()
0x0000000000608354 in ?? ()
0x0000000000608358 in ?? ()
0x000000000060835f in ?? ()
0x0000000000608362 in ?? ()
0x0000000000608364 in ?? ()
0x0000000000608367 in ?? ()
0x000000000060836d in ?? ()
0x000000000060836f in ?? ()
0x0000000000608373 in ?? ()
0x0000000000608374 in ?? ()
0x00000000005fbc09 in ?? ()
0x00000000005fbc0b in ?? ()
0x00000000005fbc11 in ?? ()
0x00000000005fbc15 in ?? ()
0x00000000005fbc1d in ?? ()
0x00000000005fbc25 in ?? ()
0x00000000005fbc29 in ?? ()
0x00000000005fbc2d in ?? ()
0x00000000005fbc30 in ?? ()
0x0000000000421c00 in pthread_mutex_lock@plt ()
___pthread_mutex_lock (mutex=0xb49288 <_PyRuntime+77512>) at ./nptl/pthread_mutex_lock.c:77
80	in ./nptl/pthread_mutex_lock.c
0x00007ffff7ca00d7	80	in ./nptl/pthread_mutex_lock.c
0x00007ffff7ca00d9	80	in ./nptl/pthread_mutex_lock.c
82	in ./nptl/pthread_mutex_lock.c
84	in ./nptl/pthread_mutex_lock.c
0x00007ffff7ca00e3	84	in ./nptl/pthread_mutex_lock.c
88	in ./nptl/pthread_mutex_lock.c
0x00007ffff7ca00ea	88	in ./nptl/pthread_mutex_lock.c
0x00007ffff7ca00ed	88	in ./nptl/pthread_mutex_lock.c
0x00007ffff7ca00ee	88	in ./nptl/pthread_mutex_lock.c
0x00007ffff7ca00f2	88	in ./nptl/pthread_mutex_lock.c
0x00007ffff7ca00f4	88	in ./nptl/pthread_mutex_lock.c
90	in ./nptl/pthread_mutex_lock.c
0x00007ffff7ca0101	90	in ./nptl/pthread_mutex_lock.c
0x00007ffff7ca0104	90	in ./nptl/pthread_mutex_lock.c
lll_mutex_lock_optimized (mutex=0xb49288 <_PyRuntime+77512>) at ./nptl/pthread_mutex_lock.c:44
44	in ./nptl/pthread_mutex_lock.c
45	in ./nptl/pthread_mutex_lock.c
0x00007ffff7ca010f	45	in ./nptl/pthread_mutex_lock.c
0x00007ffff7ca0111	45	in ./nptl/pthread_mutex_lock.c
0x00007ffff7ca0118	45	in ./nptl/pthread_mutex_lock.c
0x00007ffff7ca0150	45	in ./nptl/pthread_mutex_lock.c
0x00007ffff7ca0153	45	in ./nptl/pthread_mutex_lock.c
0x00007ffff7ca0156	45	in ./nptl/pthread_mutex_lock.c
46	in ./nptl/pthread_mutex_lock.c
0x00007ffff7ca015e	46	in ./nptl/pthread_mutex_lock.c
___pthread_mutex_lock (mutex=<optimized out>) at ./nptl/pthread_mutex_lock.c:94
94	in ./nptl/pthread_mutex_lock.c
0x00007ffff7ca012e	94	in ./nptl/pthread_mutex_lock.c
0x00007ffff7ca0130	94	in ./nptl/pthread_mutex_lock.c
179	in ./nptl/pthread_mutex_lock.c
182	in ./nptl/pthread_mutex_lock.c
184	in ./nptl/pthread_mutex_lock.c
187	in ./nptl/pthread_mutex_lock.c
189	in ./nptl/pthread_mutex_lock.c
0x00007ffff7ca0148	190	in ./nptl/pthread_mutex_lock.c
0x00007ffff7ca014c	190	in ./nptl/pthread_mutex_lock.c
0x00007ffff7ca014d	190	in ./nptl/pthread_mutex_lock.c
0x00000000005fbc35 in ?? ()
0x00000000005fbc38 in ?? ()
0x00000000005fbc3a in ?? ()
0x00000000005fbc40 in ?? ()
0x00000000005fbc43 in ?? ()
0x00000000005fbc47 in ?? ()
0x00000000005fbc49 in ?? ()
0x00000000005fbc4f in ?? ()
0x00000000005fbc56 in ?? ()
0x00000000005fbc59 in ?? ()
0x00000000005fbc5d in ?? ()
0x0000000000421c00 in pthread_mutex_lock@plt ()
___pthread_mutex_lock (mutex=0xb492e0 <_PyRuntime+77600>) at ./nptl/pthread_mutex_lock.c:77
77	in ./nptl/pthread_mutex_lock.c
80	in ./nptl/pthread_mutex_lock.c
0x00007ffff7ca00d7	80	in ./nptl/pthread_mutex_lock.c
0x00007ffff7ca00d9	80	in ./nptl/pthread_mutex_lock.c
82	in ./nptl/pthread_mutex_lock.c
84	in ./nptl/pthread_mutex_lock.c
0x00007ffff7ca00e3	84	in ./nptl/pthread_mutex_lock.c
88	in ./nptl/pthread_mutex_lock.c
0x00007ffff7ca00ea	88	in ./nptl/pthread_mutex_lock.c
0x00007ffff7ca00ed	88	in ./nptl/pthread_mutex_lock.c
0x00007ffff7ca00ee	88	in ./nptl/pthread_mutex_lock.c
0x00007ffff7ca00f2	88	in ./nptl/pthread_mutex_lock.c
0x00007ffff7ca00f4	88	in ./nptl/pthread_mutex_lock.c
90	in ./nptl/pthread_mutex_lock.c
0x00007ffff7ca0101	90	in ./nptl/pthread_mutex_lock.c
0x00007ffff7ca0104	90	in ./nptl/pthread_mutex_lock.c
lll_mutex_lock_optimized (mutex=0xb492e0 <_PyRuntime+77600>) at ./nptl/pthread_mutex_lock.c:44
44	in ./nptl/pthread_mutex_lock.c
45	in ./nptl/pthread_mutex_lock.c
0x00007ffff7ca010f	45	in ./nptl/pthread_mutex_lock.c
0x00007ffff7ca0111	45	in ./nptl/pthread_mutex_lock.c
0x00007ffff7ca0118	45	in ./nptl/pthread_mutex_lock.c
0x00007ffff7ca0150	45	in ./nptl/pthread_mutex_lock.c
0x00007ffff7ca0153	45	in ./nptl/pthread_mutex_lock.c
0x00007ffff7ca0156	45	in ./nptl/pthread_mutex_lock.c
46	in ./nptl/pthread_mutex_lock.c
0x00007ffff7ca015e	46	in ./nptl/pthread_mutex_lock.c
___pthread_mutex_lock (mutex=<optimized out>) at ./nptl/pthread_mutex_lock.c:94
94	in ./nptl/pthread_mutex_lock.c
0x00007ffff7ca012e	94	in ./nptl/pthread_mutex_lock.c
0x00007ffff7ca0130	94	in ./nptl/pthread_mutex_lock.c
179	in ./nptl/pthread_mutex_lock.c
182	in ./nptl/pthread_mutex_lock.c
184	in ./nptl/pthread_mutex_lock.c
187	in ./nptl/pthread_mutex_lock.c
189	in ./nptl/pthread_mutex_lock.c
0x00007ffff7ca0148	190	in ./nptl/pthread_mutex_lock.c
0x00007ffff7ca014c	190	in ./nptl/pthread_mutex_lock.c
0x00007ffff7ca014d	190	in ./nptl/pthread_mutex_lock.c
0x00000000005fbc62 in ?? ()
0x00000000005fbc64 in ?? ()
0x00000000005fbc6a in ?? ()
0x00000000005fbc71 in ?? ()
0x00000000005fbc75 in ?? ()
0x00000000005fbc78 in ?? ()
0x00000000005fbc7e in ?? ()
0x00000000005fbc82 in ?? ()
0x0000000000420470 in pthread_cond_signal@plt ()
___pthread_cond_signal (cond=0xb492b0 <_PyRuntime+77552>) at ./nptl/pthread_cond_signal.c:35
36	in ./nptl/pthread_cond_signal.c
0x00007ffff7c9b0a5	36	in ./nptl/pthread_cond_signal.c
0x00007ffff7c9b0a8	36	in ./nptl/pthread_cond_signal.c
0x00007ffff7c9b0aa	36	in ./nptl/pthread_cond_signal.c
0x00007ffff7c9b0ac	36	in ./nptl/pthread_cond_signal.c
0x00007ffff7c9b0ae	36	in ./nptl/pthread_cond_signal.c
0x00007ffff7c9b0b0	36	in ./nptl/pthread_cond_signal.c
0x00007ffff7c9b0b1	36	in ./nptl/pthread_cond_signal.c
0x00007ffff7c9b0b5	36	in ./nptl/pthread_cond_signal.c
41	in ./nptl/pthread_cond_signal.c
42	in ./nptl/pthread_cond_signal.c
0x00007ffff7c9b0bb	42	in ./nptl/pthread_cond_signal.c
0x00007ffff7c9b0be	42	in ./nptl/pthread_cond_signal.c
0x00007ffff7c9b15b	96	in ./nptl/pthread_cond_signal.c
0x00007ffff7c9b15f	96	in ./nptl/pthread_cond_signal.c
0x00007ffff7c9b161	96	in ./nptl/pthread_cond_signal.c
0x00007ffff7c9b162	96	in ./nptl/pthread_cond_signal.c
0x00007ffff7c9b164	96	in ./nptl/pthread_cond_signal.c
0x00007ffff7c9b166	96	in ./nptl/pthread_cond_signal.c
0x00007ffff7c9b168	96	in ./nptl/pthread_cond_signal.c
0x00007ffff7c9b16a	96	in ./nptl/pthread_cond_signal.c
0x00007ffff7c9b16b	96	in ./nptl/pthread_cond_signal.c
0x00000000005fbc87 in ?? ()
0x00000000005fbc89 in ?? ()
0x00000000005fbc8f in ?? ()
0x00000000005fbc93 in ?? ()
0x0000000000421db0 in pthread_mutex_unlock@plt ()
___pthread_mutex_unlock (mutex=0xb492e0 <_PyRuntime+77600>) at ./nptl/pthread_mutex_unlock.c:367
__GI___pthread_mutex_unlock_usercnt (decr=1, mutex=0xb492e0 <_PyRuntime+77600>) at ./nptl/pthread_mutex_unlock.c:51
51	in ./nptl/pthread_mutex_unlock.c
0x00007ffff7ca1b57	51	in ./nptl/pthread_mutex_unlock.c
0x00007ffff7ca1b59	51	in ./nptl/pthread_mutex_unlock.c
52	in ./nptl/pthread_mutex_unlock.c
0x00007ffff7ca1b61	52	in ./nptl/pthread_mutex_unlock.c
___pthread_mutex_unlock (mutex=0xb492e0 <_PyRuntime+77600>) at ./nptl/pthread_mutex_unlock.c:57
57	in ./nptl/pthread_mutex_unlock.c
0x00007ffff7ca1b64	57	in ./nptl/pthread_mutex_unlock.c
0x00007ffff7ca1b67	57	in ./nptl/pthread_mutex_unlock.c
0x00007ffff7ca1b6b in __GI___pthread_mutex_unlock_usercnt (decr=1, mutex=0xb492e0 <_PyRuntime+77600>) at ./nptl/pthread_mutex_unlock.c:57
57	in ./nptl/pthread_mutex_unlock.c
0x00007ffff7ca1b6d	57	in ./nptl/pthread_mutex_unlock.c
62	in ./nptl/pthread_mutex_unlock.c
0x00007ffff7ca1b73	62	in ./nptl/pthread_mutex_unlock.c
lll_mutex_unlock_optimized (mutex=0xb492e0 <_PyRuntime+77600>) at ./nptl/pthread_mutex_unlock.c:39
39	in ./nptl/pthread_mutex_unlock.c
40	in ./nptl/pthread_mutex_unlock.c
0x00007ffff7ca1b83	40	in ./nptl/pthread_mutex_unlock.c
0x00007ffff7ca1b85	40	in ./nptl/pthread_mutex_unlock.c
0x00007ffff7ca1b8c	40	in ./nptl/pthread_mutex_unlock.c
41	in ./nptl/pthread_mutex_unlock.c
__GI___pthread_mutex_unlock_usercnt (decr=1, mutex=<optimized out>) at ./nptl/pthread_mutex_unlock.c:70
70	in ./nptl/pthread_mutex_unlock.c
72	in ./nptl/pthread_mutex_unlock.c
0x00007ffff7ca1b97 in ___pthread_mutex_unlock (mutex=<optimized out>) at ./nptl/pthread_mutex_unlock.c:369
369	in ./nptl/pthread_mutex_unlock.c
0x00007ffff7ca1b98	369	in ./nptl/pthread_mutex_unlock.c
0x00000000005fbc98 in ?? ()
0x00000000005fbc9a in ?? ()
0x00000000005fbca0 in ?? ()
0x00000000005fbca3 in ?? ()
0x0000000000608330 in ?? ()
0x0000000000608334 in ?? ()
0x0000000000608335 in ?? ()
0x0000000000608338 in ?? ()
0x0000000000608339 in ?? ()
0x000000000060833d in ?? ()
0x0000000000608344 in ?? ()
0x000000000060834b in ?? ()
0x000000000060834e in ?? ()
0x0000000000608350 in ?? ()
0x0000000000608354 in ?? ()
0x0000000000608358 in ?? ()
0x000000000060835f in ?? ()
0x0000000000608362 in ?? ()
0x0000000000608364 in ?? ()
0x0000000000608367 in ?? ()
0x000000000060836d in ?? ()
0x000000000060836f in ?? ()
0x0000000000608373 in ?? ()
0x0000000000608374 in ?? ()
0x00000000005fbca8 in ?? ()
0x00000000005fbcaa in ?? ()
0x00000000005fbcac in ?? ()
0x00000000005fbcb2 in ?? ()
0x00000000005fbcba in ?? ()
0x00000000005fbcbc in ?? ()
0x00000000005fbcc2 in ?? ()
0x00000000005fbcca in ?? ()
0x00000000005fbcd0 in ?? ()
0x00000000005fbcd2 in ?? ()
0x00000000005fbcd8 in ?? ()
0x00000000005fbcdb in ?? ()
0x00000000005fbce3 in ?? ()
0x00000000005fbce6 in ?? ()
0x0000000000610060 in PyThread_get_thread_ident ()
0x0000000000610064 in PyThread_get_thread_ident ()
0x0000000000610065 in PyThread_get_thread_ident ()
0x0000000000610068 in PyThread_get_thread_ident ()
0x000000000061006c in PyThread_get_thread_ident ()
0x0000000000610072 in PyThread_get_thread_ident ()
0x0000000000610074 in PyThread_get_thread_ident ()
0x000000000061007a in PyThread_get_thread_ident ()
0x0000000000420ef0 in pthread_self@plt ()
__GI___pthread_self () at ./nptl/pthread_self.c:23
24	in ./nptl/pthread_self.c
0x00007ffff7ca37bd	24	in ./nptl/pthread_self.c
0x000000000061007f in PyThread_get_thread_ident ()
0x0000000000610083 in PyThread_get_thread_ident ()
0x0000000000610087 in PyThread_get_thread_ident ()
0x0000000000610088 in PyThread_get_thread_ident ()
0x00000000005fbceb in ?? ()
0x00000000005fbcf2 in ?? ()
0x00000000005fbcf5 in ?? ()
0x00000000005fbcfb in ?? ()
0x00000000005fbd02 in ?? ()
0x00000000005fbd08 in ?? ()
0x00000000005fbd0e in ?? ()
0x00000000005fbd16 in ?? ()
0x00000000005fbd19 in ?? ()
0x00000000005fbd1b in ?? ()
0x00000000005fbd1d in ?? ()
0x00000000005fbd1f in ?? ()
0x00000000005fbd22 in ?? ()
0x00000000005fbd25 in ?? ()
0x00000000005fbd27 in ?? ()
0x00000000005fbd2f in ?? ()
0x00000000005fbd31 in ?? ()
0x00000000005fbd39 in ?? ()
0x00000000005fbd41 in ?? ()
0x00000000005fbd47 in ?? ()
0x00000000005fbd4a in ?? ()
0x0000000000421db0 in pthread_mutex_unlock@plt ()
___pthread_mutex_unlock (mutex=0xb49288 <_PyRuntime+77512>) at ./nptl/pthread_mutex_unlock.c:367
__GI___pthread_mutex_unlock_usercnt (decr=1, mutex=0xb49288 <_PyRuntime+77512>) at ./nptl/pthread_mutex_unlock.c:51
51	in ./nptl/pthread_mutex_unlock.c
0x00007ffff7ca1b57	51	in ./nptl/pthread_mutex_unlock.c
0x00007ffff7ca1b59	51	in ./nptl/pthread_mutex_unlock.c
52	in ./nptl/pthread_mutex_unlock.c
0x00007ffff7ca1b61	52	in ./nptl/pthread_mutex_unlock.c
___pthread_mutex_unlock (mutex=0xb49288 <_PyRuntime+77512>) at ./nptl/pthread_mutex_unlock.c:57
57	in ./nptl/pthread_mutex_unlock.c
0x00007ffff7ca1b64	57	in ./nptl/pthread_mutex_unlock.c
0x00007ffff7ca1b67	57	in ./nptl/pthread_mutex_unlock.c
0x00007ffff7ca1b6b in __GI___pthread_mutex_unlock_usercnt (decr=1, mutex=0xb49288 <_PyRuntime+77512>) at ./nptl/pthread_mutex_unlock.c:57
57	in ./nptl/pthread_mutex_unlock.c
0x00007ffff7ca1b6d	57	in ./nptl/pthread_mutex_unlock.c
62	in ./nptl/pthread_mutex_unlock.c
0x00007ffff7ca1b73	62	in ./nptl/pthread_mutex_unlock.c
lll_mutex_unlock_optimized (mutex=0xb49288 <_PyRuntime+77512>) at ./nptl/pthread_mutex_unlock.c:39
39	in ./nptl/pthread_mutex_unlock.c
40	in ./nptl/pthread_mutex_unlock.c
0x00007ffff7ca1b83	40	in ./nptl/pthread_mutex_unlock.c
0x00007ffff7ca1b85	40	in ./nptl/pthread_mutex_unlock.c
0x00007ffff7ca1b8c	40	in ./nptl/pthread_mutex_unlock.c
41	in ./nptl/pthread_mutex_unlock.c
__GI___pthread_mutex_unlock_usercnt (decr=1, mutex=<optimized out>) at ./nptl/pthread_mutex_unlock.c:70
70	in ./nptl/pthread_mutex_unlock.c
72	in ./nptl/pthread_mutex_unlock.c
0x00007ffff7ca1b97 in ___pthread_mutex_unlock (mutex=<optimized out>) at ./nptl/pthread_mutex_unlock.c:369
369	in ./nptl/pthread_mutex_unlock.c
0x00007ffff7ca1b98	369	in ./nptl/pthread_mutex_unlock.c
0x00000000005fbd4f in ?? ()
0x00000000005fbd51 in ?? ()
0x00000000005fbd57 in ?? ()
0x00000000005fbd5a in ?? ()
0x00000000005fbd5d in ?? ()
0x00000000005fbd61 in ?? ()
0x00000000005fbd62 in ?? ()
0x00000000005fbd64 in ?? ()
0x00000000005fbd66 in ?? ()
0x00000000005fbd68 in ?? ()
0x00000000005fbd6a in ?? ()
0x00000000005fbd6b in ?? ()
0x00000000005fc4de in PyEval_RestoreThread ()
0x00000000005fc4e1 in PyEval_RestoreThread ()
0x00000000005fc4e5 in PyEval_RestoreThread ()
0x00000000005fc4e6 in PyEval_RestoreThread ()
0x00000000006082c0 in ?? ()
0x00000000006082c4 in ?? ()
0x00000000006082cd in ?? ()
0x00000000006082da in ?? ()
0x00000000006082dd in ?? ()
0x00000000006082e3 in ?? ()
0x00000000006082e6 in ?? ()
0x00000000006082e8 in ?? ()
0x00000000006082f1 in ?? ()
0x00000000006082f5 in ?? ()
0x00000000006082f8 in ?? ()
0x00000000006082fa in ?? ()
0x00000000006082fd in ?? ()
0x0000000000608300 in ?? ()
0x00000000006b2be6 in PyGILState_Ensure ()
0x00000000006b2be9 in PyGILState_Ensure ()
0x00000000006b2beb in PyGILState_Ensure ()
0x00000000006b2bd3 in PyGILState_Ensure ()
0x00000000006b2bd7 in PyGILState_Ensure ()
0x00000000006b2bda in PyGILState_Ensure ()
0x00000000006b2bdb in PyGILState_Ensure ()
0x00000000006b2bdc in PyGILState_Ensure ()
0x00000000006b2bdd in PyGILState_Ensure ()
0x00007fffe57c9628 in __Pyx_ErrOccurredWithGIL () at src/gala/integrate/cyintegrators/leapfrog.cpp:30419
30420	in src/gala/integrate/cyintegrators/leapfrog.cpp
0x00007fffe579e890 in PyErr_Occurred@plt () from /home/otherside123/venvs/gate2c1-trace/lib/python3.12/site-packages/gala/integrate/cyintegrators/leapfrog.cpython-312-x86_64-linux-gnu.so
0x00000000005f1620 in PyErr_Occurred ()
0x00000000005f1624 in PyErr_Occurred ()
0x00000000005f162b in PyErr_Occurred ()
0x00000000005f162f in PyErr_Occurred ()
0x00000000005f1633 in PyErr_Occurred ()
0x00000000005f1636 in PyErr_Occurred ()
0x00000000005f1638 in PyErr_Occurred ()
0x00007fffe57c9630 in __Pyx_ErrOccurredWithGIL () at src/gala/integrate/cyintegrators/leapfrog.cpp:30421
30421	in src/gala/integrate/cyintegrators/leapfrog.cpp
0x00007fffe57c9633	30420	in src/gala/integrate/cyintegrators/leapfrog.cpp
30421	in src/gala/integrate/cyintegrators/leapfrog.cpp
0x00007fffe579e6e0 in PyGILState_Release@plt () from /home/otherside123/venvs/gate2c1-trace/lib/python3.12/site-packages/gala/integrate/cyintegrators/leapfrog.cpython-312-x86_64-linux-gnu.so
0x00000000006b2bf0 in PyGILState_Release ()
0x00000000006b2bf4 in PyGILState_Release ()
0x00000000006b2bf5 in PyGILState_Release ()
0x00000000006b2bf8 in PyGILState_Release ()
0x00000000006b2bf9 in PyGILState_Release ()
0x00000000006b2bfb in PyGILState_Release ()
0x00000000006b2c00 in PyGILState_Release ()
0x00000000006b2c04 in PyGILState_Release ()
0x00000000006104e0 in PyThread_tss_get ()
0x00000000006104e4 in PyThread_tss_get ()
0x00000000006104e7 in PyThread_tss_get ()
0x0000000000421760 in pthread_getspecific@plt ()
___pthread_getspecific (key=0) at ./nptl/pthread_getspecific.c:24
29	in ./nptl/pthread_getspecific.c
0x00007ffff7c9e697	29	in ./nptl/pthread_getspecific.c
30	in ./nptl/pthread_getspecific.c
0x00007ffff7c9e69b	30	in ./nptl/pthread_getspecific.c
0x00007ffff7c9e69f	30	in ./nptl/pthread_getspecific.c
0x00007ffff7c9e6a3	30	in ./nptl/pthread_getspecific.c
54	in ./nptl/pthread_getspecific.c
55	in ./nptl/pthread_getspecific.c
0x00007ffff7c9e6b3	55	in ./nptl/pthread_getspecific.c
59	in ./nptl/pthread_getspecific.c
0x00007ffff7c9e6b7	59	in ./nptl/pthread_getspecific.c
0x00007ffff7c9e6be	59	in ./nptl/pthread_getspecific.c
0x00007ffff7c9e6c1	59	in ./nptl/pthread_getspecific.c
0x00007ffff7c9e6c5	59	in ./nptl/pthread_getspecific.c
0x00007ffff7c9e6c9	59	in ./nptl/pthread_getspecific.c
0x00007ffff7c9e6cb	64	in ./nptl/pthread_getspecific.c
0x00007ffff7c9e6ce	64	in ./nptl/pthread_getspecific.c
0x00000000006b2c09 in PyGILState_Release ()
0x00000000006b2c0c in PyGILState_Release ()
0x00000000006b2c12 in PyGILState_Release ()
0x00000000006b2c1b in PyGILState_Release ()
0x00000000006b2c21 in PyGILState_Release ()
0x00000000006b2c25 in PyGILState_Release ()
0x00000000006b2c2b in PyGILState_Release ()
0x00000000006b2c2e in PyGILState_Release ()
0x00000000006b2c37 in PyGILState_Release ()
0x00000000006b2c3b in PyGILState_Release ()
0x00000000006b2c3c in PyGILState_Release ()
0x00000000006b2c3d in PyGILState_Release ()
0x00000000005fc060 in PyEval_SaveThread ()
0x00000000005fc064 in PyEval_SaveThread ()
0x00000000005fc065 in PyEval_SaveThread ()
0x00000000005fc067 in PyEval_SaveThread ()
0x00000000005fc06a in PyEval_SaveThread ()
0x00000000005fc06c in PyEval_SaveThread ()
0x00000000005fc06e in PyEval_SaveThread ()
0x00000000005fc070 in PyEval_SaveThread ()
0x00000000005fc071 in PyEval_SaveThread ()
0x00000000006082c0 in ?? ()
0x00000000006082c4 in ?? ()
0x00000000006082cd in ?? ()
0x00000000006082da in ?? ()
0x00000000006082dd in ?? ()
0x00000000006082df in ?? ()
0x00000000006082e3 in ?? ()
0x00000000006082e6 in ?? ()
0x0000000000608308 in ?? ()
0x00000000005fc076 in PyEval_SaveThread ()
0x00000000005fc079 in PyEval_SaveThread ()
0x00000000005fc07f in PyEval_SaveThread ()
0x00000000005fc083 in PyEval_SaveThread ()
0x00000000005fc086 in PyEval_SaveThread ()
0x00000000005fc08d in PyEval_SaveThread ()
0x00000000005fc092 in PyEval_SaveThread ()
0x00000000005fc094 in PyEval_SaveThread ()
0x00000000005fc09a in PyEval_SaveThread ()
0x00000000005fc09f in PyEval_SaveThread ()
0x00000000005fc0a4 in PyEval_SaveThread ()
0x00000000005fc0a7 in PyEval_SaveThread ()
0x0000000000421c00 in pthread_mutex_lock@plt ()
___pthread_mutex_lock (mutex=0xb49288 <_PyRuntime+77512>) at ./nptl/pthread_mutex_lock.c:77
80	in ./nptl/pthread_mutex_lock.c
0x00007ffff7ca00d7	80	in ./nptl/pthread_mutex_lock.c
0x00007ffff7ca00d9	80	in ./nptl/pthread_mutex_lock.c
82	in ./nptl/pthread_mutex_lock.c
84	in ./nptl/pthread_mutex_lock.c
0x00007ffff7ca00e3	84	in ./nptl/pthread_mutex_lock.c
88	in ./nptl/pthread_mutex_lock.c
0x00007ffff7ca00ea	88	in ./nptl/pthread_mutex_lock.c
0x00007ffff7ca00ed	88	in ./nptl/pthread_mutex_lock.c
0x00007ffff7ca00ee	88	in ./nptl/pthread_mutex_lock.c
0x00007ffff7ca00f2	88	in ./nptl/pthread_mutex_lock.c
0x00007ffff7ca00f4	88	in ./nptl/pthread_mutex_lock.c
90	in ./nptl/pthread_mutex_lock.c
0x00007ffff7ca0101	90	in ./nptl/pthread_mutex_lock.c
0x00007ffff7ca0104	90	in ./nptl/pthread_mutex_lock.c
lll_mutex_lock_optimized (mutex=0xb49288 <_PyRuntime+77512>) at ./nptl/pthread_mutex_lock.c:44
44	in ./nptl/pthread_mutex_lock.c
45	in ./nptl/pthread_mutex_lock.c
0x00007ffff7ca010f	45	in ./nptl/pthread_mutex_lock.c
0x00007ffff7ca0111	45	in ./nptl/pthread_mutex_lock.c
0x00007ffff7ca0118	45	in ./nptl/pthread_mutex_lock.c
0x00007ffff7ca0150	45	in ./nptl/pthread_mutex_lock.c
0x00007ffff7ca0153	45	in ./nptl/pthread_mutex_lock.c
0x00007ffff7ca0156	45	in ./nptl/pthread_mutex_lock.c
46	in ./nptl/pthread_mutex_lock.c
0x00007ffff7ca015e	46	in ./nptl/pthread_mutex_lock.c
___pthread_mutex_lock (mutex=<optimized out>) at ./nptl/pthread_mutex_lock.c:94
94	in ./nptl/pthread_mutex_lock.c
0x00007ffff7ca012e	94	in ./nptl/pthread_mutex_lock.c
0x00007ffff7ca0130	94	in ./nptl/pthread_mutex_lock.c
179	in ./nptl/pthread_mutex_lock.c
182	in ./nptl/pthread_mutex_lock.c
184	in ./nptl/pthread_mutex_lock.c
187	in ./nptl/pthread_mutex_lock.c
189	in ./nptl/pthread_mutex_lock.c
0x00007ffff7ca0148	190	in ./nptl/pthread_mutex_lock.c
0x00007ffff7ca014c	190	in ./nptl/pthread_mutex_lock.c
0x00007ffff7ca014d	190	in ./nptl/pthread_mutex_lock.c
0x00000000005fc0ac in PyEval_SaveThread ()
0x00000000005fc0ae in PyEval_SaveThread ()
0x00000000005fc0b4 in PyEval_SaveThread ()
0x00000000005fc0bd in PyEval_SaveThread ()
0x00000000005fc0c2 in PyEval_SaveThread ()
0x0000000000420470 in pthread_cond_signal@plt ()
___pthread_cond_signal (cond=0xb49258 <_PyRuntime+77464>) at ./nptl/pthread_cond_signal.c:35
36	in ./nptl/pthread_cond_signal.c
0x00007ffff7c9b0a5	36	in ./nptl/pthread_cond_signal.c
0x00007ffff7c9b0a8	36	in ./nptl/pthread_cond_signal.c
0x00007ffff7c9b0aa	36	in ./nptl/pthread_cond_signal.c
0x00007ffff7c9b0ac	36	in ./nptl/pthread_cond_signal.c
0x00007ffff7c9b0ae	36	in ./nptl/pthread_cond_signal.c
0x00007ffff7c9b0b0	36	in ./nptl/pthread_cond_signal.c
0x00007ffff7c9b0b1	36	in ./nptl/pthread_cond_signal.c
0x00007ffff7c9b0b5	36	in ./nptl/pthread_cond_signal.c
41	in ./nptl/pthread_cond_signal.c
42	in ./nptl/pthread_cond_signal.c
0x00007ffff7c9b0bb	42	in ./nptl/pthread_cond_signal.c
0x00007ffff7c9b0be	42	in ./nptl/pthread_cond_signal.c
0x00007ffff7c9b15b	96	in ./nptl/pthread_cond_signal.c
0x00007ffff7c9b15f	96	in ./nptl/pthread_cond_signal.c
0x00007ffff7c9b161	96	in ./nptl/pthread_cond_signal.c
0x00007ffff7c9b162	96	in ./nptl/pthread_cond_signal.c
0x00007ffff7c9b164	96	in ./nptl/pthread_cond_signal.c
0x00007ffff7c9b166	96	in ./nptl/pthread_cond_signal.c
0x00007ffff7c9b168	96	in ./nptl/pthread_cond_signal.c
0x00007ffff7c9b16a	96	in ./nptl/pthread_cond_signal.c
0x00007ffff7c9b16b	96	in ./nptl/pthread_cond_signal.c
0x00000000005fc0c7 in PyEval_SaveThread ()
0x00000000005fc0c9 in PyEval_SaveThread ()
0x00000000005fc0cf in PyEval_SaveThread ()
0x00000000005fc0d2 in PyEval_SaveThread ()
0x0000000000421db0 in pthread_mutex_unlock@plt ()
___pthread_mutex_unlock (mutex=0xb49288 <_PyRuntime+77512>) at ./nptl/pthread_mutex_unlock.c:367
__GI___pthread_mutex_unlock_usercnt (decr=1, mutex=0xb49288 <_PyRuntime+77512>) at ./nptl/pthread_mutex_unlock.c:51
51	in ./nptl/pthread_mutex_unlock.c
0x00007ffff7ca1b57	51	in ./nptl/pthread_mutex_unlock.c
0x00007ffff7ca1b59	51	in ./nptl/pthread_mutex_unlock.c
52	in ./nptl/pthread_mutex_unlock.c
0x00007ffff7ca1b61	52	in ./nptl/pthread_mutex_unlock.c
___pthread_mutex_unlock (mutex=0xb49288 <_PyRuntime+77512>) at ./nptl/pthread_mutex_unlock.c:57
57	in ./nptl/pthread_mutex_unlock.c
0x00007ffff7ca1b64	57	in ./nptl/pthread_mutex_unlock.c
0x00007ffff7ca1b67	57	in ./nptl/pthread_mutex_unlock.c
0x00007ffff7ca1b6b in __GI___pthread_mutex_unlock_usercnt (decr=1, mutex=0xb49288 <_PyRuntime+77512>) at ./nptl/pthread_mutex_unlock.c:57
57	in ./nptl/pthread_mutex_unlock.c
0x00007ffff7ca1b6d	57	in ./nptl/pthread_mutex_unlock.c
62	in ./nptl/pthread_mutex_unlock.c
0x00007ffff7ca1b73	62	in ./nptl/pthread_mutex_unlock.c
lll_mutex_unlock_optimized (mutex=0xb49288 <_PyRuntime+77512>) at ./nptl/pthread_mutex_unlock.c:39
39	in ./nptl/pthread_mutex_unlock.c
40	in ./nptl/pthread_mutex_unlock.c
0x00007ffff7ca1b83	40	in ./nptl/pthread_mutex_unlock.c
0x00007ffff7ca1b85	40	in ./nptl/pthread_mutex_unlock.c
0x00007ffff7ca1b8c	40	in ./nptl/pthread_mutex_unlock.c
41	in ./nptl/pthread_mutex_unlock.c
__GI___pthread_mutex_unlock_usercnt (decr=1, mutex=<optimized out>) at ./nptl/pthread_mutex_unlock.c:70
70	in ./nptl/pthread_mutex_unlock.c
72	in ./nptl/pthread_mutex_unlock.c
0x00007ffff7ca1b97 in ___pthread_mutex_unlock (mutex=<optimized out>) at ./nptl/pthread_mutex_unlock.c:369
369	in ./nptl/pthread_mutex_unlock.c
0x00007ffff7ca1b98	369	in ./nptl/pthread_mutex_unlock.c
0x00000000005fc0d7 in PyEval_SaveThread ()
0x00000000005fc0d9 in PyEval_SaveThread ()
0x00000000005fc0df in PyEval_SaveThread ()
0x00000000005fc0e6 in PyEval_SaveThread ()
0x00000000005fc0e8 in PyEval_SaveThread ()
0x00000000005fc0ea in PyEval_SaveThread ()
0x00000000005fc0ed in PyEval_SaveThread ()
0x00000000005fc0ee in PyEval_SaveThread ()
0x00000000005fc0f0 in PyEval_SaveThread ()
0x00000000005fc0f2 in PyEval_SaveThread ()
0x00000000005fc0f4 in PyEval_SaveThread ()
0x00000000005fc0f5 in PyEval_SaveThread ()
__pyx_f_4gala_9integrate_13cyintegrators_8leapfrog_leapfrog_integrate_hamiltonian (__pyx_skip_dispatch=1, __pyx_v_hamiltonian=<optimized out>, __pyx_v_w0=..., __pyx_v_t=..., __pyx_optional_args=<synthetic pointer>) at src/gala/integrate/cyintegrators/leapfrog.cpp:30422
0x00007fffe57c963e	30422	in src/gala/integrate/cyintegrators/leapfrog.cpp
21964	in src/gala/integrate/cyintegrators/leapfrog.cpp
0x00007fffe57c9648	21964	in src/gala/integrate/cyintegrators/leapfrog.cpp
0x00007fffe57c964a	21964	in src/gala/integrate/cyintegrators/leapfrog.cpp
21978	in src/gala/integrate/cyintegrators/leapfrog.cpp
0x00007fffe57cad07	21978	in src/gala/integrate/cyintegrators/leapfrog.cpp
0x00007fffe57cad09	21978	in src/gala/integrate/cyintegrators/leapfrog.cpp
0x00007fffe57cad0f	21978	in src/gala/integrate/cyintegrators/leapfrog.cpp
0x00007fffe57cad17	21978	in src/gala/integrate/cyintegrators/leapfrog.cpp
0x00007fffe57cad1f	21978	in src/gala/integrate/cyintegrators/leapfrog.cpp
0x00007fffe57cad22	21978	in src/gala/integrate/cyintegrators/leapfrog.cpp
0x00007fffe57cad24	21978	in src/gala/integrate/cyintegrators/leapfrog.cpp
0x00007fffe57cad28	21978	in src/gala/integrate/cyintegrators/leapfrog.cpp
21992	in src/gala/integrate/cyintegrators/leapfrog.cpp
0x00007fffe57cad32	21992	in src/gala/integrate/cyintegrators/leapfrog.cpp
0x00007fffe57cad34	21992	in src/gala/integrate/cyintegrators/leapfrog.cpp
0x00007fffe57cad3a	21992	in src/gala/integrate/cyintegrators/leapfrog.cpp
0x00007fffe57cad3c	21992	in src/gala/integrate/cyintegrators/leapfrog.cpp
0x00007fffe57cad3f	21992	in src/gala/integrate/cyintegrators/leapfrog.cpp
0x00007fffe57cad47	21992	in src/gala/integrate/cyintegrators/leapfrog.cpp
0x00007fffe57cad49	21992	in src/gala/integrate/cyintegrators/leapfrog.cpp
0x00007fffe57cad4d	21992	in src/gala/integrate/cyintegrators/leapfrog.cpp
0x00007fffe57cad51	21992	in src/gala/integrate/cyintegrators/leapfrog.cpp
0x00007fffe57cad54	21992	in src/gala/integrate/cyintegrators/leapfrog.cpp
0x00007fffe57cad5a	21992	in src/gala/integrate/cyintegrators/leapfrog.cpp
0x00007fffe57cad5e	21992	in src/gala/integrate/cyintegrators/leapfrog.cpp
0x00007fffe57cb3f2 in Py_DECREF (op=<optimized out>) at /opt/_internal/cpython-3.12.14/include/python3.12/object.h:705
0x00007fffe57cb3f5 in __pyx_f_4gala_9integrate_13cyintegrators_8leapfrog_leapfrog_integrate_hamiltonian (__pyx_skip_dispatch=1, __pyx_v_hamiltonian=<optimized out>, __pyx_v_w0=..., __pyx_v_t=..., __pyx_optional_args=<synthetic pointer>) at src/gala/integrate/cyintegrators/leapfrog.cpp:21357
0x00007fffe57cb3f7	21357	in src/gala/integrate/cyintegrators/leapfrog.cpp
22008	in src/gala/integrate/cyintegrators/leapfrog.cpp
0x00007fffe57cb405	22008	in src/gala/integrate/cyintegrators/leapfrog.cpp
0x00007fffe57cb408	22008	in src/gala/integrate/cyintegrators/leapfrog.cpp
21992	in src/gala/integrate/cyintegrators/leapfrog.cpp
0x00007fffe57cb411	21992	in src/gala/integrate/cyintegrators/leapfrog.cpp
0x00007fffe57cb414	21992	in src/gala/integrate/cyintegrators/leapfrog.cpp
0x00007fffe57cb416	21992	in src/gala/integrate/cyintegrators/leapfrog.cpp
21978	in src/gala/integrate/cyintegrators/leapfrog.cpp
0x00007fffe57cadb2	21978	in src/gala/integrate/cyintegrators/leapfrog.cpp
0x00007fffe57cadb6	21978	in src/gala/integrate/cyintegrators/leapfrog.cpp
0x00007fffe57cadb9	21978	in src/gala/integrate/cyintegrators/leapfrog.cpp
0x00007fffe57cadc1	21978	in src/gala/integrate/cyintegrators/leapfrog.cpp
0x00007fffe57cadc4	21978	in src/gala/integrate/cyintegrators/leapfrog.cpp
0x00007fffe57cadcc	21978	in src/gala/integrate/cyintegrators/leapfrog.cpp
0x00007fffe57cad51	21992	in src/gala/integrate/cyintegrators/leapfrog.cpp
0x00007fffe57cad54	21992	in src/gala/integrate/cyintegrators/leapfrog.cpp
0x00007fffe57cad5a	21992	in src/gala/integrate/cyintegrators/leapfrog.cpp
0x00007fffe57cad5e	21992	in src/gala/integrate/cyintegrators/leapfrog.cpp
0x00007fffe57cb3f2 in Py_DECREF (op=<optimized out>) at /opt/_internal/cpython-3.12.14/include/python3.12/object.h:705
0x00007fffe57cb3f5 in __pyx_f_4gala_9integrate_13cyintegrators_8leapfrog_leapfrog_integrate_hamiltonian (__pyx_skip_dispatch=1, __pyx_v_hamiltonian=<optimized out>, __pyx_v_w0=..., __pyx_v_t=..., __pyx_optional_args=<synthetic pointer>) at src/gala/integrate/cyintegrators/leapfrog.cpp:21357
0x00007fffe57cb3f7	21357	in src/gala/integrate/cyintegrators/leapfrog.cpp
22008	in src/gala/integrate/cyintegrators/leapfrog.cpp
0x00007fffe57cb405	22008	in src/gala/integrate/cyintegrators/leapfrog.cpp
0x00007fffe57cb408	22008	in src/gala/integrate/cyintegrators/leapfrog.cpp
21992	in src/gala/integrate/cyintegrators/leapfrog.cpp
0x00007fffe57cb411	21992	in src/gala/integrate/cyintegrators/leapfrog.cpp
0x00007fffe57cb414	21992	in src/gala/integrate/cyintegrators/leapfrog.cpp
0x00007fffe57cb416	21992	in src/gala/integrate/cyintegrators/leapfrog.cpp
21978	in src/gala/integrate/cyintegrators/leapfrog.cpp
0x00007fffe57cadb2	21978	in src/gala/integrate/cyintegrators/leapfrog.cpp
0x00007fffe57cadb6	21978	in src/gala/integrate/cyintegrators/leapfrog.cpp
0x00007fffe57cadb9	21978	in src/gala/integrate/cyintegrators/leapfrog.cpp
0x00007fffe57cadc1	21978	in src/gala/integrate/cyintegrators/leapfrog.cpp
0x00007fffe57cadc4	21978	in src/gala/integrate/cyintegrators/leapfrog.cpp
0x00007fffe57cadcc	21978	in src/gala/integrate/cyintegrators/leapfrog.cpp
0x00007fffe57cad51	21992	in src/gala/integrate/cyintegrators/leapfrog.cpp
0x00007fffe57cad54	21992	in src/gala/integrate/cyintegrators/leapfrog.cpp
0x00007fffe57cad5a	21992	in src/gala/integrate/cyintegrators/leapfrog.cpp
0x00007fffe57cad5e	21992	in src/gala/integrate/cyintegrators/leapfrog.cpp
0x00007fffe57cb3f2 in Py_DECREF (op=<optimized out>) at /opt/_internal/cpython-3.12.14/include/python3.12/object.h:705
0x00007fffe57cb3f5 in __pyx_f_4gala_9integrate_13cyintegrators_8leapfrog_leapfrog_integrate_hamiltonian (__pyx_skip_dispatch=1, __pyx_v_hamiltonian=<optimized out>, __pyx_v_w0=..., __pyx_v_t=..., __pyx_optional_args=<synthetic pointer>) at src/gala/integrate/cyintegrators/leapfrog.cpp:21357
0x00007fffe57cb3f7	21357	in src/gala/integrate/cyintegrators/leapfrog.cpp
22008	in src/gala/integrate/cyintegrators/leapfrog.cpp
0x00007fffe57cb405	22008	in src/gala/integrate/cyintegrators/leapfrog.cpp
0x00007fffe57cb408	22008	in src/gala/integrate/cyintegrators/leapfrog.cpp
21992	in src/gala/integrate/cyintegrators/leapfrog.cpp
0x00007fffe57cb411	21992	in src/gala/integrate/cyintegrators/leapfrog.cpp
0x00007fffe57cb414	21992	in src/gala/integrate/cyintegrators/leapfrog.cpp
0x00007fffe57cb416	21992	in src/gala/integrate/cyintegrators/leapfrog.cpp
21978	in src/gala/integrate/cyintegrators/leapfrog.cpp
0x00007fffe57cadb2	21978	in src/gala/integrate/cyintegrators/leapfrog.cpp
0x00007fffe57cadb6	21978	in src/gala/integrate/cyintegrators/leapfrog.cpp
0x00007fffe57cadb9	21978	in src/gala/integrate/cyintegrators/leapfrog.cpp
0x00007fffe57cadc1	21978	in src/gala/integrate/cyintegrators/leapfrog.cpp
0x00007fffe57cadc4	21978	in src/gala/integrate/cyintegrators/leapfrog.cpp
0x00007fffe57cadcc	21978	in src/gala/integrate/cyintegrators/leapfrog.cpp
0x00007fffe57cad51	21992	in src/gala/integrate/cyintegrators/leapfrog.cpp
0x00007fffe57cad54	21992	in src/gala/integrate/cyintegrators/leapfrog.cpp
0x00007fffe57cad5a	21992	in src/gala/integrate/cyintegrators/leapfrog.cpp
0x00007fffe57cad5e	21992	in src/gala/integrate/cyintegrators/leapfrog.cpp
0x00007fffe57cb3f2 in Py_DECREF (op=<optimized out>) at /opt/_internal/cpython-3.12.14/include/python3.12/object.h:705
0x00007fffe57cb3f5 in __pyx_f_4gala_9integrate_13cyintegrators_8leapfrog_leapfrog_integrate_hamiltonian (__pyx_skip_dispatch=1, __pyx_v_hamiltonian=<optimized out>, __pyx_v_w0=..., __pyx_v_t=..., __pyx_optional_args=<synthetic pointer>) at src/gala/integrate/cyintegrators/leapfrog.cpp:21357
0x00007fffe57cb3f7	21357	in src/gala/integrate/cyintegrators/leapfrog.cpp
22008	in src/gala/integrate/cyintegrators/leapfrog.cpp
0x00007fffe57cb405	22008	in src/gala/integrate/cyintegrators/leapfrog.cpp
0x00007fffe57cb408	22008	in src/gala/integrate/cyintegrators/leapfrog.cpp
21992	in src/gala/integrate/cyintegrators/leapfrog.cpp
0x00007fffe57cb411	21992	in src/gala/integrate/cyintegrators/leapfrog.cpp
0x00007fffe57cb414	21992	in src/gala/integrate/cyintegrators/leapfrog.cpp
0x00007fffe57cb416	21992	in src/gala/integrate/cyintegrators/leapfrog.cpp
21978	in src/gala/integrate/cyintegrators/leapfrog.cpp
0x00007fffe57cadb2	21978	in src/gala/integrate/cyintegrators/leapfrog.cpp
0x00007fffe57cadb6	21978	in src/gala/integrate/cyintegrators/leapfrog.cpp
0x00007fffe57cadb9	21978	in src/gala/integrate/cyintegrators/leapfrog.cpp
0x00007fffe57cadc1	21978	in src/gala/integrate/cyintegrators/leapfrog.cpp
0x00007fffe57cadc4	21978	in src/gala/integrate/cyintegrators/leapfrog.cpp
0x00007fffe57cadcc	21978	in src/gala/integrate/cyintegrators/leapfrog.cpp
0x00007fffe57cadd2	21978	in src/gala/integrate/cyintegrators/leapfrog.cpp
21882	in src/gala/integrate/cyintegrators/leapfrog.cpp
0x00007fffe57c9658	21882	in src/gala/integrate/cyintegrators/leapfrog.cpp
0x00007fffe57c965c	21882	in src/gala/integrate/cyintegrators/leapfrog.cpp
0x00007fffe57c9661	21882	in src/gala/integrate/cyintegrators/leapfrog.cpp
0x00007fffe57c9669	21882	in src/gala/integrate/cyintegrators/leapfrog.cpp
0x00007fffe57c966c	21882	in src/gala/integrate/cyintegrators/leapfrog.cpp
21898	in src/gala/integrate/cyintegrators/leapfrog.cpp
0x00007fffe57c95cb	21898	in src/gala/integrate/cyintegrators/leapfrog.cpp
0x00007fffe57c95cd	21899	in src/gala/integrate/cyintegrators/leapfrog.cpp
0x00007fffe57c95d5	21899	in src/gala/integrate/cyintegrators/leapfrog.cpp
0x00007fffe57c95da	21899	in src/gala/integrate/cyintegrators/leapfrog.cpp
0x00007fffe57c95dc	21899	in src/gala/integrate/cyintegrators/leapfrog.cpp
0x00007fffe579e350 in memset@plt () from /home/otherside123/venvs/gate2c1-trace/lib/python3.12/site-packages/gala/integrate/cyintegrators/leapfrog.cpython-312-x86_64-linux-gnu.so
__memset_avx2_unaligned_erms () at ../sysdeps/x86_64/multiarch/memset-vec-unaligned-erms.S:158
159	in ../sysdeps/x86_64/multiarch/memset-vec-unaligned-erms.S
0x00007ffff7d89788	159	in ../sysdeps/x86_64/multiarch/memset-vec-unaligned-erms.S
164	in ../sysdeps/x86_64/multiarch/memset-vec-unaligned-erms.S
165	in ../sysdeps/x86_64/multiarch/memset-vec-unaligned-erms.S
337	in ../sysdeps/x86_64/multiarch/memset-vec-unaligned-erms.S
346	in ../sysdeps/x86_64/multiarch/memset-vec-unaligned-erms.S
347	in ../sysdeps/x86_64/multiarch/memset-vec-unaligned-erms.S
378	in ../sysdeps/x86_64/multiarch/memset-vec-unaligned-erms.S
379	in ../sysdeps/x86_64/multiarch/memset-vec-unaligned-erms.S
380	in ../sysdeps/x86_64/multiarch/memset-vec-unaligned-erms.S
__pyx_f_4gala_9integrate_13cyintegrators_8leapfrog_leapfrog_integrate_hamiltonian (__pyx_skip_dispatch=1, __pyx_v_hamiltonian=<optimized out>, __pyx_v_w0=..., __pyx_v_t=..., __pyx_optional_args=<synthetic pointer>) at src/gala/integrate/cyintegrators/leapfrog.cpp:21953
0x00007fffe57c95e5	21953	in src/gala/integrate/cyintegrators/leapfrog.cpp
0x00007fffe57c95eb	21953	in src/gala/integrate/cyintegrators/leapfrog.cpp
0x00007fffe57c95ee	21953	in src/gala/integrate/cyintegrators/leapfrog.cpp
0x00007fffe57c95f1	21953	in src/gala/integrate/cyintegrators/leapfrog.cpp
0x00007fffe57c95f5	21953	in src/gala/integrate/cyintegrators/leapfrog.cpp
0x00007fffe57c95fa	21953	in src/gala/integrate/cyintegrators/leapfrog.cpp
0x00007fffe57c9603	21953	in src/gala/integrate/cyintegrators/leapfrog.cpp
0x00007fffe57c960a	21953	in src/gala/integrate/cyintegrators/leapfrog.cpp
0x00007fffe57c9612	21953	in src/gala/integrate/cyintegrators/leapfrog.cpp
0x00007fffe57c961a	21953	in src/gala/integrate/cyintegrators/leapfrog.cpp

Breakpoint -2, __pyx_f_4gala_9integrate_13cyintegrators_8leapfrog_c_leapfrog_step (__pyx_v_p=0x28cdd20, __pyx_v_n=1, __pyx_v_half_ndim=2, __pyx_v_t=0.109375, __pyx_v_dt=0.015625, __pyx_v_x_jm1=0x29fdcb0, __pyx_v_v_jm1=0x29fdcc0, __pyx_v_v_jm1_2=0x2879a40, __pyx_v_grad=0x2e9eed0) at src/gala/integrate/cyintegrators/leapfrog.cpp:21212
21212	in src/gala/integrate/cyintegrators/leapfrog.cpp
0x00007fffe57ad782	21212	in src/gala/integrate/cyintegrators/leapfrog.cpp
0x00007fffe57ad784	21212	in src/gala/integrate/cyintegrators/leapfrog.cpp
0x00007fffe57ad786	21212	in src/gala/integrate/cyintegrators/leapfrog.cpp
0x00007fffe57ad788	21212	in src/gala/integrate/cyintegrators/leapfrog.cpp
0x00007fffe57ad789	21212	in src/gala/integrate/cyintegrators/leapfrog.cpp
0x00007fffe57ad78a	21212	in src/gala/integrate/cyintegrators/leapfrog.cpp
0x00007fffe57ad78d	21212	in src/gala/integrate/cyintegrators/leapfrog.cpp
21215	in src/gala/integrate/cyintegrators/leapfrog.cpp
0x00007fffe57ad792	21190	in src/gala/integrate/cyintegrators/leapfrog.cpp
0x00007fffe57ad796	21190	in src/gala/integrate/cyintegrators/leapfrog.cpp
0x00007fffe57ad79b	21215	in src/gala/integrate/cyintegrators/leapfrog.cpp
0x00007fffe57ad79d	21215	in src/gala/integrate/cyintegrators/leapfrog.cpp
0x00007fffe57ad7a3	21215	in src/gala/integrate/cyintegrators/leapfrog.cpp
0x00007fffe57ad7a6	21215	in src/gala/integrate/cyintegrators/leapfrog.cpp
0x00007fffe57ad7ab	21215	in src/gala/integrate/cyintegrators/leapfrog.cpp
0x00007fffe57ad7ae	21215	in src/gala/integrate/cyintegrators/leapfrog.cpp
0x00007fffe57ad7b1	21215	in src/gala/integrate/cyintegrators/leapfrog.cpp
0x00007fffe57ad7b4	21215	in src/gala/integrate/cyintegrators/leapfrog.cpp
0x00007fffe57ad7b7	21215	in src/gala/integrate/cyintegrators/leapfrog.cpp
0x00007fffe57ad7bd	21215	in src/gala/integrate/cyintegrators/leapfrog.cpp
21229	in src/gala/integrate/cyintegrators/leapfrog.cpp
0x00007fffe57ad7c2	21229	in src/gala/integrate/cyintegrators/leapfrog.cpp
0x00007fffe57ad7c4	21229	in src/gala/integrate/cyintegrators/leapfrog.cpp
0x00007fffe57ad7cf	21229	in src/gala/integrate/cyintegrators/leapfrog.cpp
0x00007fffe57ad7da	21229	in src/gala/integrate/cyintegrators/leapfrog.cpp
0x00007fffe57ad7e5	21229	in src/gala/integrate/cyintegrators/leapfrog.cpp
0x00007fffe57ad7f0	21229	in src/gala/integrate/cyintegrators/leapfrog.cpp
0x00007fffe57ad7fb	21229	in src/gala/integrate/cyintegrators/leapfrog.cpp
21239	in src/gala/integrate/cyintegrators/leapfrog.cpp
0x00007fffe57ad803	21239	in src/gala/integrate/cyintegrators/leapfrog.cpp
0x00007fffe57ad808	21229	in src/gala/integrate/cyintegrators/leapfrog.cpp
0x00007fffe57ad80b	21239	in src/gala/integrate/cyintegrators/leapfrog.cpp
0x00007fffe57ad811	21239	in src/gala/integrate/cyintegrators/leapfrog.cpp
0x00007fffe57ad815	21229	in src/gala/integrate/cyintegrators/leapfrog.cpp
0x00007fffe57ad818	21239	in src/gala/integrate/cyintegrators/leapfrog.cpp
0x00007fffe57ad81d	21239	in src/gala/integrate/cyintegrators/leapfrog.cpp
21229	in src/gala/integrate/cyintegrators/leapfrog.cpp
0x00007fffe57ad825	21229	in src/gala/integrate/cyintegrators/leapfrog.cpp
21215	in src/gala/integrate/cyintegrators/leapfrog.cpp
0x00007fffe57ad82b	21215	in src/gala/integrate/cyintegrators/leapfrog.cpp
0x00007fffe57ad82e	21215	in src/gala/integrate/cyintegrators/leapfrog.cpp
0x00007fffe57ad830	21215	in src/gala/integrate/cyintegrators/leapfrog.cpp
0x00007fffe57ad832	21215	in src/gala/integrate/cyintegrators/leapfrog.cpp
0x00007fffe57ad835	21215	in src/gala/integrate/cyintegrators/leapfrog.cpp
21229	in src/gala/integrate/cyintegrators/leapfrog.cpp
0x00007fffe57ad7c2	21229	in src/gala/integrate/cyintegrators/leapfrog.cpp
0x00007fffe57ad7c4	21229	in src/gala/integrate/cyintegrators/leapfrog.cpp
0x00007fffe57ad7cf	21229	in src/gala/integrate/cyintegrators/leapfrog.cpp
0x00007fffe57ad7da	21229	in src/gala/integrate/cyintegrators/leapfrog.cpp
0x00007fffe57ad7e5	21229	in src/gala/integrate/cyintegrators/leapfrog.cpp
0x00007fffe57ad7f0	21229	in src/gala/integrate/cyintegrators/leapfrog.cpp
0x00007fffe57ad7fb	21229	in src/gala/integrate/cyintegrators/leapfrog.cpp
21239	in src/gala/integrate/cyintegrators/leapfrog.cpp
0x00007fffe57ad803	21239	in src/gala/integrate/cyintegrators/leapfrog.cpp
0x00007fffe57ad808	21229	in src/gala/integrate/cyintegrators/leapfrog.cpp
0x00007fffe57ad80b	21239	in src/gala/integrate/cyintegrators/leapfrog.cpp
0x00007fffe57ad811	21239	in src/gala/integrate/cyintegrators/leapfrog.cpp
0x00007fffe57ad815	21229	in src/gala/integrate/cyintegrators/leapfrog.cpp
0x00007fffe57ad818	21239	in src/gala/integrate/cyintegrators/leapfrog.cpp
0x00007fffe57ad81d	21239	in src/gala/integrate/cyintegrators/leapfrog.cpp
21229	in src/gala/integrate/cyintegrators/leapfrog.cpp
0x00007fffe57ad825	21229	in src/gala/integrate/cyintegrators/leapfrog.cpp
21215	in src/gala/integrate/cyintegrators/leapfrog.cpp
0x00007fffe57ad82b	21215	in src/gala/integrate/cyintegrators/leapfrog.cpp
0x00007fffe57ad82e	21215	in src/gala/integrate/cyintegrators/leapfrog.cpp
0x00007fffe57ad830	21215	in src/gala/integrate/cyintegrators/leapfrog.cpp
21253	in src/gala/integrate/cyintegrators/leapfrog.cpp
0x00007fffe57ad843	21253	in src/gala/integrate/cyintegrators/leapfrog.cpp
0x00007fffe57ad846	21253	in src/gala/integrate/cyintegrators/leapfrog.cpp
0x00007fffe579e7c0 in c_gradient(_CPotential*, unsigned long, double, double*, double*)@plt () from /home/otherside123/venvs/gate2c1-trace/lib/python3.12/site-packages/gala/integrate/cyintegrators/leapfrog.cpython-312-x86_64-linux-gnu.so
c_gradient (p=0x28cdd20, N=1, t=0.109375, qp=0x29fdcb0, grad=0x2e9eed0) at src/gala/potential/potential/src/cpotential.cpp:223
0x00007fffe57cd3f2	223	in src/gala/potential/potential/src/cpotential.cpp
0x00007fffe57cd3f4	223	in src/gala/potential/potential/src/cpotential.cpp
0x00007fffe57cd3f7	223	in src/gala/potential/potential/src/cpotential.cpp
0x00007fffe57cd3f9	223	in src/gala/potential/potential/src/cpotential.cpp
0x00007fffe57cd3fc	223	in src/gala/potential/potential/src/cpotential.cpp
0x00007fffe57cd3fe	223	in src/gala/potential/potential/src/cpotential.cpp
0x00007fffe57cd3ff	223	in src/gala/potential/potential/src/cpotential.cpp
0x00007fffe57cd400	223	in src/gala/potential/potential/src/cpotential.cpp
0x00007fffe57cd404	238	in src/gala/potential/potential/src/cpotential.cpp
0x00007fffe57cd408	223	in src/gala/potential/potential/src/cpotential.cpp
0x00007fffe57cd40b	214	in src/gala/potential/potential/src/cpotential.cpp
0x00007fffe57cd410	238	in src/gala/potential/potential/src/cpotential.cpp
0x00007fffe57cd413	214	in src/gala/potential/potential/src/cpotential.cpp
0x00007fffe57cd418	238	in src/gala/potential/potential/src/cpotential.cpp
0x00007fffe57cd41c	223	in src/gala/potential/potential/src/cpotential.cpp
0x00007fffe57cd41e	223	in src/gala/potential/potential/src/cpotential.cpp
0x00007fffe57cd424	224	in src/gala/potential/potential/src/cpotential.cpp
0x00007fffe57cd428	224	in src/gala/potential/potential/src/cpotential.cpp
0x00007fffe57cd42b	223	in src/gala/potential/potential/src/cpotential.cpp
0x00007fffe57cd42d	223	in src/gala/potential/potential/src/cpotential.cpp
224	in src/gala/potential/potential/src/cpotential.cpp
0x00007fffe57cd440	224	in src/gala/potential/potential/src/cpotential.cpp
0x00007fffe57cd442	224	in src/gala/potential/potential/src/cpotential.cpp
0x00007fffe57cd430	223	in src/gala/potential/potential/src/cpotential.cpp
0x00007fffe57cd434	223	in src/gala/potential/potential/src/cpotential.cpp
0x00007fffe57cd437	223	in src/gala/potential/potential/src/cpotential.cpp
238	in src/gala/potential/potential/src/cpotential.cpp
0x00007fffe57cd673	238	in src/gala/potential/potential/src/cpotential.cpp
0x00007fffe57cd679	239	in src/gala/potential/potential/src/cpotential.cpp
0x00007fffe57cd681	239	in src/gala/potential/potential/src/cpotential.cpp
0x00007fffe57cd684	239	in src/gala/potential/potential/src/cpotential.cpp
0x00007fffe57cd686	219	in src/gala/potential/potential/src/cpotential.cpp
0x00007fffe57cd689	239	in src/gala/potential/potential/src/cpotential.cpp
0x00007fffe579e350 in memset@plt () from /home/otherside123/venvs/gate2c1-trace/lib/python3.12/site-packages/gala/integrate/cyintegrators/leapfrog.cpython-312-x86_64-linux-gnu.so
__memset_avx2_unaligned_erms () at ../sysdeps/x86_64/multiarch/memset-vec-unaligned-erms.S:158
159	in ../sysdeps/x86_64/multiarch/memset-vec-unaligned-erms.S
0x00007ffff7d89788	159	in ../sysdeps/x86_64/multiarch/memset-vec-unaligned-erms.S
164	in ../sysdeps/x86_64/multiarch/memset-vec-unaligned-erms.S
165	in ../sysdeps/x86_64/multiarch/memset-vec-unaligned-erms.S
337	in ../sysdeps/x86_64/multiarch/memset-vec-unaligned-erms.S
346	in ../sysdeps/x86_64/multiarch/memset-vec-unaligned-erms.S
347	in ../sysdeps/x86_64/multiarch/memset-vec-unaligned-erms.S
378	in ../sysdeps/x86_64/multiarch/memset-vec-unaligned-erms.S
379	in ../sysdeps/x86_64/multiarch/memset-vec-unaligned-erms.S
380	in ../sysdeps/x86_64/multiarch/memset-vec-unaligned-erms.S
c_gradient (p=0x28cdd20, N=1, t=0.109375, qp=0x29fdcb0, grad=0x2e9eed0) at src/gala/potential/potential/src/cpotential.cpp:242
0x00007fffe57cd690	220	in src/gala/potential/potential/src/cpotential.cpp
0x00007fffe57cd695	218	in src/gala/potential/potential/src/cpotential.cpp
0x00007fffe57cd69a	218	in src/gala/potential/potential/src/cpotential.cpp
0x00007fffe57cd493	224	in src/gala/potential/potential/src/cpotential.cpp
0x00007fffe57cd497 in double6ptr::double6ptr (this=<optimized out>, q=<optimized out>, N=<optimized out>) at src/gala/potential/potential/src/../../src/vectorization.h:20
0x00007fffe57cd49f in c_gradient (p=0x28cdd20, N=1, t=0.109375, qp=0x29fdcb0, grad=0x2e9eed0) at src/gala/potential/potential/src/cpotential.cpp:242
0x00007fffe57cd4a1	242	in src/gala/potential/potential/src/cpotential.cpp
0x00007fffe57cd4a4 in double6ptr::double6ptr (this=<optimized out>, q=<optimized out>, N=<optimized out>) at src/gala/potential/potential/src/../../src/vectorization.h:20
0x00007fffe57cd4a9	21	in src/gala/potential/potential/src/../../src/vectorization.h
0x00007fffe57cd4ac	21	in src/gala/potential/potential/src/../../src/vectorization.h
0x00007fffe57cd4b0	21	in src/gala/potential/potential/src/../../src/vectorization.h
0x00007fffe57cd4b5	21	in src/gala/potential/potential/src/../../src/vectorization.h
c_gradient (p=0x28cdd20, N=1, t=0.109375, qp=0x29fdcb0, grad=0x2e9eed0) at src/gala/potential/potential/src/cpotential.cpp:243
0x00007fffe57cd505	243	in src/gala/potential/potential/src/cpotential.cpp
0x00007fffe57cd50d	243	in src/gala/potential/potential/src/cpotential.cpp
0x00007fffe57cd50f	243	in src/gala/potential/potential/src/cpotential.cpp
244	in src/gala/potential/potential/src/cpotential.cpp
0x00007fffe57cd4c4	244	in src/gala/potential/potential/src/cpotential.cpp
0x00007fffe57cd4c8	244	in src/gala/potential/potential/src/cpotential.cpp
0x00007fffe57cd4cb	244	in src/gala/potential/potential/src/cpotential.cpp
0x00007fffe57cd4ce	244	in src/gala/potential/potential/src/cpotential.cpp
0x00007fffe57cd4d3	244	in src/gala/potential/potential/src/cpotential.cpp
0x00007fffe57cd4d8	244	in src/gala/potential/potential/src/cpotential.cpp
0x00007fffe57cd4dc	244	in src/gala/potential/potential/src/cpotential.cpp
0x00007fffe57cd4e0	244	in src/gala/potential/potential/src/cpotential.cpp
0x00007fffe57cd4e4	244	in src/gala/potential/potential/src/cpotential.cpp
0x00007fffe57cd4e7	244	in src/gala/potential/potential/src/cpotential.cpp
gradientv<henon_heiles_gradient_functor> (t=0.109375, pars=0x2d98230, n_dim=2, state=0x0, q=0x29fdcb0, N=1, grad=0x2e9eed0) at src/gala/potential/src/vectorization.h:71
0x00007ffff1460a53	71	in src/gala/potential/src/vectorization.h
0x00007ffff1460a59 in double6ptr::double6ptr (this=<optimized out>, q=<optimized out>, N=<optimized out>) at src/gala/potential/src/vectorization.h:20
20	in src/gala/potential/src/vectorization.h
0x00007ffff1460a61	20	in src/gala/potential/src/vectorization.h
0x00007ffff1460a65	20	in src/gala/potential/src/vectorization.h
0x00007ffff1460a69	20	in src/gala/potential/src/vectorization.h
0x00007ffff1460b60 in gradientv<henon_heiles_gradient_functor> (t=0.109375, pars=0x2d98230, n_dim=<optimized out>, state=0x0, q=0x29fdcb0, N=1, grad=0x2e9eed0) at src/gala/potential/src/vectorization.h:71
71	in src/gala/potential/src/vectorization.h
0x00007ffff1460b63	71	in src/gala/potential/src/vectorization.h
0x00007ffff1460b65	71	in src/gala/potential/src/vectorization.h
henon_heiles_gradient_single (t=<optimized out>, pars=<optimized out>, q=..., n_dim=<optimized out>, grad=..., state=<optimized out>) at src/gala/potential/potential/builtin/builtin_potentials.cpp:37
0x00007ffff1460b76	37	in src/gala/potential/potential/builtin/builtin_potentials.cpp
0x00007ffff1460b7b	37	in src/gala/potential/potential/builtin/builtin_potentials.cpp
0x00007ffff1460b81	37	in src/gala/potential/potential/builtin/builtin_potentials.cpp
0x00007ffff1460b85	37	in src/gala/potential/potential/builtin/builtin_potentials.cpp
0x00007ffff1460b89	37	in src/gala/potential/potential/builtin/builtin_potentials.cpp
0x00007ffff1460b8d	38	in src/gala/potential/potential/builtin/builtin_potentials.cpp
0x00007ffff1460b91	37	in src/gala/potential/potential/builtin/builtin_potentials.cpp
0x00007ffff1460b95	37	in src/gala/potential/potential/builtin/builtin_potentials.cpp
0x00007ffff1460b99	37	in src/gala/potential/potential/builtin/builtin_potentials.cpp
38	in src/gala/potential/potential/builtin/builtin_potentials.cpp
0x00007ffff1460ba3	38	in src/gala/potential/potential/builtin/builtin_potentials.cpp
0x00007ffff1460ba7	38	in src/gala/potential/potential/builtin/builtin_potentials.cpp
0x00007ffff1460bac	38	in src/gala/potential/potential/builtin/builtin_potentials.cpp
0x00007ffff1460bb0	38	in src/gala/potential/potential/builtin/builtin_potentials.cpp
0x00007ffff1460bb4	38	in src/gala/potential/potential/builtin/builtin_potentials.cpp
gradientv<henon_heiles_gradient_functor> (t=<optimized out>, pars=0x2d98230, n_dim=<optimized out>, state=0x0, q=0x29fdcb0, N=1, grad=0x2e9eed0) at src/gala/potential/src/vectorization.h:71
0x00007ffff1460bbd	71	in src/gala/potential/src/vectorization.h
0x00007ffff1460bc0	71	in src/gala/potential/src/vectorization.h
0x00007ffff1460bc2 in henon_heiles_gradient (t=<optimized out>, pars=<optimized out>, q=0x29fdcb0, n_dim=<optimized out>, N=1, grad=0x2e9eed0, state=<optimized out>) at src/gala/potential/potential/builtin/builtin_potentials.cpp:2282
c_gradient (p=0x28cdd20, N=1, t=0.109375, qp=0x29fdcb0, grad=0x2e9eed0) at src/gala/potential/potential/src/cpotential.cpp:242
0x00007fffe57cd4ed	242	in src/gala/potential/potential/src/cpotential.cpp
0x00007fffe57cd4f1	242	in src/gala/potential/potential/src/cpotential.cpp
0x00007fffe57cd4f4	242	in src/gala/potential/potential/src/cpotential.cpp
283	in src/gala/potential/potential/src/cpotential.cpp
0x00007fffe57cd655	283	in src/gala/potential/potential/src/cpotential.cpp
0x00007fffe57cd65b	287	in src/gala/potential/potential/src/cpotential.cpp
0x00007fffe57cd65f	287	in src/gala/potential/potential/src/cpotential.cpp
0x00007fffe57cd660	287	in src/gala/potential/potential/src/cpotential.cpp
0x00007fffe57cd661	287	in src/gala/potential/potential/src/cpotential.cpp
0x00007fffe57cd663	287	in src/gala/potential/potential/src/cpotential.cpp
0x00007fffe57cd665	287	in src/gala/potential/potential/src/cpotential.cpp
0x00007fffe57cd667	287	in src/gala/potential/potential/src/cpotential.cpp
0x00007fffe57cd669	287	in src/gala/potential/potential/src/cpotential.cpp
0x00007fffe57ad84b in __pyx_f_4gala_9integrate_13cyintegrators_8leapfrog_c_leapfrog_step (__pyx_v_p=<optimized out>, __pyx_v_n=1, __pyx_v_half_ndim=<optimized out>, __pyx_v_t=<optimized out>, __pyx_v_dt=0.015625, __pyx_v_x_jm1=<optimized out>, __pyx_v_v_jm1=0x29fdcc0, __pyx_v_v_jm1_2=0x2879a40, __pyx_v_grad=0x2e9eed0) at src/gala/integrate/cyintegrators/leapfrog.cpp:21253
0x00007fffe57ad850	21253	in src/gala/integrate/cyintegrators/leapfrog.cpp
0x00007fffe57ad852	21272	in src/gala/integrate/cyintegrators/leapfrog.cpp
0x00007fffe57ad855	21272	in src/gala/integrate/cyintegrators/leapfrog.cpp
0x00007fffe57ad85d	21272	in src/gala/integrate/cyintegrators/leapfrog.cpp
21286	in src/gala/integrate/cyintegrators/leapfrog.cpp
0x00007fffe57ad862	21286	in src/gala/integrate/cyintegrators/leapfrog.cpp
0x00007fffe57ad864	21286	in src/gala/integrate/cyintegrators/leapfrog.cpp
0x00007fffe57ad86f	21286	in src/gala/integrate/cyintegrators/leapfrog.cpp
21296	in src/gala/integrate/cyintegrators/leapfrog.cpp
0x00007fffe57ad873	21286	in src/gala/integrate/cyintegrators/leapfrog.cpp
0x00007fffe57ad876	21296	in src/gala/integrate/cyintegrators/leapfrog.cpp
0x00007fffe57ad87e	21296	in src/gala/integrate/cyintegrators/leapfrog.cpp
0x00007fffe57ad883	21296	in src/gala/integrate/cyintegrators/leapfrog.cpp
0x00007fffe57ad886	21296	in src/gala/integrate/cyintegrators/leapfrog.cpp
0x00007fffe57ad88a	21296	in src/gala/integrate/cyintegrators/leapfrog.cpp
0x00007fffe57ad88e	21296	in src/gala/integrate/cyintegrators/leapfrog.cpp
0x00007fffe57ad892	21296	in src/gala/integrate/cyintegrators/leapfrog.cpp
0x00007fffe57ad896	21305	in src/gala/integrate/cyintegrators/leapfrog.cpp
0x00007fffe57ad89b	21296	in src/gala/integrate/cyintegrators/leapfrog.cpp
21305	in src/gala/integrate/cyintegrators/leapfrog.cpp
0x00007fffe57ad8a5	21305	in src/gala/integrate/cyintegrators/leapfrog.cpp
0x00007fffe57ad8a9	21286	in src/gala/integrate/cyintegrators/leapfrog.cpp
0x00007fffe57ad8ac	21305	in src/gala/integrate/cyintegrators/leapfrog.cpp
0x00007fffe57ad8b0	21305	in src/gala/integrate/cyintegrators/leapfrog.cpp
21286	in src/gala/integrate/cyintegrators/leapfrog.cpp
0x00007fffe57ad8b7	21286	in src/gala/integrate/cyintegrators/leapfrog.cpp
21272	in src/gala/integrate/cyintegrators/leapfrog.cpp
0x00007fffe57ad8bd	21272	in src/gala/integrate/cyintegrators/leapfrog.cpp
0x00007fffe57ad8c0	21272	in src/gala/integrate/cyintegrators/leapfrog.cpp
0x00007fffe57ad8c3	21272	in src/gala/integrate/cyintegrators/leapfrog.cpp
0x00007fffe57ad8c5	21272	in src/gala/integrate/cyintegrators/leapfrog.cpp
0x00007fffe57ad8c8	21272	in src/gala/integrate/cyintegrators/leapfrog.cpp
21286	in src/gala/integrate/cyintegrators/leapfrog.cpp
0x00007fffe57ad862	21286	in src/gala/integrate/cyintegrators/leapfrog.cpp
0x00007fffe57ad864	21286	in src/gala/integrate/cyintegrators/leapfrog.cpp
0x00007fffe57ad86f	21286	in src/gala/integrate/cyintegrators/leapfrog.cpp
21296	in src/gala/integrate/cyintegrators/leapfrog.cpp
0x00007fffe57ad873	21286	in src/gala/integrate/cyintegrators/leapfrog.cpp
0x00007fffe57ad876	21296	in src/gala/integrate/cyintegrators/leapfrog.cpp
0x00007fffe57ad87e	21296	in src/gala/integrate/cyintegrators/leapfrog.cpp
0x00007fffe57ad883	21296	in src/gala/integrate/cyintegrators/leapfrog.cpp
0x00007fffe57ad886	21296	in src/gala/integrate/cyintegrators/leapfrog.cpp
0x00007fffe57ad88a	21296	in src/gala/integrate/cyintegrators/leapfrog.cpp
0x00007fffe57ad88e	21296	in src/gala/integrate/cyintegrators/leapfrog.cpp
0x00007fffe57ad892	21296	in src/gala/integrate/cyintegrators/leapfrog.cpp
0x00007fffe57ad896	21305	in src/gala/integrate/cyintegrators/leapfrog.cpp
0x00007fffe57ad89b	21296	in src/gala/integrate/cyintegrators/leapfrog.cpp
21305	in src/gala/integrate/cyintegrators/leapfrog.cpp
0x00007fffe57ad8a5	21305	in src/gala/integrate/cyintegrators/leapfrog.cpp
0x00007fffe57ad8a9	21286	in src/gala/integrate/cyintegrators/leapfrog.cpp
0x00007fffe57ad8ac	21305	in src/gala/integrate/cyintegrators/leapfrog.cpp
0x00007fffe57ad8b0	21305	in src/gala/integrate/cyintegrators/leapfrog.cpp
21286	in src/gala/integrate/cyintegrators/leapfrog.cpp
0x00007fffe57ad8b7	21286	in src/gala/integrate/cyintegrators/leapfrog.cpp
21272	in src/gala/integrate/cyintegrators/leapfrog.cpp
0x00007fffe57ad8bd	21272	in src/gala/integrate/cyintegrators/leapfrog.cpp
0x00007fffe57ad8c0	21272	in src/gala/integrate/cyintegrators/leapfrog.cpp
0x00007fffe57ad8c3	21272	in src/gala/integrate/cyintegrators/leapfrog.cpp
0x00007fffe57ad8d5	21328	in src/gala/integrate/cyintegrators/leapfrog.cpp
0x00007fffe57ad8d9	21328	in src/gala/integrate/cyintegrators/leapfrog.cpp
0x00007fffe57ad8da	21328	in src/gala/integrate/cyintegrators/leapfrog.cpp
0x00007fffe57ad8db	21328	in src/gala/integrate/cyintegrators/leapfrog.cpp
0x00007fffe57ad8dd	21328	in src/gala/integrate/cyintegrators/leapfrog.cpp
0x00007fffe57ad8df	21328	in src/gala/integrate/cyintegrators/leapfrog.cpp
0x00007fffe57ad8e1	21328	in src/gala/integrate/cyintegrators/leapfrog.cpp
0x00007fffe57ad8e3	21328	in src/gala/integrate/cyintegrators/leapfrog.cpp
__Pyx_ErrOccurredWithGIL () at src/gala/integrate/cyintegrators/leapfrog.cpp:30419
30419	in src/gala/integrate/cyintegrators/leapfrog.cpp
0x00007fffe57c9621	30419	in src/gala/integrate/cyintegrators/leapfrog.cpp
0x00007fffe57c9623	30419	in src/gala/integrate/cyintegrators/leapfrog.cpp
0x00007fffe579e9d0 in PyGILState_Ensure@plt () from /home/otherside123/venvs/gate2c1-trace/lib/python3.12/site-packages/gala/integrate/cyintegrators/leapfrog.cpython-312-x86_64-linux-gnu.so
0x00000000006b2ba0 in PyGILState_Ensure ()
0x00000000006b2ba4 in PyGILState_Ensure ()
0x00000000006b2ba5 in PyGILState_Ensure ()
0x00000000006b2baa in PyGILState_Ensure ()
0x00000000006b2bad in PyGILState_Ensure ()
0x00000000006b2bae in PyGILState_Ensure ()
0x00000000006b2baf in PyGILState_Ensure ()
0x00000000006104e0 in PyThread_tss_get ()
0x00000000006104e4 in PyThread_tss_get ()
0x00000000006104e7 in PyThread_tss_get ()
0x0000000000421760 in pthread_getspecific@plt ()
___pthread_getspecific (key=0) at ./nptl/pthread_getspecific.c:24
29	in ./nptl/pthread_getspecific.c
0x00007ffff7c9e697	29	in ./nptl/pthread_getspecific.c
30	in ./nptl/pthread_getspecific.c
0x00007ffff7c9e69b	30	in ./nptl/pthread_getspecific.c
0x00007ffff7c9e69f	30	in ./nptl/pthread_getspecific.c
0x00007ffff7c9e6a3	30	in ./nptl/pthread_getspecific.c
54	in ./nptl/pthread_getspecific.c
55	in ./nptl/pthread_getspecific.c
0x00007ffff7c9e6b3	55	in ./nptl/pthread_getspecific.c
59	in ./nptl/pthread_getspecific.c
0x00007ffff7c9e6b7	59	in ./nptl/pthread_getspecific.c
0x00007ffff7c9e6be	59	in ./nptl/pthread_getspecific.c
0x00007ffff7c9e6c1	59	in ./nptl/pthread_getspecific.c
0x00007ffff7c9e6c5	59	in ./nptl/pthread_getspecific.c
0x00007ffff7c9e6c9	59	in ./nptl/pthread_getspecific.c
0x00007ffff7c9e6cb	64	in ./nptl/pthread_getspecific.c
0x00007ffff7c9e6ce	64	in ./nptl/pthread_getspecific.c
0x00000000006b2bb4 in PyGILState_Ensure ()
0x00000000006b2bb7 in PyGILState_Ensure ()
0x00000000006b2bbd in PyGILState_Ensure ()
0x00000000006b2bc6 in PyGILState_Ensure ()
0x00000000006b2bc9 in PyGILState_Ensure ()
0x00000000006b2bce in PyGILState_Ensure ()
0x00000000006b2bd1 in PyGILState_Ensure ()
0x00000000006b2bde in PyGILState_Ensure ()
0x00000000006b2be1 in PyGILState_Ensure ()
0x00000000005fc4c0 in PyEval_RestoreThread ()
0x00000000005fc4c4 in PyEval_RestoreThread ()
0x00000000005fc4c5 in PyEval_RestoreThread ()
0x00000000005fc4c8 in PyEval_RestoreThread ()
0x00000000005fc4c9 in PyEval_RestoreThread ()
0x00000000005fc4cd in PyEval_RestoreThread ()
0x00000000005fc4d0 in PyEval_RestoreThread ()
0x00000000005fc4d6 in PyEval_RestoreThread ()
0x00000000005fc4d9 in PyEval_RestoreThread ()
0x00000000005fbbe0 in ?? ()
0x00000000005fbbe1 in ?? ()
0x00000000005fbbe4 in ?? ()
0x00000000005fbbe6 in ?? ()
0x00000000005fbbe8 in ?? ()
0x00000000005fbbea in ?? ()
0x00000000005fbbed in ?? ()
0x00000000005fbbef in ?? ()
0x00000000005fbbf0 in ?? ()
0x00000000005fbbf4 in ?? ()
0x00000000004214b0 in __errno_location@plt ()
__GI___errno_location () at ./csu/errno-loc.c:25
26	in ./csu/errno-loc.c
0x00007ffff7c2a6eb	26	in ./csu/errno-loc.c
0x00007ffff7c2a6f4	27	in ./csu/errno-loc.c
0x00000000005fbbf9 in ?? ()
0x00000000005fbbfc in ?? ()
0x00000000005fbbff in ?? ()
0x00000000005fbc01 in ?? ()
0x00000000005fbc04 in ?? ()
0x0000000000608330 in ?? ()
0x0000000000608334 in ?? ()
0x0000000000608335 in ?? ()
0x0000000000608338 in ?? ()
0x0000000000608339 in ?? ()
0x000000000060833d in ?? ()
0x0000000000608344 in ?? ()
0x000000000060834b in ?? ()
0x000000000060834e in ?? ()
0x0000000000608350 in ?? ()
0x0000000000608354 in ?? ()
0x0000000000608358 in ?? ()
0x000000000060835f in ?? ()
0x0000000000608362 in ?? ()
0x0000000000608364 in ?? ()
0x0000000000608367 in ?? ()
0x000000000060836d in ?? ()
0x000000000060836f in ?? ()
0x0000000000608373 in ?? ()
0x0000000000608374 in ?? ()
0x00000000005fbc09 in ?? ()
0x00000000005fbc0b in ?? ()
0x00000000005fbc11 in ?? ()
0x00000000005fbc15 in ?? ()
0x00000000005fbc1d in ?? ()
0x00000000005fbc25 in ?? ()
0x00000000005fbc29 in ?? ()
0x00000000005fbc2d in ?? ()
0x00000000005fbc30 in ?? ()
0x0000000000421c00 in pthread_mutex_lock@plt ()
___pthread_mutex_lock (mutex=0xb49288 <_PyRuntime+77512>) at ./nptl/pthread_mutex_lock.c:77
80	in ./nptl/pthread_mutex_lock.c
0x00007ffff7ca00d7	80	in ./nptl/pthread_mutex_lock.c
0x00007ffff7ca00d9	80	in ./nptl/pthread_mutex_lock.c
82	in ./nptl/pthread_mutex_lock.c
84	in ./nptl/pthread_mutex_lock.c
0x00007ffff7ca00e3	84	in ./nptl/pthread_mutex_lock.c
88	in ./nptl/pthread_mutex_lock.c
0x00007ffff7ca00ea	88	in ./nptl/pthread_mutex_lock.c
0x00007ffff7ca00ed	88	in ./nptl/pthread_mutex_lock.c
0x00007ffff7ca00ee	88	in ./nptl/pthread_mutex_lock.c
0x00007ffff7ca00f2	88	in ./nptl/pthread_mutex_lock.c
0x00007ffff7ca00f4	88	in ./nptl/pthread_mutex_lock.c
90	in ./nptl/pthread_mutex_lock.c
0x00007ffff7ca0101	90	in ./nptl/pthread_mutex_lock.c
0x00007ffff7ca0104	90	in ./nptl/pthread_mutex_lock.c
lll_mutex_lock_optimized (mutex=0xb49288 <_PyRuntime+77512>) at ./nptl/pthread_mutex_lock.c:44
44	in ./nptl/pthread_mutex_lock.c
45	in ./nptl/pthread_mutex_lock.c
0x00007ffff7ca010f	45	in ./nptl/pthread_mutex_lock.c
0x00007ffff7ca0111	45	in ./nptl/pthread_mutex_lock.c
0x00007ffff7ca0118	45	in ./nptl/pthread_mutex_lock.c
0x00007ffff7ca0150	45	in ./nptl/pthread_mutex_lock.c
0x00007ffff7ca0153	45	in ./nptl/pthread_mutex_lock.c
0x00007ffff7ca0156	45	in ./nptl/pthread_mutex_lock.c
46	in ./nptl/pthread_mutex_lock.c
0x00007ffff7ca015e	46	in ./nptl/pthread_mutex_lock.c
___pthread_mutex_lock (mutex=<optimized out>) at ./nptl/pthread_mutex_lock.c:94
94	in ./nptl/pthread_mutex_lock.c
0x00007ffff7ca012e	94	in ./nptl/pthread_mutex_lock.c
0x00007ffff7ca0130	94	in ./nptl/pthread_mutex_lock.c
179	in ./nptl/pthread_mutex_lock.c
182	in ./nptl/pthread_mutex_lock.c
184	in ./nptl/pthread_mutex_lock.c
187	in ./nptl/pthread_mutex_lock.c
189	in ./nptl/pthread_mutex_lock.c
0x00007ffff7ca0148	190	in ./nptl/pthread_mutex_lock.c
0x00007ffff7ca014c	190	in ./nptl/pthread_mutex_lock.c
0x00007ffff7ca014d	190	in ./nptl/pthread_mutex_lock.c
0x00000000005fbc35 in ?? ()
0x00000000005fbc38 in ?? ()
0x00000000005fbc3a in ?? ()
0x00000000005fbc40 in ?? ()
0x00000000005fbc43 in ?? ()
0x00000000005fbc47 in ?? ()
0x00000000005fbc49 in ?? ()
0x00000000005fbc4f in ?? ()
0x00000000005fbc56 in ?? ()
0x00000000005fbc59 in ?? ()
0x00000000005fbc5d in ?? ()
0x0000000000421c00 in pthread_mutex_lock@plt ()
___pthread_mutex_lock (mutex=0xb492e0 <_PyRuntime+77600>) at ./nptl/pthread_mutex_lock.c:77
77	in ./nptl/pthread_mutex_lock.c
80	in ./nptl/pthread_mutex_lock.c
0x00007ffff7ca00d7	80	in ./nptl/pthread_mutex_lock.c
0x00007ffff7ca00d9	80	in ./nptl/pthread_mutex_lock.c
82	in ./nptl/pthread_mutex_lock.c
84	in ./nptl/pthread_mutex_lock.c
0x00007ffff7ca00e3	84	in ./nptl/pthread_mutex_lock.c
88	in ./nptl/pthread_mutex_lock.c
0x00007ffff7ca00ea	88	in ./nptl/pthread_mutex_lock.c
0x00007ffff7ca00ed	88	in ./nptl/pthread_mutex_lock.c
0x00007ffff7ca00ee	88	in ./nptl/pthread_mutex_lock.c
0x00007ffff7ca00f2	88	in ./nptl/pthread_mutex_lock.c
0x00007ffff7ca00f4	88	in ./nptl/pthread_mutex_lock.c
90	in ./nptl/pthread_mutex_lock.c
0x00007ffff7ca0101	90	in ./nptl/pthread_mutex_lock.c
0x00007ffff7ca0104	90	in ./nptl/pthread_mutex_lock.c
lll_mutex_lock_optimized (mutex=0xb492e0 <_PyRuntime+77600>) at ./nptl/pthread_mutex_lock.c:44
44	in ./nptl/pthread_mutex_lock.c
45	in ./nptl/pthread_mutex_lock.c
0x00007ffff7ca010f	45	in ./nptl/pthread_mutex_lock.c
0x00007ffff7ca0111	45	in ./nptl/pthread_mutex_lock.c
0x00007ffff7ca0118	45	in ./nptl/pthread_mutex_lock.c
0x00007ffff7ca0150	45	in ./nptl/pthread_mutex_lock.c
0x00007ffff7ca0153	45	in ./nptl/pthread_mutex_lock.c
0x00007ffff7ca0156	45	in ./nptl/pthread_mutex_lock.c
46	in ./nptl/pthread_mutex_lock.c
0x00007ffff7ca015e	46	in ./nptl/pthread_mutex_lock.c
___pthread_mutex_lock (mutex=<optimized out>) at ./nptl/pthread_mutex_lock.c:94
94	in ./nptl/pthread_mutex_lock.c
0x00007ffff7ca012e	94	in ./nptl/pthread_mutex_lock.c
0x00007ffff7ca0130	94	in ./nptl/pthread_mutex_lock.c
179	in ./nptl/pthread_mutex_lock.c
182	in ./nptl/pthread_mutex_lock.c
184	in ./nptl/pthread_mutex_lock.c
187	in ./nptl/pthread_mutex_lock.c
189	in ./nptl/pthread_mutex_lock.c
0x00007ffff7ca0148	190	in ./nptl/pthread_mutex_lock.c
0x00007ffff7ca014c	190	in ./nptl/pthread_mutex_lock.c
0x00007ffff7ca014d	190	in ./nptl/pthread_mutex_lock.c
0x00000000005fbc62 in ?? ()
0x00000000005fbc64 in ?? ()
0x00000000005fbc6a in ?? ()
0x00000000005fbc71 in ?? ()
0x00000000005fbc75 in ?? ()
0x00000000005fbc78 in ?? ()
0x00000000005fbc7e in ?? ()
0x00000000005fbc82 in ?? ()
0x0000000000420470 in pthread_cond_signal@plt ()
___pthread_cond_signal (cond=0xb492b0 <_PyRuntime+77552>) at ./nptl/pthread_cond_signal.c:35
36	in ./nptl/pthread_cond_signal.c
0x00007ffff7c9b0a5	36	in ./nptl/pthread_cond_signal.c
0x00007ffff7c9b0a8	36	in ./nptl/pthread_cond_signal.c
0x00007ffff7c9b0aa	36	in ./nptl/pthread_cond_signal.c
0x00007ffff7c9b0ac	36	in ./nptl/pthread_cond_signal.c
0x00007ffff7c9b0ae	36	in ./nptl/pthread_cond_signal.c
0x00007ffff7c9b0b0	36	in ./nptl/pthread_cond_signal.c
0x00007ffff7c9b0b1	36	in ./nptl/pthread_cond_signal.c
0x00007ffff7c9b0b5	36	in ./nptl/pthread_cond_signal.c
41	in ./nptl/pthread_cond_signal.c
42	in ./nptl/pthread_cond_signal.c
0x00007ffff7c9b0bb	42	in ./nptl/pthread_cond_signal.c
0x00007ffff7c9b0be	42	in ./nptl/pthread_cond_signal.c
0x00007ffff7c9b15b	96	in ./nptl/pthread_cond_signal.c
0x00007ffff7c9b15f	96	in ./nptl/pthread_cond_signal.c
0x00007ffff7c9b161	96	in ./nptl/pthread_cond_signal.c
0x00007ffff7c9b162	96	in ./nptl/pthread_cond_signal.c
0x00007ffff7c9b164	96	in ./nptl/pthread_cond_signal.c
0x00007ffff7c9b166	96	in ./nptl/pthread_cond_signal.c
0x00007ffff7c9b168	96	in ./nptl/pthread_cond_signal.c
0x00007ffff7c9b16a	96	in ./nptl/pthread_cond_signal.c
0x00007ffff7c9b16b	96	in ./nptl/pthread_cond_signal.c
0x00000000005fbc87 in ?? ()
0x00000000005fbc89 in ?? ()
0x00000000005fbc8f in ?? ()
0x00000000005fbc93 in ?? ()
0x0000000000421db0 in pthread_mutex_unlock@plt ()
___pthread_mutex_unlock (mutex=0xb492e0 <_PyRuntime+77600>) at ./nptl/pthread_mutex_unlock.c:367
__GI___pthread_mutex_unlock_usercnt (decr=1, mutex=0xb492e0 <_PyRuntime+77600>) at ./nptl/pthread_mutex_unlock.c:51
51	in ./nptl/pthread_mutex_unlock.c
0x00007ffff7ca1b57	51	in ./nptl/pthread_mutex_unlock.c
0x00007ffff7ca1b59	51	in ./nptl/pthread_mutex_unlock.c
52	in ./nptl/pthread_mutex_unlock.c
0x00007ffff7ca1b61	52	in ./nptl/pthread_mutex_unlock.c
___pthread_mutex_unlock (mutex=0xb492e0 <_PyRuntime+77600>) at ./nptl/pthread_mutex_unlock.c:57
57	in ./nptl/pthread_mutex_unlock.c
0x00007ffff7ca1b64	57	in ./nptl/pthread_mutex_unlock.c
0x00007ffff7ca1b67	57	in ./nptl/pthread_mutex_unlock.c
0x00007ffff7ca1b6b in __GI___pthread_mutex_unlock_usercnt (decr=1, mutex=0xb492e0 <_PyRuntime+77600>) at ./nptl/pthread_mutex_unlock.c:57
57	in ./nptl/pthread_mutex_unlock.c
0x00007ffff7ca1b6d	57	in ./nptl/pthread_mutex_unlock.c
62	in ./nptl/pthread_mutex_unlock.c
0x00007ffff7ca1b73	62	in ./nptl/pthread_mutex_unlock.c
lll_mutex_unlock_optimized (mutex=0xb492e0 <_PyRuntime+77600>) at ./nptl/pthread_mutex_unlock.c:39
39	in ./nptl/pthread_mutex_unlock.c
40	in ./nptl/pthread_mutex_unlock.c
0x00007ffff7ca1b83	40	in ./nptl/pthread_mutex_unlock.c
0x00007ffff7ca1b85	40	in ./nptl/pthread_mutex_unlock.c
0x00007ffff7ca1b8c	40	in ./nptl/pthread_mutex_unlock.c
41	in ./nptl/pthread_mutex_unlock.c
__GI___pthread_mutex_unlock_usercnt (decr=1, mutex=<optimized out>) at ./nptl/pthread_mutex_unlock.c:70
70	in ./nptl/pthread_mutex_unlock.c
72	in ./nptl/pthread_mutex_unlock.c
0x00007ffff7ca1b97 in ___pthread_mutex_unlock (mutex=<optimized out>) at ./nptl/pthread_mutex_unlock.c:369
369	in ./nptl/pthread_mutex_unlock.c
0x00007ffff7ca1b98	369	in ./nptl/pthread_mutex_unlock.c
0x00000000005fbc98 in ?? ()
0x00000000005fbc9a in ?? ()
0x00000000005fbca0 in ?? ()
0x00000000005fbca3 in ?? ()
0x0000000000608330 in ?? ()
0x0000000000608334 in ?? ()
0x0000000000608335 in ?? ()
0x0000000000608338 in ?? ()
0x0000000000608339 in ?? ()
0x000000000060833d in ?? ()
0x0000000000608344 in ?? ()
0x000000000060834b in ?? ()
0x000000000060834e in ?? ()
0x0000000000608350 in ?? ()
0x0000000000608354 in ?? ()
0x0000000000608358 in ?? ()
0x000000000060835f in ?? ()
0x0000000000608362 in ?? ()
0x0000000000608364 in ?? ()
0x0000000000608367 in ?? ()
0x000000000060836d in ?? ()
0x000000000060836f in ?? ()
0x0000000000608373 in ?? ()
0x0000000000608374 in ?? ()
0x00000000005fbca8 in ?? ()
0x00000000005fbcaa in ?? ()
0x00000000005fbcac in ?? ()
0x00000000005fbcb2 in ?? ()
0x00000000005fbcba in ?? ()
0x00000000005fbcbc in ?? ()
0x00000000005fbcc2 in ?? ()
0x00000000005fbcca in ?? ()
0x00000000005fbcd0 in ?? ()
0x00000000005fbcd2 in ?? ()
0x00000000005fbcd8 in ?? ()
0x00000000005fbcdb in ?? ()
0x00000000005fbce3 in ?? ()
0x00000000005fbce6 in ?? ()
0x0000000000610060 in PyThread_get_thread_ident ()
0x0000000000610064 in PyThread_get_thread_ident ()
0x0000000000610065 in PyThread_get_thread_ident ()
0x0000000000610068 in PyThread_get_thread_ident ()
0x000000000061006c in PyThread_get_thread_ident ()
0x0000000000610072 in PyThread_get_thread_ident ()
0x0000000000610074 in PyThread_get_thread_ident ()
0x000000000061007a in PyThread_get_thread_ident ()
0x0000000000420ef0 in pthread_self@plt ()
__GI___pthread_self () at ./nptl/pthread_self.c:23
24	in ./nptl/pthread_self.c
0x00007ffff7ca37bd	24	in ./nptl/pthread_self.c
0x000000000061007f in PyThread_get_thread_ident ()
0x0000000000610083 in PyThread_get_thread_ident ()
0x0000000000610087 in PyThread_get_thread_ident ()
0x0000000000610088 in PyThread_get_thread_ident ()
0x00000000005fbceb in ?? ()
0x00000000005fbcf2 in ?? ()
0x00000000005fbcf5 in ?? ()
0x00000000005fbcfb in ?? ()
0x00000000005fbd02 in ?? ()
0x00000000005fbd08 in ?? ()
0x00000000005fbd0e in ?? ()
0x00000000005fbd16 in ?? ()
0x00000000005fbd19 in ?? ()
0x00000000005fbd1b in ?? ()
0x00000000005fbd1d in ?? ()
0x00000000005fbd1f in ?? ()
0x00000000005fbd22 in ?? ()
0x00000000005fbd25 in ?? ()
0x00000000005fbd27 in ?? ()
0x00000000005fbd2f in ?? ()
0x00000000005fbd31 in ?? ()
0x00000000005fbd39 in ?? ()
0x00000000005fbd41 in ?? ()
0x00000000005fbd47 in ?? ()
0x00000000005fbd4a in ?? ()
0x0000000000421db0 in pthread_mutex_unlock@plt ()
___pthread_mutex_unlock (mutex=0xb49288 <_PyRuntime+77512>) at ./nptl/pthread_mutex_unlock.c:367
__GI___pthread_mutex_unlock_usercnt (decr=1, mutex=0xb49288 <_PyRuntime+77512>) at ./nptl/pthread_mutex_unlock.c:51
51	in ./nptl/pthread_mutex_unlock.c
0x00007ffff7ca1b57	51	in ./nptl/pthread_mutex_unlock.c
0x00007ffff7ca1b59	51	in ./nptl/pthread_mutex_unlock.c
52	in ./nptl/pthread_mutex_unlock.c
0x00007ffff7ca1b61	52	in ./nptl/pthread_mutex_unlock.c
___pthread_mutex_unlock (mutex=0xb49288 <_PyRuntime+77512>) at ./nptl/pthread_mutex_unlock.c:57
57	in ./nptl/pthread_mutex_unlock.c
0x00007ffff7ca1b64	57	in ./nptl/pthread_mutex_unlock.c
0x00007ffff7ca1b67	57	in ./nptl/pthread_mutex_unlock.c
0x00007ffff7ca1b6b in __GI___pthread_mutex_unlock_usercnt (decr=1, mutex=0xb49288 <_PyRuntime+77512>) at ./nptl/pthread_mutex_unlock.c:57
57	in ./nptl/pthread_mutex_unlock.c
0x00007ffff7ca1b6d	57	in ./nptl/pthread_mutex_unlock.c
62	in ./nptl/pthread_mutex_unlock.c
0x00007ffff7ca1b73	62	in ./nptl/pthread_mutex_unlock.c
lll_mutex_unlock_optimized (mutex=0xb49288 <_PyRuntime+77512>) at ./nptl/pthread_mutex_unlock.c:39
39	in ./nptl/pthread_mutex_unlock.c
40	in ./nptl/pthread_mutex_unlock.c
0x00007ffff7ca1b83	40	in ./nptl/pthread_mutex_unlock.c
0x00007ffff7ca1b85	40	in ./nptl/pthread_mutex_unlock.c
0x00007ffff7ca1b8c	40	in ./nptl/pthread_mutex_unlock.c
41	in ./nptl/pthread_mutex_unlock.c
__GI___pthread_mutex_unlock_usercnt (decr=1, mutex=<optimized out>) at ./nptl/pthread_mutex_unlock.c:70
70	in ./nptl/pthread_mutex_unlock.c
72	in ./nptl/pthread_mutex_unlock.c
0x00007ffff7ca1b97 in ___pthread_mutex_unlock (mutex=<optimized out>) at ./nptl/pthread_mutex_unlock.c:369
369	in ./nptl/pthread_mutex_unlock.c
0x00007ffff7ca1b98	369	in ./nptl/pthread_mutex_unlock.c
0x00000000005fbd4f in ?? ()
0x00000000005fbd51 in ?? ()
0x00000000005fbd57 in ?? ()
0x00000000005fbd5a in ?? ()
0x00000000005fbd5d in ?? ()
0x00000000005fbd61 in ?? ()
0x00000000005fbd62 in ?? ()
0x00000000005fbd64 in ?? ()
0x00000000005fbd66 in ?? ()
0x00000000005fbd68 in ?? ()
0x00000000005fbd6a in ?? ()
0x00000000005fbd6b in ?? ()
0x00000000005fc4de in PyEval_RestoreThread ()
0x00000000005fc4e1 in PyEval_RestoreThread ()
0x00000000005fc4e5 in PyEval_RestoreThread ()
0x00000000005fc4e6 in PyEval_RestoreThread ()
0x00000000006082c0 in ?? ()
0x00000000006082c4 in ?? ()
0x00000000006082cd in ?? ()
0x00000000006082da in ?? ()
0x00000000006082dd in ?? ()
0x00000000006082e3 in ?? ()
0x00000000006082e6 in ?? ()
0x00000000006082e8 in ?? ()
0x00000000006082f1 in ?? ()
0x00000000006082f5 in ?? ()
0x00000000006082f8 in ?? ()
0x00000000006082fa in ?? ()
0x00000000006082fd in ?? ()
0x0000000000608300 in ?? ()
0x00000000006b2be6 in PyGILState_Ensure ()
0x00000000006b2be9 in PyGILState_Ensure ()
0x00000000006b2beb in PyGILState_Ensure ()
0x00000000006b2bd3 in PyGILState_Ensure ()
0x00000000006b2bd7 in PyGILState_Ensure ()
0x00000000006b2bda in PyGILState_Ensure ()
0x00000000006b2bdb in PyGILState_Ensure ()
0x00000000006b2bdc in PyGILState_Ensure ()
0x00000000006b2bdd in PyGILState_Ensure ()
0x00007fffe57c9628 in __Pyx_ErrOccurredWithGIL () at src/gala/integrate/cyintegrators/leapfrog.cpp:30419
30420	in src/gala/integrate/cyintegrators/leapfrog.cpp
0x00007fffe579e890 in PyErr_Occurred@plt () from /home/otherside123/venvs/gate2c1-trace/lib/python3.12/site-packages/gala/integrate/cyintegrators/leapfrog.cpython-312-x86_64-linux-gnu.so
0x00000000005f1620 in PyErr_Occurred ()
0x00000000005f1624 in PyErr_Occurred ()
0x00000000005f162b in PyErr_Occurred ()
0x00000000005f162f in PyErr_Occurred ()
0x00000000005f1633 in PyErr_Occurred ()
0x00000000005f1636 in PyErr_Occurred ()
0x00000000005f1638 in PyErr_Occurred ()
0x00007fffe57c9630 in __Pyx_ErrOccurredWithGIL () at src/gala/integrate/cyintegrators/leapfrog.cpp:30421
30421	in src/gala/integrate/cyintegrators/leapfrog.cpp
0x00007fffe57c9633	30420	in src/gala/integrate/cyintegrators/leapfrog.cpp
30421	in src/gala/integrate/cyintegrators/leapfrog.cpp
0x00007fffe579e6e0 in PyGILState_Release@plt () from /home/otherside123/venvs/gate2c1-trace/lib/python3.12/site-packages/gala/integrate/cyintegrators/leapfrog.cpython-312-x86_64-linux-gnu.so
0x00000000006b2bf0 in PyGILState_Release ()
0x00000000006b2bf4 in PyGILState_Release ()
0x00000000006b2bf5 in PyGILState_Release ()
0x00000000006b2bf8 in PyGILState_Release ()
0x00000000006b2bf9 in PyGILState_Release ()
0x00000000006b2bfb in PyGILState_Release ()
0x00000000006b2c00 in PyGILState_Release ()
0x00000000006b2c04 in PyGILState_Release ()
0x00000000006104e0 in PyThread_tss_get ()
0x00000000006104e4 in PyThread_tss_get ()
0x00000000006104e7 in PyThread_tss_get ()
0x0000000000421760 in pthread_getspecific@plt ()
___pthread_getspecific (key=0) at ./nptl/pthread_getspecific.c:24
29	in ./nptl/pthread_getspecific.c
0x00007ffff7c9e697	29	in ./nptl/pthread_getspecific.c
30	in ./nptl/pthread_getspecific.c
0x00007ffff7c9e69b	30	in ./nptl/pthread_getspecific.c
0x00007ffff7c9e69f	30	in ./nptl/pthread_getspecific.c
0x00007ffff7c9e6a3	30	in ./nptl/pthread_getspecific.c
54	in ./nptl/pthread_getspecific.c
55	in ./nptl/pthread_getspecific.c
0x00007ffff7c9e6b3	55	in ./nptl/pthread_getspecific.c
59	in ./nptl/pthread_getspecific.c
0x00007ffff7c9e6b7	59	in ./nptl/pthread_getspecific.c
0x00007ffff7c9e6be	59	in ./nptl/pthread_getspecific.c
0x00007ffff7c9e6c1	59	in ./nptl/pthread_getspecific.c
0x00007ffff7c9e6c5	59	in ./nptl/pthread_getspecific.c
0x00007ffff7c9e6c9	59	in ./nptl/pthread_getspecific.c
0x00007ffff7c9e6cb	64	in ./nptl/pthread_getspecific.c
0x00007ffff7c9e6ce	64	in ./nptl/pthread_getspecific.c
0x00000000006b2c09 in PyGILState_Release ()
0x00000000006b2c0c in PyGILState_Release ()
0x00000000006b2c12 in PyGILState_Release ()
0x00000000006b2c1b in PyGILState_Release ()
0x00000000006b2c21 in PyGILState_Release ()
0x00000000006b2c25 in PyGILState_Release ()
0x00000000006b2c2b in PyGILState_Release ()
0x00000000006b2c2e in PyGILState_Release ()
0x00000000006b2c37 in PyGILState_Release ()
0x00000000006b2c3b in PyGILState_Release ()
0x00000000006b2c3c in PyGILState_Release ()
0x00000000006b2c3d in PyGILState_Release ()
0x00000000005fc060 in PyEval_SaveThread ()
0x00000000005fc064 in PyEval_SaveThread ()
0x00000000005fc065 in PyEval_SaveThread ()
0x00000000005fc067 in PyEval_SaveThread ()
0x00000000005fc06a in PyEval_SaveThread ()
0x00000000005fc06c in PyEval_SaveThread ()
0x00000000005fc06e in PyEval_SaveThread ()
0x00000000005fc070 in PyEval_SaveThread ()
0x00000000005fc071 in PyEval_SaveThread ()
0x00000000006082c0 in ?? ()
0x00000000006082c4 in ?? ()
0x00000000006082cd in ?? ()
0x00000000006082da in ?? ()
0x00000000006082dd in ?? ()
0x00000000006082df in ?? ()
0x00000000006082e3 in ?? ()
0x00000000006082e6 in ?? ()
0x0000000000608308 in ?? ()
0x00000000005fc076 in PyEval_SaveThread ()
0x00000000005fc079 in PyEval_SaveThread ()
0x00000000005fc07f in PyEval_SaveThread ()
0x00000000005fc083 in PyEval_SaveThread ()
0x00000000005fc086 in PyEval_SaveThread ()
0x00000000005fc08d in PyEval_SaveThread ()
0x00000000005fc092 in PyEval_SaveThread ()
0x00000000005fc094 in PyEval_SaveThread ()
0x00000000005fc09a in PyEval_SaveThread ()
0x00000000005fc09f in PyEval_SaveThread ()
0x00000000005fc0a4 in PyEval_SaveThread ()
0x00000000005fc0a7 in PyEval_SaveThread ()
0x0000000000421c00 in pthread_mutex_lock@plt ()
___pthread_mutex_lock (mutex=0xb49288 <_PyRuntime+77512>) at ./nptl/pthread_mutex_lock.c:77
80	in ./nptl/pthread_mutex_lock.c
0x00007ffff7ca00d7	80	in ./nptl/pthread_mutex_lock.c
0x00007ffff7ca00d9	80	in ./nptl/pthread_mutex_lock.c
82	in ./nptl/pthread_mutex_lock.c
84	in ./nptl/pthread_mutex_lock.c
0x00007ffff7ca00e3	84	in ./nptl/pthread_mutex_lock.c
88	in ./nptl/pthread_mutex_lock.c
0x00007ffff7ca00ea	88	in ./nptl/pthread_mutex_lock.c
0x00007ffff7ca00ed	88	in ./nptl/pthread_mutex_lock.c
0x00007ffff7ca00ee	88	in ./nptl/pthread_mutex_lock.c
0x00007ffff7ca00f2	88	in ./nptl/pthread_mutex_lock.c
0x00007ffff7ca00f4	88	in ./nptl/pthread_mutex_lock.c
90	in ./nptl/pthread_mutex_lock.c
0x00007ffff7ca0101	90	in ./nptl/pthread_mutex_lock.c
0x00007ffff7ca0104	90	in ./nptl/pthread_mutex_lock.c
lll_mutex_lock_optimized (mutex=0xb49288 <_PyRuntime+77512>) at ./nptl/pthread_mutex_lock.c:44
44	in ./nptl/pthread_mutex_lock.c
45	in ./nptl/pthread_mutex_lock.c
0x00007ffff7ca010f	45	in ./nptl/pthread_mutex_lock.c
0x00007ffff7ca0111	45	in ./nptl/pthread_mutex_lock.c
0x00007ffff7ca0118	45	in ./nptl/pthread_mutex_lock.c
0x00007ffff7ca0150	45	in ./nptl/pthread_mutex_lock.c
0x00007ffff7ca0153	45	in ./nptl/pthread_mutex_lock.c
0x00007ffff7ca0156	45	in ./nptl/pthread_mutex_lock.c
46	in ./nptl/pthread_mutex_lock.c
0x00007ffff7ca015e	46	in ./nptl/pthread_mutex_lock.c
___pthread_mutex_lock (mutex=<optimized out>) at ./nptl/pthread_mutex_lock.c:94
94	in ./nptl/pthread_mutex_lock.c
0x00007ffff7ca012e	94	in ./nptl/pthread_mutex_lock.c
0x00007ffff7ca0130	94	in ./nptl/pthread_mutex_lock.c
179	in ./nptl/pthread_mutex_lock.c
182	in ./nptl/pthread_mutex_lock.c
184	in ./nptl/pthread_mutex_lock.c
187	in ./nptl/pthread_mutex_lock.c
189	in ./nptl/pthread_mutex_lock.c
0x00007ffff7ca0148	190	in ./nptl/pthread_mutex_lock.c
0x00007ffff7ca014c	190	in ./nptl/pthread_mutex_lock.c
0x00007ffff7ca014d	190	in ./nptl/pthread_mutex_lock.c
0x00000000005fc0ac in PyEval_SaveThread ()
0x00000000005fc0ae in PyEval_SaveThread ()
0x00000000005fc0b4 in PyEval_SaveThread ()
0x00000000005fc0bd in PyEval_SaveThread ()
0x00000000005fc0c2 in PyEval_SaveThread ()
0x0000000000420470 in pthread_cond_signal@plt ()
___pthread_cond_signal (cond=0xb49258 <_PyRuntime+77464>) at ./nptl/pthread_cond_signal.c:35
36	in ./nptl/pthread_cond_signal.c
0x00007ffff7c9b0a5	36	in ./nptl/pthread_cond_signal.c
0x00007ffff7c9b0a8	36	in ./nptl/pthread_cond_signal.c
0x00007ffff7c9b0aa	36	in ./nptl/pthread_cond_signal.c
0x00007ffff7c9b0ac	36	in ./nptl/pthread_cond_signal.c
0x00007ffff7c9b0ae	36	in ./nptl/pthread_cond_signal.c
0x00007ffff7c9b0b0	36	in ./nptl/pthread_cond_signal.c
0x00007ffff7c9b0b1	36	in ./nptl/pthread_cond_signal.c
0x00007ffff7c9b0b5	36	in ./nptl/pthread_cond_signal.c
41	in ./nptl/pthread_cond_signal.c
42	in ./nptl/pthread_cond_signal.c
0x00007ffff7c9b0bb	42	in ./nptl/pthread_cond_signal.c
0x00007ffff7c9b0be	42	in ./nptl/pthread_cond_signal.c
0x00007ffff7c9b15b	96	in ./nptl/pthread_cond_signal.c
0x00007ffff7c9b15f	96	in ./nptl/pthread_cond_signal.c
0x00007ffff7c9b161	96	in ./nptl/pthread_cond_signal.c
0x00007ffff7c9b162	96	in ./nptl/pthread_cond_signal.c
0x00007ffff7c9b164	96	in ./nptl/pthread_cond_signal.c
0x00007ffff7c9b166	96	in ./nptl/pthread_cond_signal.c
0x00007ffff7c9b168	96	in ./nptl/pthread_cond_signal.c
0x00007ffff7c9b16a	96	in ./nptl/pthread_cond_signal.c
0x00007ffff7c9b16b	96	in ./nptl/pthread_cond_signal.c
0x00000000005fc0c7 in PyEval_SaveThread ()
0x00000000005fc0c9 in PyEval_SaveThread ()
0x00000000005fc0cf in PyEval_SaveThread ()
0x00000000005fc0d2 in PyEval_SaveThread ()
0x0000000000421db0 in pthread_mutex_unlock@plt ()
___pthread_mutex_unlock (mutex=0xb49288 <_PyRuntime+77512>) at ./nptl/pthread_mutex_unlock.c:367
__GI___pthread_mutex_unlock_usercnt (decr=1, mutex=0xb49288 <_PyRuntime+77512>) at ./nptl/pthread_mutex_unlock.c:51
51	in ./nptl/pthread_mutex_unlock.c
0x00007ffff7ca1b57	51	in ./nptl/pthread_mutex_unlock.c
0x00007ffff7ca1b59	51	in ./nptl/pthread_mutex_unlock.c
52	in ./nptl/pthread_mutex_unlock.c
0x00007ffff7ca1b61	52	in ./nptl/pthread_mutex_unlock.c
___pthread_mutex_unlock (mutex=0xb49288 <_PyRuntime+77512>) at ./nptl/pthread_mutex_unlock.c:57
57	in ./nptl/pthread_mutex_unlock.c
0x00007ffff7ca1b64	57	in ./nptl/pthread_mutex_unlock.c
0x00007ffff7ca1b67	57	in ./nptl/pthread_mutex_unlock.c
0x00007ffff7ca1b6b in __GI___pthread_mutex_unlock_usercnt (decr=1, mutex=0xb49288 <_PyRuntime+77512>) at ./nptl/pthread_mutex_unlock.c:57
57	in ./nptl/pthread_mutex_unlock.c
0x00007ffff7ca1b6d	57	in ./nptl/pthread_mutex_unlock.c
62	in ./nptl/pthread_mutex_unlock.c
0x00007ffff7ca1b73	62	in ./nptl/pthread_mutex_unlock.c
lll_mutex_unlock_optimized (mutex=0xb49288 <_PyRuntime+77512>) at ./nptl/pthread_mutex_unlock.c:39
39	in ./nptl/pthread_mutex_unlock.c
40	in ./nptl/pthread_mutex_unlock.c
0x00007ffff7ca1b83	40	in ./nptl/pthread_mutex_unlock.c
0x00007ffff7ca1b85	40	in ./nptl/pthread_mutex_unlock.c
0x00007ffff7ca1b8c	40	in ./nptl/pthread_mutex_unlock.c
41	in ./nptl/pthread_mutex_unlock.c
__GI___pthread_mutex_unlock_usercnt (decr=1, mutex=<optimized out>) at ./nptl/pthread_mutex_unlock.c:70
70	in ./nptl/pthread_mutex_unlock.c
72	in ./nptl/pthread_mutex_unlock.c
0x00007ffff7ca1b97 in ___pthread_mutex_unlock (mutex=<optimized out>) at ./nptl/pthread_mutex_unlock.c:369
369	in ./nptl/pthread_mutex_unlock.c
0x00007ffff7ca1b98	369	in ./nptl/pthread_mutex_unlock.c
0x00000000005fc0d7 in PyEval_SaveThread ()
0x00000000005fc0d9 in PyEval_SaveThread ()
0x00000000005fc0df in PyEval_SaveThread ()
0x00000000005fc0e6 in PyEval_SaveThread ()
0x00000000005fc0e8 in PyEval_SaveThread ()
0x00000000005fc0ea in PyEval_SaveThread ()
0x00000000005fc0ed in PyEval_SaveThread ()
0x00000000005fc0ee in PyEval_SaveThread ()
0x00000000005fc0f0 in PyEval_SaveThread ()
0x00000000005fc0f2 in PyEval_SaveThread ()
0x00000000005fc0f4 in PyEval_SaveThread ()
0x00000000005fc0f5 in PyEval_SaveThread ()
__pyx_f_4gala_9integrate_13cyintegrators_8leapfrog_leapfrog_integrate_hamiltonian (__pyx_skip_dispatch=1, __pyx_v_hamiltonian=<optimized out>, __pyx_v_w0=..., __pyx_v_t=..., __pyx_optional_args=<synthetic pointer>) at src/gala/integrate/cyintegrators/leapfrog.cpp:30422
0x00007fffe57c963e	30422	in src/gala/integrate/cyintegrators/leapfrog.cpp
21964	in src/gala/integrate/cyintegrators/leapfrog.cpp
0x00007fffe57c9648	21964	in src/gala/integrate/cyintegrators/leapfrog.cpp
0x00007fffe57c964a	21964	in src/gala/integrate/cyintegrators/leapfrog.cpp
21978	in src/gala/integrate/cyintegrators/leapfrog.cpp
0x00007fffe57cad07	21978	in src/gala/integrate/cyintegrators/leapfrog.cpp
0x00007fffe57cad09	21978	in src/gala/integrate/cyintegrators/leapfrog.cpp
0x00007fffe57cad0f	21978	in src/gala/integrate/cyintegrators/leapfrog.cpp
0x00007fffe57cad17	21978	in src/gala/integrate/cyintegrators/leapfrog.cpp
0x00007fffe57cad1f	21978	in src/gala/integrate/cyintegrators/leapfrog.cpp
0x00007fffe57cad22	21978	in src/gala/integrate/cyintegrators/leapfrog.cpp
0x00007fffe57cad24	21978	in src/gala/integrate/cyintegrators/leapfrog.cpp
0x00007fffe57cad28	21978	in src/gala/integrate/cyintegrators/leapfrog.cpp
21992	in src/gala/integrate/cyintegrators/leapfrog.cpp
0x00007fffe57cad32	21992	in src/gala/integrate/cyintegrators/leapfrog.cpp
0x00007fffe57cad34	21992	in src/gala/integrate/cyintegrators/leapfrog.cpp
0x00007fffe57cad3a	21992	in src/gala/integrate/cyintegrators/leapfrog.cpp
0x00007fffe57cad3c	21992	in src/gala/integrate/cyintegrators/leapfrog.cpp
0x00007fffe57cad3f	21992	in src/gala/integrate/cyintegrators/leapfrog.cpp
0x00007fffe57cad47	21992	in src/gala/integrate/cyintegrators/leapfrog.cpp
0x00007fffe57cad49	21992	in src/gala/integrate/cyintegrators/leapfrog.cpp
0x00007fffe57cad4d	21992	in src/gala/integrate/cyintegrators/leapfrog.cpp
0x00007fffe57cad51	21992	in src/gala/integrate/cyintegrators/leapfrog.cpp
0x00007fffe57cad54	21992	in src/gala/integrate/cyintegrators/leapfrog.cpp
0x00007fffe57cad5a	21992	in src/gala/integrate/cyintegrators/leapfrog.cpp
0x00007fffe57cad5e	21992	in src/gala/integrate/cyintegrators/leapfrog.cpp
0x00007fffe57cb3f2 in Py_DECREF (op=<optimized out>) at /opt/_internal/cpython-3.12.14/include/python3.12/object.h:705
0x00007fffe57cb3f5 in __pyx_f_4gala_9integrate_13cyintegrators_8leapfrog_leapfrog_integrate_hamiltonian (__pyx_skip_dispatch=1, __pyx_v_hamiltonian=<optimized out>, __pyx_v_w0=..., __pyx_v_t=..., __pyx_optional_args=<synthetic pointer>) at src/gala/integrate/cyintegrators/leapfrog.cpp:21357
0x00007fffe57cb3f7	21357	in src/gala/integrate/cyintegrators/leapfrog.cpp
22008	in src/gala/integrate/cyintegrators/leapfrog.cpp
0x00007fffe57cb405	22008	in src/gala/integrate/cyintegrators/leapfrog.cpp
0x00007fffe57cb408	22008	in src/gala/integrate/cyintegrators/leapfrog.cpp
21992	in src/gala/integrate/cyintegrators/leapfrog.cpp
0x00007fffe57cb411	21992	in src/gala/integrate/cyintegrators/leapfrog.cpp
0x00007fffe57cb414	21992	in src/gala/integrate/cyintegrators/leapfrog.cpp
0x00007fffe57cb416	21992	in src/gala/integrate/cyintegrators/leapfrog.cpp
21978	in src/gala/integrate/cyintegrators/leapfrog.cpp
0x00007fffe57cadb2	21978	in src/gala/integrate/cyintegrators/leapfrog.cpp
0x00007fffe57cadb6	21978	in src/gala/integrate/cyintegrators/leapfrog.cpp
0x00007fffe57cadb9	21978	in src/gala/integrate/cyintegrators/leapfrog.cpp
0x00007fffe57cadc1	21978	in src/gala/integrate/cyintegrators/leapfrog.cpp
0x00007fffe57cadc4	21978	in src/gala/integrate/cyintegrators/leapfrog.cpp
0x00007fffe57cadcc	21978	in src/gala/integrate/cyintegrators/leapfrog.cpp
0x00007fffe57cad51	21992	in src/gala/integrate/cyintegrators/leapfrog.cpp
0x00007fffe57cad54	21992	in src/gala/integrate/cyintegrators/leapfrog.cpp
0x00007fffe57cad5a	21992	in src/gala/integrate/cyintegrators/leapfrog.cpp
0x00007fffe57cad5e	21992	in src/gala/integrate/cyintegrators/leapfrog.cpp
0x00007fffe57cb3f2 in Py_DECREF (op=<optimized out>) at /opt/_internal/cpython-3.12.14/include/python3.12/object.h:705
0x00007fffe57cb3f5 in __pyx_f_4gala_9integrate_13cyintegrators_8leapfrog_leapfrog_integrate_hamiltonian (__pyx_skip_dispatch=1, __pyx_v_hamiltonian=<optimized out>, __pyx_v_w0=..., __pyx_v_t=..., __pyx_optional_args=<synthetic pointer>) at src/gala/integrate/cyintegrators/leapfrog.cpp:21357
0x00007fffe57cb3f7	21357	in src/gala/integrate/cyintegrators/leapfrog.cpp
22008	in src/gala/integrate/cyintegrators/leapfrog.cpp
0x00007fffe57cb405	22008	in src/gala/integrate/cyintegrators/leapfrog.cpp
0x00007fffe57cb408	22008	in src/gala/integrate/cyintegrators/leapfrog.cpp
21992	in src/gala/integrate/cyintegrators/leapfrog.cpp
0x00007fffe57cb411	21992	in src/gala/integrate/cyintegrators/leapfrog.cpp
0x00007fffe57cb414	21992	in src/gala/integrate/cyintegrators/leapfrog.cpp
0x00007fffe57cb416	21992	in src/gala/integrate/cyintegrators/leapfrog.cpp
21978	in src/gala/integrate/cyintegrators/leapfrog.cpp
0x00007fffe57cadb2	21978	in src/gala/integrate/cyintegrators/leapfrog.cpp
0x00007fffe57cadb6	21978	in src/gala/integrate/cyintegrators/leapfrog.cpp
0x00007fffe57cadb9	21978	in src/gala/integrate/cyintegrators/leapfrog.cpp
0x00007fffe57cadc1	21978	in src/gala/integrate/cyintegrators/leapfrog.cpp
0x00007fffe57cadc4	21978	in src/gala/integrate/cyintegrators/leapfrog.cpp
0x00007fffe57cadcc	21978	in src/gala/integrate/cyintegrators/leapfrog.cpp
0x00007fffe57cad51	21992	in src/gala/integrate/cyintegrators/leapfrog.cpp
0x00007fffe57cad54	21992	in src/gala/integrate/cyintegrators/leapfrog.cpp
0x00007fffe57cad5a	21992	in src/gala/integrate/cyintegrators/leapfrog.cpp
0x00007fffe57cad5e	21992	in src/gala/integrate/cyintegrators/leapfrog.cpp
0x00007fffe57cb3f2 in Py_DECREF (op=<optimized out>) at /opt/_internal/cpython-3.12.14/include/python3.12/object.h:705
0x00007fffe57cb3f5 in __pyx_f_4gala_9integrate_13cyintegrators_8leapfrog_leapfrog_integrate_hamiltonian (__pyx_skip_dispatch=1, __pyx_v_hamiltonian=<optimized out>, __pyx_v_w0=..., __pyx_v_t=..., __pyx_optional_args=<synthetic pointer>) at src/gala/integrate/cyintegrators/leapfrog.cpp:21357
0x00007fffe57cb3f7	21357	in src/gala/integrate/cyintegrators/leapfrog.cpp
22008	in src/gala/integrate/cyintegrators/leapfrog.cpp
0x00007fffe57cb405	22008	in src/gala/integrate/cyintegrators/leapfrog.cpp
0x00007fffe57cb408	22008	in src/gala/integrate/cyintegrators/leapfrog.cpp
21992	in src/gala/integrate/cyintegrators/leapfrog.cpp
0x00007fffe57cb411	21992	in src/gala/integrate/cyintegrators/leapfrog.cpp
0x00007fffe57cb414	21992	in src/gala/integrate/cyintegrators/leapfrog.cpp
0x00007fffe57cb416	21992	in src/gala/integrate/cyintegrators/leapfrog.cpp
21978	in src/gala/integrate/cyintegrators/leapfrog.cpp
0x00007fffe57cadb2	21978	in src/gala/integrate/cyintegrators/leapfrog.cpp
0x00007fffe57cadb6	21978	in src/gala/integrate/cyintegrators/leapfrog.cpp
0x00007fffe57cadb9	21978	in src/gala/integrate/cyintegrators/leapfrog.cpp
0x00007fffe57cadc1	21978	in src/gala/integrate/cyintegrators/leapfrog.cpp
0x00007fffe57cadc4	21978	in src/gala/integrate/cyintegrators/leapfrog.cpp
0x00007fffe57cadcc	21978	in src/gala/integrate/cyintegrators/leapfrog.cpp
0x00007fffe57cad51	21992	in src/gala/integrate/cyintegrators/leapfrog.cpp
0x00007fffe57cad54	21992	in src/gala/integrate/cyintegrators/leapfrog.cpp
0x00007fffe57cad5a	21992	in src/gala/integrate/cyintegrators/leapfrog.cpp
0x00007fffe57cad5e	21992	in src/gala/integrate/cyintegrators/leapfrog.cpp
0x00007fffe57cb3f2 in Py_DECREF (op=<optimized out>) at /opt/_internal/cpython-3.12.14/include/python3.12/object.h:705
0x00007fffe57cb3f5 in __pyx_f_4gala_9integrate_13cyintegrators_8leapfrog_leapfrog_integrate_hamiltonian (__pyx_skip_dispatch=1, __pyx_v_hamiltonian=<optimized out>, __pyx_v_w0=..., __pyx_v_t=..., __pyx_optional_args=<synthetic pointer>) at src/gala/integrate/cyintegrators/leapfrog.cpp:21357
0x00007fffe57cb3f7	21357	in src/gala/integrate/cyintegrators/leapfrog.cpp
22008	in src/gala/integrate/cyintegrators/leapfrog.cpp
0x00007fffe57cb405	22008	in src/gala/integrate/cyintegrators/leapfrog.cpp
0x00007fffe57cb408	22008	in src/gala/integrate/cyintegrators/leapfrog.cpp
21992	in src/gala/integrate/cyintegrators/leapfrog.cpp
0x00007fffe57cb411	21992	in src/gala/integrate/cyintegrators/leapfrog.cpp
0x00007fffe57cb414	21992	in src/gala/integrate/cyintegrators/leapfrog.cpp
0x00007fffe57cb416	21992	in src/gala/integrate/cyintegrators/leapfrog.cpp
21978	in src/gala/integrate/cyintegrators/leapfrog.cpp
0x00007fffe57cadb2	21978	in src/gala/integrate/cyintegrators/leapfrog.cpp
0x00007fffe57cadb6	21978	in src/gala/integrate/cyintegrators/leapfrog.cpp
0x00007fffe57cadb9	21978	in src/gala/integrate/cyintegrators/leapfrog.cpp
0x00007fffe57cadc1	21978	in src/gala/integrate/cyintegrators/leapfrog.cpp
0x00007fffe57cadc4	21978	in src/gala/integrate/cyintegrators/leapfrog.cpp
0x00007fffe57cadcc	21978	in src/gala/integrate/cyintegrators/leapfrog.cpp
0x00007fffe57cadd2	21978	in src/gala/integrate/cyintegrators/leapfrog.cpp
21882	in src/gala/integrate/cyintegrators/leapfrog.cpp
0x00007fffe57c9658	21882	in src/gala/integrate/cyintegrators/leapfrog.cpp
0x00007fffe57c965c	21882	in src/gala/integrate/cyintegrators/leapfrog.cpp
0x00007fffe57c9661	21882	in src/gala/integrate/cyintegrators/leapfrog.cpp
0x00007fffe57c9669	21882	in src/gala/integrate/cyintegrators/leapfrog.cpp
0x00007fffe57c966c	21882	in src/gala/integrate/cyintegrators/leapfrog.cpp
21898	in src/gala/integrate/cyintegrators/leapfrog.cpp
0x00007fffe57c95cb	21898	in src/gala/integrate/cyintegrators/leapfrog.cpp
0x00007fffe57c95cd	21899	in src/gala/integrate/cyintegrators/leapfrog.cpp
0x00007fffe57c95d5	21899	in src/gala/integrate/cyintegrators/leapfrog.cpp
0x00007fffe57c95da	21899	in src/gala/integrate/cyintegrators/leapfrog.cpp
0x00007fffe57c95dc	21899	in src/gala/integrate/cyintegrators/leapfrog.cpp
0x00007fffe579e350 in memset@plt () from /home/otherside123/venvs/gate2c1-trace/lib/python3.12/site-packages/gala/integrate/cyintegrators/leapfrog.cpython-312-x86_64-linux-gnu.so
__memset_avx2_unaligned_erms () at ../sysdeps/x86_64/multiarch/memset-vec-unaligned-erms.S:158
159	in ../sysdeps/x86_64/multiarch/memset-vec-unaligned-erms.S
0x00007ffff7d89788	159	in ../sysdeps/x86_64/multiarch/memset-vec-unaligned-erms.S
164	in ../sysdeps/x86_64/multiarch/memset-vec-unaligned-erms.S
165	in ../sysdeps/x86_64/multiarch/memset-vec-unaligned-erms.S
337	in ../sysdeps/x86_64/multiarch/memset-vec-unaligned-erms.S
346	in ../sysdeps/x86_64/multiarch/memset-vec-unaligned-erms.S
347	in ../sysdeps/x86_64/multiarch/memset-vec-unaligned-erms.S
378	in ../sysdeps/x86_64/multiarch/memset-vec-unaligned-erms.S
379	in ../sysdeps/x86_64/multiarch/memset-vec-unaligned-erms.S
380	in ../sysdeps/x86_64/multiarch/memset-vec-unaligned-erms.S
__pyx_f_4gala_9integrate_13cyintegrators_8leapfrog_leapfrog_integrate_hamiltonian (__pyx_skip_dispatch=1, __pyx_v_hamiltonian=<optimized out>, __pyx_v_w0=..., __pyx_v_t=..., __pyx_optional_args=<synthetic pointer>) at src/gala/integrate/cyintegrators/leapfrog.cpp:21953
0x00007fffe57c95e5	21953	in src/gala/integrate/cyintegrators/leapfrog.cpp
0x00007fffe57c95eb	21953	in src/gala/integrate/cyintegrators/leapfrog.cpp
0x00007fffe57c95ee	21953	in src/gala/integrate/cyintegrators/leapfrog.cpp
0x00007fffe57c95f1	21953	in src/gala/integrate/cyintegrators/leapfrog.cpp
0x00007fffe57c95f5	21953	in src/gala/integrate/cyintegrators/leapfrog.cpp
0x00007fffe57c95fa	21953	in src/gala/integrate/cyintegrators/leapfrog.cpp
0x00007fffe57c9603	21953	in src/gala/integrate/cyintegrators/leapfrog.cpp
0x00007fffe57c960a	21953	in src/gala/integrate/cyintegrators/leapfrog.cpp
0x00007fffe57c9612	21953	in src/gala/integrate/cyintegrators/leapfrog.cpp
0x00007fffe57c961a	21953	in src/gala/integrate/cyintegrators/leapfrog.cpp

Breakpoint -2, __pyx_f_4gala_9integrate_13cyintegrators_8leapfrog_c_leapfrog_step (__pyx_v_p=0x28cdd20, __pyx_v_n=1, __pyx_v_half_ndim=2, __pyx_v_t=0.125, __pyx_v_dt=0.015625, __pyx_v_x_jm1=0x29fdcb0, __pyx_v_v_jm1=0x29fdcc0, __pyx_v_v_jm1_2=0x2879a40, __pyx_v_grad=0x2e9eed0) at src/gala/integrate/cyintegrators/leapfrog.cpp:21212
21212	in src/gala/integrate/cyintegrators/leapfrog.cpp
0x00007fffe57ad782	21212	in src/gala/integrate/cyintegrators/leapfrog.cpp
0x00007fffe57ad784	21212	in src/gala/integrate/cyintegrators/leapfrog.cpp
0x00007fffe57ad786	21212	in src/gala/integrate/cyintegrators/leapfrog.cpp
0x00007fffe57ad788	21212	in src/gala/integrate/cyintegrators/leapfrog.cpp
0x00007fffe57ad789	21212	in src/gala/integrate/cyintegrators/leapfrog.cpp
0x00007fffe57ad78a	21212	in src/gala/integrate/cyintegrators/leapfrog.cpp
0x00007fffe57ad78d	21212	in src/gala/integrate/cyintegrators/leapfrog.cpp
21215	in src/gala/integrate/cyintegrators/leapfrog.cpp
0x00007fffe57ad792	21190	in src/gala/integrate/cyintegrators/leapfrog.cpp
0x00007fffe57ad796	21190	in src/gala/integrate/cyintegrators/leapfrog.cpp
0x00007fffe57ad79b	21215	in src/gala/integrate/cyintegrators/leapfrog.cpp
0x00007fffe57ad79d	21215	in src/gala/integrate/cyintegrators/leapfrog.cpp
0x00007fffe57ad7a3	21215	in src/gala/integrate/cyintegrators/leapfrog.cpp
0x00007fffe57ad7a6	21215	in src/gala/integrate/cyintegrators/leapfrog.cpp
0x00007fffe57ad7ab	21215	in src/gala/integrate/cyintegrators/leapfrog.cpp
0x00007fffe57ad7ae	21215	in src/gala/integrate/cyintegrators/leapfrog.cpp
0x00007fffe57ad7b1	21215	in src/gala/integrate/cyintegrators/leapfrog.cpp
0x00007fffe57ad7b4	21215	in src/gala/integrate/cyintegrators/leapfrog.cpp
0x00007fffe57ad7b7	21215	in src/gala/integrate/cyintegrators/leapfrog.cpp
0x00007fffe57ad7bd	21215	in src/gala/integrate/cyintegrators/leapfrog.cpp
21229	in src/gala/integrate/cyintegrators/leapfrog.cpp
0x00007fffe57ad7c2	21229	in src/gala/integrate/cyintegrators/leapfrog.cpp
0x00007fffe57ad7c4	21229	in src/gala/integrate/cyintegrators/leapfrog.cpp
0x00007fffe57ad7cf	21229	in src/gala/integrate/cyintegrators/leapfrog.cpp
0x00007fffe57ad7da	21229	in src/gala/integrate/cyintegrators/leapfrog.cpp
0x00007fffe57ad7e5	21229	in src/gala/integrate/cyintegrators/leapfrog.cpp
0x00007fffe57ad7f0	21229	in src/gala/integrate/cyintegrators/leapfrog.cpp
0x00007fffe57ad7fb	21229	in src/gala/integrate/cyintegrators/leapfrog.cpp
21239	in src/gala/integrate/cyintegrators/leapfrog.cpp
0x00007fffe57ad803	21239	in src/gala/integrate/cyintegrators/leapfrog.cpp
0x00007fffe57ad808	21229	in src/gala/integrate/cyintegrators/leapfrog.cpp
0x00007fffe57ad80b	21239	in src/gala/integrate/cyintegrators/leapfrog.cpp
0x00007fffe57ad811	21239	in src/gala/integrate/cyintegrators/leapfrog.cpp
0x00007fffe57ad815	21229	in src/gala/integrate/cyintegrators/leapfrog.cpp
0x00007fffe57ad818	21239	in src/gala/integrate/cyintegrators/leapfrog.cpp
0x00007fffe57ad81d	21239	in src/gala/integrate/cyintegrators/leapfrog.cpp
21229	in src/gala/integrate/cyintegrators/leapfrog.cpp
0x00007fffe57ad825	21229	in src/gala/integrate/cyintegrators/leapfrog.cpp
21215	in src/gala/integrate/cyintegrators/leapfrog.cpp
0x00007fffe57ad82b	21215	in src/gala/integrate/cyintegrators/leapfrog.cpp
0x00007fffe57ad82e	21215	in src/gala/integrate/cyintegrators/leapfrog.cpp
0x00007fffe57ad830	21215	in src/gala/integrate/cyintegrators/leapfrog.cpp
0x00007fffe57ad832	21215	in src/gala/integrate/cyintegrators/leapfrog.cpp
0x00007fffe57ad835	21215	in src/gala/integrate/cyintegrators/leapfrog.cpp
21229	in src/gala/integrate/cyintegrators/leapfrog.cpp
0x00007fffe57ad7c2	21229	in src/gala/integrate/cyintegrators/leapfrog.cpp
0x00007fffe57ad7c4	21229	in src/gala/integrate/cyintegrators/leapfrog.cpp
0x00007fffe57ad7cf	21229	in src/gala/integrate/cyintegrators/leapfrog.cpp
0x00007fffe57ad7da	21229	in src/gala/integrate/cyintegrators/leapfrog.cpp
0x00007fffe57ad7e5	21229	in src/gala/integrate/cyintegrators/leapfrog.cpp
0x00007fffe57ad7f0	21229	in src/gala/integrate/cyintegrators/leapfrog.cpp
0x00007fffe57ad7fb	21229	in src/gala/integrate/cyintegrators/leapfrog.cpp
21239	in src/gala/integrate/cyintegrators/leapfrog.cpp
0x00007fffe57ad803	21239	in src/gala/integrate/cyintegrators/leapfrog.cpp
0x00007fffe57ad808	21229	in src/gala/integrate/cyintegrators/leapfrog.cpp
0x00007fffe57ad80b	21239	in src/gala/integrate/cyintegrators/leapfrog.cpp
0x00007fffe57ad811	21239	in src/gala/integrate/cyintegrators/leapfrog.cpp
0x00007fffe57ad815	21229	in src/gala/integrate/cyintegrators/leapfrog.cpp
0x00007fffe57ad818	21239	in src/gala/integrate/cyintegrators/leapfrog.cpp
0x00007fffe57ad81d	21239	in src/gala/integrate/cyintegrators/leapfrog.cpp
21229	in src/gala/integrate/cyintegrators/leapfrog.cpp
0x00007fffe57ad825	21229	in src/gala/integrate/cyintegrators/leapfrog.cpp
21215	in src/gala/integrate/cyintegrators/leapfrog.cpp
0x00007fffe57ad82b	21215	in src/gala/integrate/cyintegrators/leapfrog.cpp
0x00007fffe57ad82e	21215	in src/gala/integrate/cyintegrators/leapfrog.cpp
0x00007fffe57ad830	21215	in src/gala/integrate/cyintegrators/leapfrog.cpp
21253	in src/gala/integrate/cyintegrators/leapfrog.cpp
0x00007fffe57ad843	21253	in src/gala/integrate/cyintegrators/leapfrog.cpp
0x00007fffe57ad846	21253	in src/gala/integrate/cyintegrators/leapfrog.cpp
0x00007fffe579e7c0 in c_gradient(_CPotential*, unsigned long, double, double*, double*)@plt () from /home/otherside123/venvs/gate2c1-trace/lib/python3.12/site-packages/gala/integrate/cyintegrators/leapfrog.cpython-312-x86_64-linux-gnu.so
c_gradient (p=0x28cdd20, N=1, t=0.125, qp=0x29fdcb0, grad=0x2e9eed0) at src/gala/potential/potential/src/cpotential.cpp:223
0x00007fffe57cd3f2	223	in src/gala/potential/potential/src/cpotential.cpp
0x00007fffe57cd3f4	223	in src/gala/potential/potential/src/cpotential.cpp
0x00007fffe57cd3f7	223	in src/gala/potential/potential/src/cpotential.cpp
0x00007fffe57cd3f9	223	in src/gala/potential/potential/src/cpotential.cpp
0x00007fffe57cd3fc	223	in src/gala/potential/potential/src/cpotential.cpp
0x00007fffe57cd3fe	223	in src/gala/potential/potential/src/cpotential.cpp
0x00007fffe57cd3ff	223	in src/gala/potential/potential/src/cpotential.cpp
0x00007fffe57cd400	223	in src/gala/potential/potential/src/cpotential.cpp
0x00007fffe57cd404	238	in src/gala/potential/potential/src/cpotential.cpp
0x00007fffe57cd408	223	in src/gala/potential/potential/src/cpotential.cpp
0x00007fffe57cd40b	214	in src/gala/potential/potential/src/cpotential.cpp
0x00007fffe57cd410	238	in src/gala/potential/potential/src/cpotential.cpp
0x00007fffe57cd413	214	in src/gala/potential/potential/src/cpotential.cpp
0x00007fffe57cd418	238	in src/gala/potential/potential/src/cpotential.cpp
0x00007fffe57cd41c	223	in src/gala/potential/potential/src/cpotential.cpp
0x00007fffe57cd41e	223	in src/gala/potential/potential/src/cpotential.cpp
0x00007fffe57cd424	224	in src/gala/potential/potential/src/cpotential.cpp
0x00007fffe57cd428	224	in src/gala/potential/potential/src/cpotential.cpp
0x00007fffe57cd42b	223	in src/gala/potential/potential/src/cpotential.cpp
0x00007fffe57cd42d	223	in src/gala/potential/potential/src/cpotential.cpp
224	in src/gala/potential/potential/src/cpotential.cpp
0x00007fffe57cd440	224	in src/gala/potential/potential/src/cpotential.cpp
0x00007fffe57cd442	224	in src/gala/potential/potential/src/cpotential.cpp
0x00007fffe57cd430	223	in src/gala/potential/potential/src/cpotential.cpp
0x00007fffe57cd434	223	in src/gala/potential/potential/src/cpotential.cpp
0x00007fffe57cd437	223	in src/gala/potential/potential/src/cpotential.cpp
238	in src/gala/potential/potential/src/cpotential.cpp
0x00007fffe57cd673	238	in src/gala/potential/potential/src/cpotential.cpp
0x00007fffe57cd679	239	in src/gala/potential/potential/src/cpotential.cpp
0x00007fffe57cd681	239	in src/gala/potential/potential/src/cpotential.cpp
0x00007fffe57cd684	239	in src/gala/potential/potential/src/cpotential.cpp
0x00007fffe57cd686	219	in src/gala/potential/potential/src/cpotential.cpp
0x00007fffe57cd689	239	in src/gala/potential/potential/src/cpotential.cpp
0x00007fffe579e350 in memset@plt () from /home/otherside123/venvs/gate2c1-trace/lib/python3.12/site-packages/gala/integrate/cyintegrators/leapfrog.cpython-312-x86_64-linux-gnu.so
__memset_avx2_unaligned_erms () at ../sysdeps/x86_64/multiarch/memset-vec-unaligned-erms.S:158
159	in ../sysdeps/x86_64/multiarch/memset-vec-unaligned-erms.S
0x00007ffff7d89788	159	in ../sysdeps/x86_64/multiarch/memset-vec-unaligned-erms.S
164	in ../sysdeps/x86_64/multiarch/memset-vec-unaligned-erms.S
165	in ../sysdeps/x86_64/multiarch/memset-vec-unaligned-erms.S
337	in ../sysdeps/x86_64/multiarch/memset-vec-unaligned-erms.S
346	in ../sysdeps/x86_64/multiarch/memset-vec-unaligned-erms.S
347	in ../sysdeps/x86_64/multiarch/memset-vec-unaligned-erms.S
378	in ../sysdeps/x86_64/multiarch/memset-vec-unaligned-erms.S
379	in ../sysdeps/x86_64/multiarch/memset-vec-unaligned-erms.S
380	in ../sysdeps/x86_64/multiarch/memset-vec-unaligned-erms.S
c_gradient (p=0x28cdd20, N=1, t=0.125, qp=0x29fdcb0, grad=0x2e9eed0) at src/gala/potential/potential/src/cpotential.cpp:242
0x00007fffe57cd690	220	in src/gala/potential/potential/src/cpotential.cpp
0x00007fffe57cd695	218	in src/gala/potential/potential/src/cpotential.cpp
0x00007fffe57cd69a	218	in src/gala/potential/potential/src/cpotential.cpp
0x00007fffe57cd493	224	in src/gala/potential/potential/src/cpotential.cpp
0x00007fffe57cd497 in double6ptr::double6ptr (this=<optimized out>, q=<optimized out>, N=<optimized out>) at src/gala/potential/potential/src/../../src/vectorization.h:20
0x00007fffe57cd49f in c_gradient (p=0x28cdd20, N=1, t=0.125, qp=0x29fdcb0, grad=0x2e9eed0) at src/gala/potential/potential/src/cpotential.cpp:242
0x00007fffe57cd4a1	242	in src/gala/potential/potential/src/cpotential.cpp
0x00007fffe57cd4a4 in double6ptr::double6ptr (this=<optimized out>, q=<optimized out>, N=<optimized out>) at src/gala/potential/potential/src/../../src/vectorization.h:20
0x00007fffe57cd4a9	21	in src/gala/potential/potential/src/../../src/vectorization.h
0x00007fffe57cd4ac	21	in src/gala/potential/potential/src/../../src/vectorization.h
0x00007fffe57cd4b0	21	in src/gala/potential/potential/src/../../src/vectorization.h
0x00007fffe57cd4b5	21	in src/gala/potential/potential/src/../../src/vectorization.h
c_gradient (p=0x28cdd20, N=1, t=0.125, qp=0x29fdcb0, grad=0x2e9eed0) at src/gala/potential/potential/src/cpotential.cpp:243
0x00007fffe57cd505	243	in src/gala/potential/potential/src/cpotential.cpp
0x00007fffe57cd50d	243	in src/gala/potential/potential/src/cpotential.cpp
0x00007fffe57cd50f	243	in src/gala/potential/potential/src/cpotential.cpp
244	in src/gala/potential/potential/src/cpotential.cpp
0x00007fffe57cd4c4	244	in src/gala/potential/potential/src/cpotential.cpp
0x00007fffe57cd4c8	244	in src/gala/potential/potential/src/cpotential.cpp
0x00007fffe57cd4cb	244	in src/gala/potential/potential/src/cpotential.cpp
0x00007fffe57cd4ce	244	in src/gala/potential/potential/src/cpotential.cpp
0x00007fffe57cd4d3	244	in src/gala/potential/potential/src/cpotential.cpp
0x00007fffe57cd4d8	244	in src/gala/potential/potential/src/cpotential.cpp
0x00007fffe57cd4dc	244	in src/gala/potential/potential/src/cpotential.cpp
0x00007fffe57cd4e0	244	in src/gala/potential/potential/src/cpotential.cpp
0x00007fffe57cd4e4	244	in src/gala/potential/potential/src/cpotential.cpp
0x00007fffe57cd4e7	244	in src/gala/potential/potential/src/cpotential.cpp
gradientv<henon_heiles_gradient_functor> (t=0.125, pars=0x2d98230, n_dim=2, state=0x0, q=0x29fdcb0, N=1, grad=0x2e9eed0) at src/gala/potential/src/vectorization.h:71
0x00007ffff1460a53	71	in src/gala/potential/src/vectorization.h
0x00007ffff1460a59 in double6ptr::double6ptr (this=<optimized out>, q=<optimized out>, N=<optimized out>) at src/gala/potential/src/vectorization.h:20
20	in src/gala/potential/src/vectorization.h
0x00007ffff1460a61	20	in src/gala/potential/src/vectorization.h
0x00007ffff1460a65	20	in src/gala/potential/src/vectorization.h
0x00007ffff1460a69	20	in src/gala/potential/src/vectorization.h
0x00007ffff1460b60 in gradientv<henon_heiles_gradient_functor> (t=0.125, pars=0x2d98230, n_dim=<optimized out>, state=0x0, q=0x29fdcb0, N=1, grad=0x2e9eed0) at src/gala/potential/src/vectorization.h:71
71	in src/gala/potential/src/vectorization.h
0x00007ffff1460b63	71	in src/gala/potential/src/vectorization.h
0x00007ffff1460b65	71	in src/gala/potential/src/vectorization.h
henon_heiles_gradient_single (t=<optimized out>, pars=<optimized out>, q=..., n_dim=<optimized out>, grad=..., state=<optimized out>) at src/gala/potential/potential/builtin/builtin_potentials.cpp:37
0x00007ffff1460b76	37	in src/gala/potential/potential/builtin/builtin_potentials.cpp
0x00007ffff1460b7b	37	in src/gala/potential/potential/builtin/builtin_potentials.cpp
0x00007ffff1460b81	37	in src/gala/potential/potential/builtin/builtin_potentials.cpp
0x00007ffff1460b85	37	in src/gala/potential/potential/builtin/builtin_potentials.cpp
0x00007ffff1460b89	37	in src/gala/potential/potential/builtin/builtin_potentials.cpp
0x00007ffff1460b8d	38	in src/gala/potential/potential/builtin/builtin_potentials.cpp
0x00007ffff1460b91	37	in src/gala/potential/potential/builtin/builtin_potentials.cpp
0x00007ffff1460b95	37	in src/gala/potential/potential/builtin/builtin_potentials.cpp
0x00007ffff1460b99	37	in src/gala/potential/potential/builtin/builtin_potentials.cpp
38	in src/gala/potential/potential/builtin/builtin_potentials.cpp
0x00007ffff1460ba3	38	in src/gala/potential/potential/builtin/builtin_potentials.cpp
0x00007ffff1460ba7	38	in src/gala/potential/potential/builtin/builtin_potentials.cpp
0x00007ffff1460bac	38	in src/gala/potential/potential/builtin/builtin_potentials.cpp
0x00007ffff1460bb0	38	in src/gala/potential/potential/builtin/builtin_potentials.cpp
0x00007ffff1460bb4	38	in src/gala/potential/potential/builtin/builtin_potentials.cpp
gradientv<henon_heiles_gradient_functor> (t=<optimized out>, pars=0x2d98230, n_dim=<optimized out>, state=0x0, q=0x29fdcb0, N=1, grad=0x2e9eed0) at src/gala/potential/src/vectorization.h:71
0x00007ffff1460bbd	71	in src/gala/potential/src/vectorization.h
0x00007ffff1460bc0	71	in src/gala/potential/src/vectorization.h
0x00007ffff1460bc2 in henon_heiles_gradient (t=<optimized out>, pars=<optimized out>, q=0x29fdcb0, n_dim=<optimized out>, N=1, grad=0x2e9eed0, state=<optimized out>) at src/gala/potential/potential/builtin/builtin_potentials.cpp:2282
c_gradient (p=0x28cdd20, N=1, t=0.125, qp=0x29fdcb0, grad=0x2e9eed0) at src/gala/potential/potential/src/cpotential.cpp:242
0x00007fffe57cd4ed	242	in src/gala/potential/potential/src/cpotential.cpp
0x00007fffe57cd4f1	242	in src/gala/potential/potential/src/cpotential.cpp
0x00007fffe57cd4f4	242	in src/gala/potential/potential/src/cpotential.cpp
283	in src/gala/potential/potential/src/cpotential.cpp
0x00007fffe57cd655	283	in src/gala/potential/potential/src/cpotential.cpp
0x00007fffe57cd65b	287	in src/gala/potential/potential/src/cpotential.cpp
0x00007fffe57cd65f	287	in src/gala/potential/potential/src/cpotential.cpp
0x00007fffe57cd660	287	in src/gala/potential/potential/src/cpotential.cpp
0x00007fffe57cd661	287	in src/gala/potential/potential/src/cpotential.cpp
0x00007fffe57cd663	287	in src/gala/potential/potential/src/cpotential.cpp
0x00007fffe57cd665	287	in src/gala/potential/potential/src/cpotential.cpp
0x00007fffe57cd667	287	in src/gala/potential/potential/src/cpotential.cpp
0x00007fffe57cd669	287	in src/gala/potential/potential/src/cpotential.cpp
0x00007fffe57ad84b in __pyx_f_4gala_9integrate_13cyintegrators_8leapfrog_c_leapfrog_step (__pyx_v_p=<optimized out>, __pyx_v_n=1, __pyx_v_half_ndim=<optimized out>, __pyx_v_t=<optimized out>, __pyx_v_dt=0.015625, __pyx_v_x_jm1=<optimized out>, __pyx_v_v_jm1=0x29fdcc0, __pyx_v_v_jm1_2=0x2879a40, __pyx_v_grad=0x2e9eed0) at src/gala/integrate/cyintegrators/leapfrog.cpp:21253
0x00007fffe57ad850	21253	in src/gala/integrate/cyintegrators/leapfrog.cpp
0x00007fffe57ad852	21272	in src/gala/integrate/cyintegrators/leapfrog.cpp
0x00007fffe57ad855	21272	in src/gala/integrate/cyintegrators/leapfrog.cpp
0x00007fffe57ad85d	21272	in src/gala/integrate/cyintegrators/leapfrog.cpp
21286	in src/gala/integrate/cyintegrators/leapfrog.cpp
0x00007fffe57ad862	21286	in src/gala/integrate/cyintegrators/leapfrog.cpp
0x00007fffe57ad864	21286	in src/gala/integrate/cyintegrators/leapfrog.cpp
0x00007fffe57ad86f	21286	in src/gala/integrate/cyintegrators/leapfrog.cpp
21296	in src/gala/integrate/cyintegrators/leapfrog.cpp
0x00007fffe57ad873	21286	in src/gala/integrate/cyintegrators/leapfrog.cpp
0x00007fffe57ad876	21296	in src/gala/integrate/cyintegrators/leapfrog.cpp
0x00007fffe57ad87e	21296	in src/gala/integrate/cyintegrators/leapfrog.cpp
0x00007fffe57ad883	21296	in src/gala/integrate/cyintegrators/leapfrog.cpp
0x00007fffe57ad886	21296	in src/gala/integrate/cyintegrators/leapfrog.cpp
0x00007fffe57ad88a	21296	in src/gala/integrate/cyintegrators/leapfrog.cpp
0x00007fffe57ad88e	21296	in src/gala/integrate/cyintegrators/leapfrog.cpp
0x00007fffe57ad892	21296	in src/gala/integrate/cyintegrators/leapfrog.cpp
0x00007fffe57ad896	21305	in src/gala/integrate/cyintegrators/leapfrog.cpp
0x00007fffe57ad89b	21296	in src/gala/integrate/cyintegrators/leapfrog.cpp
21305	in src/gala/integrate/cyintegrators/leapfrog.cpp
0x00007fffe57ad8a5	21305	in src/gala/integrate/cyintegrators/leapfrog.cpp
0x00007fffe57ad8a9	21286	in src/gala/integrate/cyintegrators/leapfrog.cpp
0x00007fffe57ad8ac	21305	in src/gala/integrate/cyintegrators/leapfrog.cpp
0x00007fffe57ad8b0	21305	in src/gala/integrate/cyintegrators/leapfrog.cpp
21286	in src/gala/integrate/cyintegrators/leapfrog.cpp
0x00007fffe57ad8b7	21286	in src/gala/integrate/cyintegrators/leapfrog.cpp
21272	in src/gala/integrate/cyintegrators/leapfrog.cpp
0x00007fffe57ad8bd	21272	in src/gala/integrate/cyintegrators/leapfrog.cpp
0x00007fffe57ad8c0	21272	in src/gala/integrate/cyintegrators/leapfrog.cpp
0x00007fffe57ad8c3	21272	in src/gala/integrate/cyintegrators/leapfrog.cpp
0x00007fffe57ad8c5	21272	in src/gala/integrate/cyintegrators/leapfrog.cpp
0x00007fffe57ad8c8	21272	in src/gala/integrate/cyintegrators/leapfrog.cpp
21286	in src/gala/integrate/cyintegrators/leapfrog.cpp
0x00007fffe57ad862	21286	in src/gala/integrate/cyintegrators/leapfrog.cpp
0x00007fffe57ad864	21286	in src/gala/integrate/cyintegrators/leapfrog.cpp
0x00007fffe57ad86f	21286	in src/gala/integrate/cyintegrators/leapfrog.cpp
21296	in src/gala/integrate/cyintegrators/leapfrog.cpp
0x00007fffe57ad873	21286	in src/gala/integrate/cyintegrators/leapfrog.cpp
0x00007fffe57ad876	21296	in src/gala/integrate/cyintegrators/leapfrog.cpp
0x00007fffe57ad87e	21296	in src/gala/integrate/cyintegrators/leapfrog.cpp
0x00007fffe57ad883	21296	in src/gala/integrate/cyintegrators/leapfrog.cpp
0x00007fffe57ad886	21296	in src/gala/integrate/cyintegrators/leapfrog.cpp
0x00007fffe57ad88a	21296	in src/gala/integrate/cyintegrators/leapfrog.cpp
0x00007fffe57ad88e	21296	in src/gala/integrate/cyintegrators/leapfrog.cpp
0x00007fffe57ad892	21296	in src/gala/integrate/cyintegrators/leapfrog.cpp
0x00007fffe57ad896	21305	in src/gala/integrate/cyintegrators/leapfrog.cpp
0x00007fffe57ad89b	21296	in src/gala/integrate/cyintegrators/leapfrog.cpp
21305	in src/gala/integrate/cyintegrators/leapfrog.cpp
0x00007fffe57ad8a5	21305	in src/gala/integrate/cyintegrators/leapfrog.cpp
0x00007fffe57ad8a9	21286	in src/gala/integrate/cyintegrators/leapfrog.cpp
0x00007fffe57ad8ac	21305	in src/gala/integrate/cyintegrators/leapfrog.cpp
0x00007fffe57ad8b0	21305	in src/gala/integrate/cyintegrators/leapfrog.cpp
21286	in src/gala/integrate/cyintegrators/leapfrog.cpp
0x00007fffe57ad8b7	21286	in src/gala/integrate/cyintegrators/leapfrog.cpp
21272	in src/gala/integrate/cyintegrators/leapfrog.cpp
0x00007fffe57ad8bd	21272	in src/gala/integrate/cyintegrators/leapfrog.cpp
0x00007fffe57ad8c0	21272	in src/gala/integrate/cyintegrators/leapfrog.cpp
0x00007fffe57ad8c3	21272	in src/gala/integrate/cyintegrators/leapfrog.cpp
0x00007fffe57ad8d5	21328	in src/gala/integrate/cyintegrators/leapfrog.cpp
0x00007fffe57ad8d9	21328	in src/gala/integrate/cyintegrators/leapfrog.cpp
0x00007fffe57ad8da	21328	in src/gala/integrate/cyintegrators/leapfrog.cpp
0x00007fffe57ad8db	21328	in src/gala/integrate/cyintegrators/leapfrog.cpp
0x00007fffe57ad8dd	21328	in src/gala/integrate/cyintegrators/leapfrog.cpp
0x00007fffe57ad8df	21328	in src/gala/integrate/cyintegrators/leapfrog.cpp
0x00007fffe57ad8e1	21328	in src/gala/integrate/cyintegrators/leapfrog.cpp
0x00007fffe57ad8e3	21328	in src/gala/integrate/cyintegrators/leapfrog.cpp
__Pyx_ErrOccurredWithGIL () at src/gala/integrate/cyintegrators/leapfrog.cpp:30419
30419	in src/gala/integrate/cyintegrators/leapfrog.cpp
0x00007fffe57c9621	30419	in src/gala/integrate/cyintegrators/leapfrog.cpp
0x00007fffe57c9623	30419	in src/gala/integrate/cyintegrators/leapfrog.cpp
0x00007fffe579e9d0 in PyGILState_Ensure@plt () from /home/otherside123/venvs/gate2c1-trace/lib/python3.12/site-packages/gala/integrate/cyintegrators/leapfrog.cpython-312-x86_64-linux-gnu.so
0x00000000006b2ba0 in PyGILState_Ensure ()
0x00000000006b2ba4 in PyGILState_Ensure ()
0x00000000006b2ba5 in PyGILState_Ensure ()
0x00000000006b2baa in PyGILState_Ensure ()
0x00000000006b2bad in PyGILState_Ensure ()
0x00000000006b2bae in PyGILState_Ensure ()
0x00000000006b2baf in PyGILState_Ensure ()
0x00000000006104e0 in PyThread_tss_get ()
0x00000000006104e4 in PyThread_tss_get ()
0x00000000006104e7 in PyThread_tss_get ()
0x0000000000421760 in pthread_getspecific@plt ()
___pthread_getspecific (key=0) at ./nptl/pthread_getspecific.c:24
29	in ./nptl/pthread_getspecific.c
0x00007ffff7c9e697	29	in ./nptl/pthread_getspecific.c
30	in ./nptl/pthread_getspecific.c
0x00007ffff7c9e69b	30	in ./nptl/pthread_getspecific.c
0x00007ffff7c9e69f	30	in ./nptl/pthread_getspecific.c
0x00007ffff7c9e6a3	30	in ./nptl/pthread_getspecific.c
54	in ./nptl/pthread_getspecific.c
55	in ./nptl/pthread_getspecific.c
0x00007ffff7c9e6b3	55	in ./nptl/pthread_getspecific.c
59	in ./nptl/pthread_getspecific.c
0x00007ffff7c9e6b7	59	in ./nptl/pthread_getspecific.c
0x00007ffff7c9e6be	59	in ./nptl/pthread_getspecific.c
0x00007ffff7c9e6c1	59	in ./nptl/pthread_getspecific.c
0x00007ffff7c9e6c5	59	in ./nptl/pthread_getspecific.c
0x00007ffff7c9e6c9	59	in ./nptl/pthread_getspecific.c
0x00007ffff7c9e6cb	64	in ./nptl/pthread_getspecific.c
0x00007ffff7c9e6ce	64	in ./nptl/pthread_getspecific.c
0x00000000006b2bb4 in PyGILState_Ensure ()
0x00000000006b2bb7 in PyGILState_Ensure ()
0x00000000006b2bbd in PyGILState_Ensure ()
0x00000000006b2bc6 in PyGILState_Ensure ()
0x00000000006b2bc9 in PyGILState_Ensure ()
0x00000000006b2bce in PyGILState_Ensure ()
0x00000000006b2bd1 in PyGILState_Ensure ()
0x00000000006b2bde in PyGILState_Ensure ()
0x00000000006b2be1 in PyGILState_Ensure ()
0x00000000005fc4c0 in PyEval_RestoreThread ()
0x00000000005fc4c4 in PyEval_RestoreThread ()
0x00000000005fc4c5 in PyEval_RestoreThread ()
0x00000000005fc4c8 in PyEval_RestoreThread ()
0x00000000005fc4c9 in PyEval_RestoreThread ()
0x00000000005fc4cd in PyEval_RestoreThread ()
0x00000000005fc4d0 in PyEval_RestoreThread ()
0x00000000005fc4d6 in PyEval_RestoreThread ()
0x00000000005fc4d9 in PyEval_RestoreThread ()
0x00000000005fbbe0 in ?? ()
0x00000000005fbbe1 in ?? ()
0x00000000005fbbe4 in ?? ()
0x00000000005fbbe6 in ?? ()
0x00000000005fbbe8 in ?? ()
0x00000000005fbbea in ?? ()
0x00000000005fbbed in ?? ()
0x00000000005fbbef in ?? ()
0x00000000005fbbf0 in ?? ()
0x00000000005fbbf4 in ?? ()
0x00000000004214b0 in __errno_location@plt ()
__GI___errno_location () at ./csu/errno-loc.c:25
26	in ./csu/errno-loc.c
0x00007ffff7c2a6eb	26	in ./csu/errno-loc.c
0x00007ffff7c2a6f4	27	in ./csu/errno-loc.c
0x00000000005fbbf9 in ?? ()
0x00000000005fbbfc in ?? ()
0x00000000005fbbff in ?? ()
0x00000000005fbc01 in ?? ()
0x00000000005fbc04 in ?? ()
0x0000000000608330 in ?? ()
0x0000000000608334 in ?? ()
0x0000000000608335 in ?? ()
0x0000000000608338 in ?? ()
0x0000000000608339 in ?? ()
0x000000000060833d in ?? ()
0x0000000000608344 in ?? ()
0x000000000060834b in ?? ()
0x000000000060834e in ?? ()
0x0000000000608350 in ?? ()
0x0000000000608354 in ?? ()
0x0000000000608358 in ?? ()
0x000000000060835f in ?? ()
0x0000000000608362 in ?? ()
0x0000000000608364 in ?? ()
0x0000000000608367 in ?? ()
0x000000000060836d in ?? ()
0x000000000060836f in ?? ()
0x0000000000608373 in ?? ()
0x0000000000608374 in ?? ()
0x00000000005fbc09 in ?? ()
0x00000000005fbc0b in ?? ()
0x00000000005fbc11 in ?? ()
0x00000000005fbc15 in ?? ()
0x00000000005fbc1d in ?? ()
0x00000000005fbc25 in ?? ()
0x00000000005fbc29 in ?? ()
0x00000000005fbc2d in ?? ()
0x00000000005fbc30 in ?? ()
0x0000000000421c00 in pthread_mutex_lock@plt ()
___pthread_mutex_lock (mutex=0xb49288 <_PyRuntime+77512>) at ./nptl/pthread_mutex_lock.c:77
80	in ./nptl/pthread_mutex_lock.c
0x00007ffff7ca00d7	80	in ./nptl/pthread_mutex_lock.c
0x00007ffff7ca00d9	80	in ./nptl/pthread_mutex_lock.c
82	in ./nptl/pthread_mutex_lock.c
84	in ./nptl/pthread_mutex_lock.c
0x00007ffff7ca00e3	84	in ./nptl/pthread_mutex_lock.c
88	in ./nptl/pthread_mutex_lock.c
0x00007ffff7ca00ea	88	in ./nptl/pthread_mutex_lock.c
0x00007ffff7ca00ed	88	in ./nptl/pthread_mutex_lock.c
0x00007ffff7ca00ee	88	in ./nptl/pthread_mutex_lock.c
0x00007ffff7ca00f2	88	in ./nptl/pthread_mutex_lock.c
0x00007ffff7ca00f4	88	in ./nptl/pthread_mutex_lock.c
90	in ./nptl/pthread_mutex_lock.c
0x00007ffff7ca0101	90	in ./nptl/pthread_mutex_lock.c
0x00007ffff7ca0104	90	in ./nptl/pthread_mutex_lock.c
lll_mutex_lock_optimized (mutex=0xb49288 <_PyRuntime+77512>) at ./nptl/pthread_mutex_lock.c:44
44	in ./nptl/pthread_mutex_lock.c
45	in ./nptl/pthread_mutex_lock.c
0x00007ffff7ca010f	45	in ./nptl/pthread_mutex_lock.c
0x00007ffff7ca0111	45	in ./nptl/pthread_mutex_lock.c
0x00007ffff7ca0118	45	in ./nptl/pthread_mutex_lock.c
0x00007ffff7ca0150	45	in ./nptl/pthread_mutex_lock.c
0x00007ffff7ca0153	45	in ./nptl/pthread_mutex_lock.c
0x00007ffff7ca0156	45	in ./nptl/pthread_mutex_lock.c
46	in ./nptl/pthread_mutex_lock.c
0x00007ffff7ca015e	46	in ./nptl/pthread_mutex_lock.c
___pthread_mutex_lock (mutex=<optimized out>) at ./nptl/pthread_mutex_lock.c:94
94	in ./nptl/pthread_mutex_lock.c
0x00007ffff7ca012e	94	in ./nptl/pthread_mutex_lock.c
0x00007ffff7ca0130	94	in ./nptl/pthread_mutex_lock.c
179	in ./nptl/pthread_mutex_lock.c
182	in ./nptl/pthread_mutex_lock.c
184	in ./nptl/pthread_mutex_lock.c
187	in ./nptl/pthread_mutex_lock.c
189	in ./nptl/pthread_mutex_lock.c
0x00007ffff7ca0148	190	in ./nptl/pthread_mutex_lock.c
0x00007ffff7ca014c	190	in ./nptl/pthread_mutex_lock.c
0x00007ffff7ca014d	190	in ./nptl/pthread_mutex_lock.c
0x00000000005fbc35 in ?? ()
0x00000000005fbc38 in ?? ()
0x00000000005fbc3a in ?? ()
0x00000000005fbc40 in ?? ()
0x00000000005fbc43 in ?? ()
0x00000000005fbc47 in ?? ()
0x00000000005fbc49 in ?? ()
0x00000000005fbc4f in ?? ()
0x00000000005fbc56 in ?? ()
0x00000000005fbc59 in ?? ()
0x00000000005fbc5d in ?? ()
0x0000000000421c00 in pthread_mutex_lock@plt ()
___pthread_mutex_lock (mutex=0xb492e0 <_PyRuntime+77600>) at ./nptl/pthread_mutex_lock.c:77
77	in ./nptl/pthread_mutex_lock.c
80	in ./nptl/pthread_mutex_lock.c
0x00007ffff7ca00d7	80	in ./nptl/pthread_mutex_lock.c
0x00007ffff7ca00d9	80	in ./nptl/pthread_mutex_lock.c
82	in ./nptl/pthread_mutex_lock.c
84	in ./nptl/pthread_mutex_lock.c
0x00007ffff7ca00e3	84	in ./nptl/pthread_mutex_lock.c
88	in ./nptl/pthread_mutex_lock.c
0x00007ffff7ca00ea	88	in ./nptl/pthread_mutex_lock.c
0x00007ffff7ca00ed	88	in ./nptl/pthread_mutex_lock.c
0x00007ffff7ca00ee	88	in ./nptl/pthread_mutex_lock.c
0x00007ffff7ca00f2	88	in ./nptl/pthread_mutex_lock.c
0x00007ffff7ca00f4	88	in ./nptl/pthread_mutex_lock.c
90	in ./nptl/pthread_mutex_lock.c
0x00007ffff7ca0101	90	in ./nptl/pthread_mutex_lock.c
0x00007ffff7ca0104	90	in ./nptl/pthread_mutex_lock.c
lll_mutex_lock_optimized (mutex=0xb492e0 <_PyRuntime+77600>) at ./nptl/pthread_mutex_lock.c:44
44	in ./nptl/pthread_mutex_lock.c
45	in ./nptl/pthread_mutex_lock.c
0x00007ffff7ca010f	45	in ./nptl/pthread_mutex_lock.c
0x00007ffff7ca0111	45	in ./nptl/pthread_mutex_lock.c
0x00007ffff7ca0118	45	in ./nptl/pthread_mutex_lock.c
0x00007ffff7ca0150	45	in ./nptl/pthread_mutex_lock.c
0x00007ffff7ca0153	45	in ./nptl/pthread_mutex_lock.c
0x00007ffff7ca0156	45	in ./nptl/pthread_mutex_lock.c
46	in ./nptl/pthread_mutex_lock.c
0x00007ffff7ca015e	46	in ./nptl/pthread_mutex_lock.c
___pthread_mutex_lock (mutex=<optimized out>) at ./nptl/pthread_mutex_lock.c:94
94	in ./nptl/pthread_mutex_lock.c
0x00007ffff7ca012e	94	in ./nptl/pthread_mutex_lock.c
0x00007ffff7ca0130	94	in ./nptl/pthread_mutex_lock.c
179	in ./nptl/pthread_mutex_lock.c
182	in ./nptl/pthread_mutex_lock.c
184	in ./nptl/pthread_mutex_lock.c
187	in ./nptl/pthread_mutex_lock.c
189	in ./nptl/pthread_mutex_lock.c
0x00007ffff7ca0148	190	in ./nptl/pthread_mutex_lock.c
0x00007ffff7ca014c	190	in ./nptl/pthread_mutex_lock.c
0x00007ffff7ca014d	190	in ./nptl/pthread_mutex_lock.c
0x00000000005fbc62 in ?? ()
0x00000000005fbc64 in ?? ()
0x00000000005fbc6a in ?? ()
0x00000000005fbc71 in ?? ()
0x00000000005fbc75 in ?? ()
0x00000000005fbc78 in ?? ()
0x00000000005fbc7e in ?? ()
0x00000000005fbc82 in ?? ()
0x0000000000420470 in pthread_cond_signal@plt ()
___pthread_cond_signal (cond=0xb492b0 <_PyRuntime+77552>) at ./nptl/pthread_cond_signal.c:35
36	in ./nptl/pthread_cond_signal.c
0x00007ffff7c9b0a5	36	in ./nptl/pthread_cond_signal.c
0x00007ffff7c9b0a8	36	in ./nptl/pthread_cond_signal.c
0x00007ffff7c9b0aa	36	in ./nptl/pthread_cond_signal.c
0x00007ffff7c9b0ac	36	in ./nptl/pthread_cond_signal.c
0x00007ffff7c9b0ae	36	in ./nptl/pthread_cond_signal.c
0x00007ffff7c9b0b0	36	in ./nptl/pthread_cond_signal.c
0x00007ffff7c9b0b1	36	in ./nptl/pthread_cond_signal.c
0x00007ffff7c9b0b5	36	in ./nptl/pthread_cond_signal.c
41	in ./nptl/pthread_cond_signal.c
42	in ./nptl/pthread_cond_signal.c
0x00007ffff7c9b0bb	42	in ./nptl/pthread_cond_signal.c
0x00007ffff7c9b0be	42	in ./nptl/pthread_cond_signal.c
0x00007ffff7c9b15b	96	in ./nptl/pthread_cond_signal.c
0x00007ffff7c9b15f	96	in ./nptl/pthread_cond_signal.c
0x00007ffff7c9b161	96	in ./nptl/pthread_cond_signal.c
0x00007ffff7c9b162	96	in ./nptl/pthread_cond_signal.c
0x00007ffff7c9b164	96	in ./nptl/pthread_cond_signal.c
0x00007ffff7c9b166	96	in ./nptl/pthread_cond_signal.c
0x00007ffff7c9b168	96	in ./nptl/pthread_cond_signal.c
0x00007ffff7c9b16a	96	in ./nptl/pthread_cond_signal.c
0x00007ffff7c9b16b	96	in ./nptl/pthread_cond_signal.c
0x00000000005fbc87 in ?? ()
0x00000000005fbc89 in ?? ()
0x00000000005fbc8f in ?? ()
0x00000000005fbc93 in ?? ()
0x0000000000421db0 in pthread_mutex_unlock@plt ()
___pthread_mutex_unlock (mutex=0xb492e0 <_PyRuntime+77600>) at ./nptl/pthread_mutex_unlock.c:367
__GI___pthread_mutex_unlock_usercnt (decr=1, mutex=0xb492e0 <_PyRuntime+77600>) at ./nptl/pthread_mutex_unlock.c:51
51	in ./nptl/pthread_mutex_unlock.c
0x00007ffff7ca1b57	51	in ./nptl/pthread_mutex_unlock.c
0x00007ffff7ca1b59	51	in ./nptl/pthread_mutex_unlock.c
52	in ./nptl/pthread_mutex_unlock.c
0x00007ffff7ca1b61	52	in ./nptl/pthread_mutex_unlock.c
___pthread_mutex_unlock (mutex=0xb492e0 <_PyRuntime+77600>) at ./nptl/pthread_mutex_unlock.c:57
57	in ./nptl/pthread_mutex_unlock.c
0x00007ffff7ca1b64	57	in ./nptl/pthread_mutex_unlock.c
0x00007ffff7ca1b67	57	in ./nptl/pthread_mutex_unlock.c
0x00007ffff7ca1b6b in __GI___pthread_mutex_unlock_usercnt (decr=1, mutex=0xb492e0 <_PyRuntime+77600>) at ./nptl/pthread_mutex_unlock.c:57
57	in ./nptl/pthread_mutex_unlock.c
0x00007ffff7ca1b6d	57	in ./nptl/pthread_mutex_unlock.c
62	in ./nptl/pthread_mutex_unlock.c
0x00007ffff7ca1b73	62	in ./nptl/pthread_mutex_unlock.c
lll_mutex_unlock_optimized (mutex=0xb492e0 <_PyRuntime+77600>) at ./nptl/pthread_mutex_unlock.c:39
39	in ./nptl/pthread_mutex_unlock.c
40	in ./nptl/pthread_mutex_unlock.c
0x00007ffff7ca1b83	40	in ./nptl/pthread_mutex_unlock.c
0x00007ffff7ca1b85	40	in ./nptl/pthread_mutex_unlock.c
0x00007ffff7ca1b8c	40	in ./nptl/pthread_mutex_unlock.c
41	in ./nptl/pthread_mutex_unlock.c
__GI___pthread_mutex_unlock_usercnt (decr=1, mutex=<optimized out>) at ./nptl/pthread_mutex_unlock.c:70
70	in ./nptl/pthread_mutex_unlock.c
72	in ./nptl/pthread_mutex_unlock.c
0x00007ffff7ca1b97 in ___pthread_mutex_unlock (mutex=<optimized out>) at ./nptl/pthread_mutex_unlock.c:369
369	in ./nptl/pthread_mutex_unlock.c
0x00007ffff7ca1b98	369	in ./nptl/pthread_mutex_unlock.c
0x00000000005fbc98 in ?? ()
0x00000000005fbc9a in ?? ()
0x00000000005fbca0 in ?? ()
0x00000000005fbca3 in ?? ()
0x0000000000608330 in ?? ()
0x0000000000608334 in ?? ()
0x0000000000608335 in ?? ()
0x0000000000608338 in ?? ()
0x0000000000608339 in ?? ()
0x000000000060833d in ?? ()
0x0000000000608344 in ?? ()
0x000000000060834b in ?? ()
0x000000000060834e in ?? ()
0x0000000000608350 in ?? ()
0x0000000000608354 in ?? ()
0x0000000000608358 in ?? ()
0x000000000060835f in ?? ()
0x0000000000608362 in ?? ()
0x0000000000608364 in ?? ()
0x0000000000608367 in ?? ()
0x000000000060836d in ?? ()
0x000000000060836f in ?? ()
0x0000000000608373 in ?? ()
0x0000000000608374 in ?? ()
0x00000000005fbca8 in ?? ()
0x00000000005fbcaa in ?? ()
0x00000000005fbcac in ?? ()
0x00000000005fbcb2 in ?? ()
0x00000000005fbcba in ?? ()
0x00000000005fbcbc in ?? ()
0x00000000005fbcc2 in ?? ()
0x00000000005fbcca in ?? ()
0x00000000005fbcd0 in ?? ()
0x00000000005fbcd2 in ?? ()
0x00000000005fbcd8 in ?? ()
0x00000000005fbcdb in ?? ()
0x00000000005fbce3 in ?? ()
0x00000000005fbce6 in ?? ()
0x0000000000610060 in PyThread_get_thread_ident ()
0x0000000000610064 in PyThread_get_thread_ident ()
0x0000000000610065 in PyThread_get_thread_ident ()
0x0000000000610068 in PyThread_get_thread_ident ()
0x000000000061006c in PyThread_get_thread_ident ()
0x0000000000610072 in PyThread_get_thread_ident ()
0x0000000000610074 in PyThread_get_thread_ident ()
0x000000000061007a in PyThread_get_thread_ident ()
0x0000000000420ef0 in pthread_self@plt ()
__GI___pthread_self () at ./nptl/pthread_self.c:23
24	in ./nptl/pthread_self.c
0x00007ffff7ca37bd	24	in ./nptl/pthread_self.c
0x000000000061007f in PyThread_get_thread_ident ()
0x0000000000610083 in PyThread_get_thread_ident ()
0x0000000000610087 in PyThread_get_thread_ident ()
0x0000000000610088 in PyThread_get_thread_ident ()
0x00000000005fbceb in ?? ()
0x00000000005fbcf2 in ?? ()
0x00000000005fbcf5 in ?? ()
0x00000000005fbcfb in ?? ()
0x00000000005fbd02 in ?? ()
0x00000000005fbd08 in ?? ()
0x00000000005fbd0e in ?? ()
0x00000000005fbd16 in ?? ()
0x00000000005fbd19 in ?? ()
0x00000000005fbd1b in ?? ()
0x00000000005fbd1d in ?? ()
0x00000000005fbd1f in ?? ()
0x00000000005fbd22 in ?? ()
0x00000000005fbd25 in ?? ()
0x00000000005fbd27 in ?? ()
0x00000000005fbd2f in ?? ()
0x00000000005fbd31 in ?? ()
0x00000000005fbd39 in ?? ()
0x00000000005fbd41 in ?? ()
0x00000000005fbd47 in ?? ()
0x00000000005fbd4a in ?? ()
0x0000000000421db0 in pthread_mutex_unlock@plt ()
___pthread_mutex_unlock (mutex=0xb49288 <_PyRuntime+77512>) at ./nptl/pthread_mutex_unlock.c:367
__GI___pthread_mutex_unlock_usercnt (decr=1, mutex=0xb49288 <_PyRuntime+77512>) at ./nptl/pthread_mutex_unlock.c:51
51	in ./nptl/pthread_mutex_unlock.c
0x00007ffff7ca1b57	51	in ./nptl/pthread_mutex_unlock.c
0x00007ffff7ca1b59	51	in ./nptl/pthread_mutex_unlock.c
52	in ./nptl/pthread_mutex_unlock.c
0x00007ffff7ca1b61	52	in ./nptl/pthread_mutex_unlock.c
___pthread_mutex_unlock (mutex=0xb49288 <_PyRuntime+77512>) at ./nptl/pthread_mutex_unlock.c:57
57	in ./nptl/pthread_mutex_unlock.c
0x00007ffff7ca1b64	57	in ./nptl/pthread_mutex_unlock.c
0x00007ffff7ca1b67	57	in ./nptl/pthread_mutex_unlock.c
0x00007ffff7ca1b6b in __GI___pthread_mutex_unlock_usercnt (decr=1, mutex=0xb49288 <_PyRuntime+77512>) at ./nptl/pthread_mutex_unlock.c:57
57	in ./nptl/pthread_mutex_unlock.c
0x00007ffff7ca1b6d	57	in ./nptl/pthread_mutex_unlock.c
62	in ./nptl/pthread_mutex_unlock.c
0x00007ffff7ca1b73	62	in ./nptl/pthread_mutex_unlock.c
lll_mutex_unlock_optimized (mutex=0xb49288 <_PyRuntime+77512>) at ./nptl/pthread_mutex_unlock.c:39
39	in ./nptl/pthread_mutex_unlock.c
40	in ./nptl/pthread_mutex_unlock.c
0x00007ffff7ca1b83	40	in ./nptl/pthread_mutex_unlock.c
0x00007ffff7ca1b85	40	in ./nptl/pthread_mutex_unlock.c
0x00007ffff7ca1b8c	40	in ./nptl/pthread_mutex_unlock.c
41	in ./nptl/pthread_mutex_unlock.c
__GI___pthread_mutex_unlock_usercnt (decr=1, mutex=<optimized out>) at ./nptl/pthread_mutex_unlock.c:70
70	in ./nptl/pthread_mutex_unlock.c
72	in ./nptl/pthread_mutex_unlock.c
0x00007ffff7ca1b97 in ___pthread_mutex_unlock (mutex=<optimized out>) at ./nptl/pthread_mutex_unlock.c:369
369	in ./nptl/pthread_mutex_unlock.c
0x00007ffff7ca1b98	369	in ./nptl/pthread_mutex_unlock.c
0x00000000005fbd4f in ?? ()
0x00000000005fbd51 in ?? ()
0x00000000005fbd57 in ?? ()
0x00000000005fbd5a in ?? ()
0x00000000005fbd5d in ?? ()
0x00000000005fbd61 in ?? ()
0x00000000005fbd62 in ?? ()
0x00000000005fbd64 in ?? ()
0x00000000005fbd66 in ?? ()
0x00000000005fbd68 in ?? ()
0x00000000005fbd6a in ?? ()
0x00000000005fbd6b in ?? ()
0x00000000005fc4de in PyEval_RestoreThread ()
0x00000000005fc4e1 in PyEval_RestoreThread ()
0x00000000005fc4e5 in PyEval_RestoreThread ()
0x00000000005fc4e6 in PyEval_RestoreThread ()
0x00000000006082c0 in ?? ()
0x00000000006082c4 in ?? ()
0x00000000006082cd in ?? ()
0x00000000006082da in ?? ()
0x00000000006082dd in ?? ()
0x00000000006082e3 in ?? ()
0x00000000006082e6 in ?? ()
0x00000000006082e8 in ?? ()
0x00000000006082f1 in ?? ()
0x00000000006082f5 in ?? ()
0x00000000006082f8 in ?? ()
0x00000000006082fa in ?? ()
0x00000000006082fd in ?? ()
0x0000000000608300 in ?? ()
0x00000000006b2be6 in PyGILState_Ensure ()
0x00000000006b2be9 in PyGILState_Ensure ()
0x00000000006b2beb in PyGILState_Ensure ()
0x00000000006b2bd3 in PyGILState_Ensure ()
0x00000000006b2bd7 in PyGILState_Ensure ()
0x00000000006b2bda in PyGILState_Ensure ()
0x00000000006b2bdb in PyGILState_Ensure ()
0x00000000006b2bdc in PyGILState_Ensure ()
0x00000000006b2bdd in PyGILState_Ensure ()
0x00007fffe57c9628 in __Pyx_ErrOccurredWithGIL () at src/gala/integrate/cyintegrators/leapfrog.cpp:30419
30420	in src/gala/integrate/cyintegrators/leapfrog.cpp
0x00007fffe579e890 in PyErr_Occurred@plt () from /home/otherside123/venvs/gate2c1-trace/lib/python3.12/site-packages/gala/integrate/cyintegrators/leapfrog.cpython-312-x86_64-linux-gnu.so
0x00000000005f1620 in PyErr_Occurred ()
0x00000000005f1624 in PyErr_Occurred ()
0x00000000005f162b in PyErr_Occurred ()
0x00000000005f162f in PyErr_Occurred ()
0x00000000005f1633 in PyErr_Occurred ()
0x00000000005f1636 in PyErr_Occurred ()
0x00000000005f1638 in PyErr_Occurred ()
0x00007fffe57c9630 in __Pyx_ErrOccurredWithGIL () at src/gala/integrate/cyintegrators/leapfrog.cpp:30421
30421	in src/gala/integrate/cyintegrators/leapfrog.cpp
0x00007fffe57c9633	30420	in src/gala/integrate/cyintegrators/leapfrog.cpp
30421	in src/gala/integrate/cyintegrators/leapfrog.cpp
0x00007fffe579e6e0 in PyGILState_Release@plt () from /home/otherside123/venvs/gate2c1-trace/lib/python3.12/site-packages/gala/integrate/cyintegrators/leapfrog.cpython-312-x86_64-linux-gnu.so
0x00000000006b2bf0 in PyGILState_Release ()
0x00000000006b2bf4 in PyGILState_Release ()
0x00000000006b2bf5 in PyGILState_Release ()
0x00000000006b2bf8 in PyGILState_Release ()
0x00000000006b2bf9 in PyGILState_Release ()
0x00000000006b2bfb in PyGILState_Release ()
0x00000000006b2c00 in PyGILState_Release ()
0x00000000006b2c04 in PyGILState_Release ()
0x00000000006104e0 in PyThread_tss_get ()
0x00000000006104e4 in PyThread_tss_get ()
0x00000000006104e7 in PyThread_tss_get ()
0x0000000000421760 in pthread_getspecific@plt ()
___pthread_getspecific (key=0) at ./nptl/pthread_getspecific.c:24
29	in ./nptl/pthread_getspecific.c
0x00007ffff7c9e697	29	in ./nptl/pthread_getspecific.c
30	in ./nptl/pthread_getspecific.c
0x00007ffff7c9e69b	30	in ./nptl/pthread_getspecific.c
0x00007ffff7c9e69f	30	in ./nptl/pthread_getspecific.c
0x00007ffff7c9e6a3	30	in ./nptl/pthread_getspecific.c
54	in ./nptl/pthread_getspecific.c
55	in ./nptl/pthread_getspecific.c
0x00007ffff7c9e6b3	55	in ./nptl/pthread_getspecific.c
59	in ./nptl/pthread_getspecific.c
0x00007ffff7c9e6b7	59	in ./nptl/pthread_getspecific.c
0x00007ffff7c9e6be	59	in ./nptl/pthread_getspecific.c
0x00007ffff7c9e6c1	59	in ./nptl/pthread_getspecific.c
0x00007ffff7c9e6c5	59	in ./nptl/pthread_getspecific.c
0x00007ffff7c9e6c9	59	in ./nptl/pthread_getspecific.c
0x00007ffff7c9e6cb	64	in ./nptl/pthread_getspecific.c
0x00007ffff7c9e6ce	64	in ./nptl/pthread_getspecific.c
0x00000000006b2c09 in PyGILState_Release ()
0x00000000006b2c0c in PyGILState_Release ()
0x00000000006b2c12 in PyGILState_Release ()
0x00000000006b2c1b in PyGILState_Release ()
0x00000000006b2c21 in PyGILState_Release ()
0x00000000006b2c25 in PyGILState_Release ()
0x00000000006b2c2b in PyGILState_Release ()
0x00000000006b2c2e in PyGILState_Release ()
0x00000000006b2c37 in PyGILState_Release ()
0x00000000006b2c3b in PyGILState_Release ()
0x00000000006b2c3c in PyGILState_Release ()
0x00000000006b2c3d in PyGILState_Release ()
0x00000000005fc060 in PyEval_SaveThread ()
0x00000000005fc064 in PyEval_SaveThread ()
0x00000000005fc065 in PyEval_SaveThread ()
0x00000000005fc067 in PyEval_SaveThread ()
0x00000000005fc06a in PyEval_SaveThread ()
0x00000000005fc06c in PyEval_SaveThread ()
0x00000000005fc06e in PyEval_SaveThread ()
0x00000000005fc070 in PyEval_SaveThread ()
0x00000000005fc071 in PyEval_SaveThread ()
0x00000000006082c0 in ?? ()
0x00000000006082c4 in ?? ()
0x00000000006082cd in ?? ()
0x00000000006082da in ?? ()
0x00000000006082dd in ?? ()
0x00000000006082df in ?? ()
0x00000000006082e3 in ?? ()
0x00000000006082e6 in ?? ()
0x0000000000608308 in ?? ()
0x00000000005fc076 in PyEval_SaveThread ()
0x00000000005fc079 in PyEval_SaveThread ()
0x00000000005fc07f in PyEval_SaveThread ()
0x00000000005fc083 in PyEval_SaveThread ()
0x00000000005fc086 in PyEval_SaveThread ()
0x00000000005fc08d in PyEval_SaveThread ()
0x00000000005fc092 in PyEval_SaveThread ()
0x00000000005fc094 in PyEval_SaveThread ()
0x00000000005fc09a in PyEval_SaveThread ()
0x00000000005fc09f in PyEval_SaveThread ()
0x00000000005fc0a4 in PyEval_SaveThread ()
0x00000000005fc0a7 in PyEval_SaveThread ()
0x0000000000421c00 in pthread_mutex_lock@plt ()
___pthread_mutex_lock (mutex=0xb49288 <_PyRuntime+77512>) at ./nptl/pthread_mutex_lock.c:77
80	in ./nptl/pthread_mutex_lock.c
0x00007ffff7ca00d7	80	in ./nptl/pthread_mutex_lock.c
0x00007ffff7ca00d9	80	in ./nptl/pthread_mutex_lock.c
82	in ./nptl/pthread_mutex_lock.c
84	in ./nptl/pthread_mutex_lock.c
0x00007ffff7ca00e3	84	in ./nptl/pthread_mutex_lock.c
88	in ./nptl/pthread_mutex_lock.c
0x00007ffff7ca00ea	88	in ./nptl/pthread_mutex_lock.c
0x00007ffff7ca00ed	88	in ./nptl/pthread_mutex_lock.c
0x00007ffff7ca00ee	88	in ./nptl/pthread_mutex_lock.c
0x00007ffff7ca00f2	88	in ./nptl/pthread_mutex_lock.c
0x00007ffff7ca00f4	88	in ./nptl/pthread_mutex_lock.c
90	in ./nptl/pthread_mutex_lock.c
0x00007ffff7ca0101	90	in ./nptl/pthread_mutex_lock.c
0x00007ffff7ca0104	90	in ./nptl/pthread_mutex_lock.c
lll_mutex_lock_optimized (mutex=0xb49288 <_PyRuntime+77512>) at ./nptl/pthread_mutex_lock.c:44
44	in ./nptl/pthread_mutex_lock.c
45	in ./nptl/pthread_mutex_lock.c
0x00007ffff7ca010f	45	in ./nptl/pthread_mutex_lock.c
0x00007ffff7ca0111	45	in ./nptl/pthread_mutex_lock.c
0x00007ffff7ca0118	45	in ./nptl/pthread_mutex_lock.c
0x00007ffff7ca0150	45	in ./nptl/pthread_mutex_lock.c
0x00007ffff7ca0153	45	in ./nptl/pthread_mutex_lock.c
0x00007ffff7ca0156	45	in ./nptl/pthread_mutex_lock.c
46	in ./nptl/pthread_mutex_lock.c
0x00007ffff7ca015e	46	in ./nptl/pthread_mutex_lock.c
___pthread_mutex_lock (mutex=<optimized out>) at ./nptl/pthread_mutex_lock.c:94
94	in ./nptl/pthread_mutex_lock.c
0x00007ffff7ca012e	94	in ./nptl/pthread_mutex_lock.c
0x00007ffff7ca0130	94	in ./nptl/pthread_mutex_lock.c
179	in ./nptl/pthread_mutex_lock.c
182	in ./nptl/pthread_mutex_lock.c
184	in ./nptl/pthread_mutex_lock.c
187	in ./nptl/pthread_mutex_lock.c
189	in ./nptl/pthread_mutex_lock.c
0x00007ffff7ca0148	190	in ./nptl/pthread_mutex_lock.c
0x00007ffff7ca014c	190	in ./nptl/pthread_mutex_lock.c
0x00007ffff7ca014d	190	in ./nptl/pthread_mutex_lock.c
0x00000000005fc0ac in PyEval_SaveThread ()
0x00000000005fc0ae in PyEval_SaveThread ()
0x00000000005fc0b4 in PyEval_SaveThread ()
0x00000000005fc0bd in PyEval_SaveThread ()
0x00000000005fc0c2 in PyEval_SaveThread ()
0x0000000000420470 in pthread_cond_signal@plt ()
___pthread_cond_signal (cond=0xb49258 <_PyRuntime+77464>) at ./nptl/pthread_cond_signal.c:35
36	in ./nptl/pthread_cond_signal.c
0x00007ffff7c9b0a5	36	in ./nptl/pthread_cond_signal.c
0x00007ffff7c9b0a8	36	in ./nptl/pthread_cond_signal.c
0x00007ffff7c9b0aa	36	in ./nptl/pthread_cond_signal.c
0x00007ffff7c9b0ac	36	in ./nptl/pthread_cond_signal.c
0x00007ffff7c9b0ae	36	in ./nptl/pthread_cond_signal.c
0x00007ffff7c9b0b0	36	in ./nptl/pthread_cond_signal.c
0x00007ffff7c9b0b1	36	in ./nptl/pthread_cond_signal.c
0x00007ffff7c9b0b5	36	in ./nptl/pthread_cond_signal.c
41	in ./nptl/pthread_cond_signal.c
42	in ./nptl/pthread_cond_signal.c
0x00007ffff7c9b0bb	42	in ./nptl/pthread_cond_signal.c
0x00007ffff7c9b0be	42	in ./nptl/pthread_cond_signal.c
0x00007ffff7c9b15b	96	in ./nptl/pthread_cond_signal.c
0x00007ffff7c9b15f	96	in ./nptl/pthread_cond_signal.c
0x00007ffff7c9b161	96	in ./nptl/pthread_cond_signal.c
0x00007ffff7c9b162	96	in ./nptl/pthread_cond_signal.c
0x00007ffff7c9b164	96	in ./nptl/pthread_cond_signal.c
0x00007ffff7c9b166	96	in ./nptl/pthread_cond_signal.c
0x00007ffff7c9b168	96	in ./nptl/pthread_cond_signal.c
0x00007ffff7c9b16a	96	in ./nptl/pthread_cond_signal.c
0x00007ffff7c9b16b	96	in ./nptl/pthread_cond_signal.c
0x00000000005fc0c7 in PyEval_SaveThread ()
0x00000000005fc0c9 in PyEval_SaveThread ()
0x00000000005fc0cf in PyEval_SaveThread ()
0x00000000005fc0d2 in PyEval_SaveThread ()
0x0000000000421db0 in pthread_mutex_unlock@plt ()
___pthread_mutex_unlock (mutex=0xb49288 <_PyRuntime+77512>) at ./nptl/pthread_mutex_unlock.c:367
__GI___pthread_mutex_unlock_usercnt (decr=1, mutex=0xb49288 <_PyRuntime+77512>) at ./nptl/pthread_mutex_unlock.c:51
51	in ./nptl/pthread_mutex_unlock.c
0x00007ffff7ca1b57	51	in ./nptl/pthread_mutex_unlock.c
0x00007ffff7ca1b59	51	in ./nptl/pthread_mutex_unlock.c
52	in ./nptl/pthread_mutex_unlock.c
0x00007ffff7ca1b61	52	in ./nptl/pthread_mutex_unlock.c
___pthread_mutex_unlock (mutex=0xb49288 <_PyRuntime+77512>) at ./nptl/pthread_mutex_unlock.c:57
57	in ./nptl/pthread_mutex_unlock.c
0x00007ffff7ca1b64	57	in ./nptl/pthread_mutex_unlock.c
0x00007ffff7ca1b67	57	in ./nptl/pthread_mutex_unlock.c
0x00007ffff7ca1b6b in __GI___pthread_mutex_unlock_usercnt (decr=1, mutex=0xb49288 <_PyRuntime+77512>) at ./nptl/pthread_mutex_unlock.c:57
57	in ./nptl/pthread_mutex_unlock.c
0x00007ffff7ca1b6d	57	in ./nptl/pthread_mutex_unlock.c
62	in ./nptl/pthread_mutex_unlock.c
0x00007ffff7ca1b73	62	in ./nptl/pthread_mutex_unlock.c
lll_mutex_unlock_optimized (mutex=0xb49288 <_PyRuntime+77512>) at ./nptl/pthread_mutex_unlock.c:39
39	in ./nptl/pthread_mutex_unlock.c
40	in ./nptl/pthread_mutex_unlock.c
0x00007ffff7ca1b83	40	in ./nptl/pthread_mutex_unlock.c
0x00007ffff7ca1b85	40	in ./nptl/pthread_mutex_unlock.c
0x00007ffff7ca1b8c	40	in ./nptl/pthread_mutex_unlock.c
41	in ./nptl/pthread_mutex_unlock.c
__GI___pthread_mutex_unlock_usercnt (decr=1, mutex=<optimized out>) at ./nptl/pthread_mutex_unlock.c:70
70	in ./nptl/pthread_mutex_unlock.c
72	in ./nptl/pthread_mutex_unlock.c
0x00007ffff7ca1b97 in ___pthread_mutex_unlock (mutex=<optimized out>) at ./nptl/pthread_mutex_unlock.c:369
369	in ./nptl/pthread_mutex_unlock.c
0x00007ffff7ca1b98	369	in ./nptl/pthread_mutex_unlock.c
0x00000000005fc0d7 in PyEval_SaveThread ()
0x00000000005fc0d9 in PyEval_SaveThread ()
0x00000000005fc0df in PyEval_SaveThread ()
0x00000000005fc0e6 in PyEval_SaveThread ()
0x00000000005fc0e8 in PyEval_SaveThread ()
0x00000000005fc0ea in PyEval_SaveThread ()
0x00000000005fc0ed in PyEval_SaveThread ()
0x00000000005fc0ee in PyEval_SaveThread ()
0x00000000005fc0f0 in PyEval_SaveThread ()
0x00000000005fc0f2 in PyEval_SaveThread ()
0x00000000005fc0f4 in PyEval_SaveThread ()
0x00000000005fc0f5 in PyEval_SaveThread ()
__pyx_f_4gala_9integrate_13cyintegrators_8leapfrog_leapfrog_integrate_hamiltonian (__pyx_skip_dispatch=1, __pyx_v_hamiltonian=<optimized out>, __pyx_v_w0=..., __pyx_v_t=..., __pyx_optional_args=<synthetic pointer>) at src/gala/integrate/cyintegrators/leapfrog.cpp:30422
0x00007fffe57c963e	30422	in src/gala/integrate/cyintegrators/leapfrog.cpp
21964	in src/gala/integrate/cyintegrators/leapfrog.cpp
0x00007fffe57c9648	21964	in src/gala/integrate/cyintegrators/leapfrog.cpp
0x00007fffe57c964a	21964	in src/gala/integrate/cyintegrators/leapfrog.cpp
21978	in src/gala/integrate/cyintegrators/leapfrog.cpp
0x00007fffe57cad07	21978	in src/gala/integrate/cyintegrators/leapfrog.cpp
0x00007fffe57cad09	21978	in src/gala/integrate/cyintegrators/leapfrog.cpp
0x00007fffe57cad0f	21978	in src/gala/integrate/cyintegrators/leapfrog.cpp
0x00007fffe57cad17	21978	in src/gala/integrate/cyintegrators/leapfrog.cpp
0x00007fffe57cad1f	21978	in src/gala/integrate/cyintegrators/leapfrog.cpp
0x00007fffe57cad22	21978	in src/gala/integrate/cyintegrators/leapfrog.cpp
0x00007fffe57cad24	21978	in src/gala/integrate/cyintegrators/leapfrog.cpp
0x00007fffe57cad28	21978	in src/gala/integrate/cyintegrators/leapfrog.cpp
21992	in src/gala/integrate/cyintegrators/leapfrog.cpp
0x00007fffe57cad32	21992	in src/gala/integrate/cyintegrators/leapfrog.cpp
0x00007fffe57cad34	21992	in src/gala/integrate/cyintegrators/leapfrog.cpp
0x00007fffe57cad3a	21992	in src/gala/integrate/cyintegrators/leapfrog.cpp
0x00007fffe57cad3c	21992	in src/gala/integrate/cyintegrators/leapfrog.cpp
0x00007fffe57cad3f	21992	in src/gala/integrate/cyintegrators/leapfrog.cpp
0x00007fffe57cad47	21992	in src/gala/integrate/cyintegrators/leapfrog.cpp
0x00007fffe57cad49	21992	in src/gala/integrate/cyintegrators/leapfrog.cpp
0x00007fffe57cad4d	21992	in src/gala/integrate/cyintegrators/leapfrog.cpp
0x00007fffe57cad51	21992	in src/gala/integrate/cyintegrators/leapfrog.cpp
0x00007fffe57cad54	21992	in src/gala/integrate/cyintegrators/leapfrog.cpp
0x00007fffe57cad5a	21992	in src/gala/integrate/cyintegrators/leapfrog.cpp
0x00007fffe57cad5e	21992	in src/gala/integrate/cyintegrators/leapfrog.cpp
0x00007fffe57cb3f2 in Py_DECREF (op=<optimized out>) at /opt/_internal/cpython-3.12.14/include/python3.12/object.h:705
0x00007fffe57cb3f5 in __pyx_f_4gala_9integrate_13cyintegrators_8leapfrog_leapfrog_integrate_hamiltonian (__pyx_skip_dispatch=1, __pyx_v_hamiltonian=<optimized out>, __pyx_v_w0=..., __pyx_v_t=..., __pyx_optional_args=<synthetic pointer>) at src/gala/integrate/cyintegrators/leapfrog.cpp:21357
0x00007fffe57cb3f7	21357	in src/gala/integrate/cyintegrators/leapfrog.cpp
22008	in src/gala/integrate/cyintegrators/leapfrog.cpp
0x00007fffe57cb405	22008	in src/gala/integrate/cyintegrators/leapfrog.cpp
0x00007fffe57cb408	22008	in src/gala/integrate/cyintegrators/leapfrog.cpp
21992	in src/gala/integrate/cyintegrators/leapfrog.cpp
0x00007fffe57cb411	21992	in src/gala/integrate/cyintegrators/leapfrog.cpp
0x00007fffe57cb414	21992	in src/gala/integrate/cyintegrators/leapfrog.cpp
0x00007fffe57cb416	21992	in src/gala/integrate/cyintegrators/leapfrog.cpp
21978	in src/gala/integrate/cyintegrators/leapfrog.cpp
0x00007fffe57cadb2	21978	in src/gala/integrate/cyintegrators/leapfrog.cpp
0x00007fffe57cadb6	21978	in src/gala/integrate/cyintegrators/leapfrog.cpp
0x00007fffe57cadb9	21978	in src/gala/integrate/cyintegrators/leapfrog.cpp
0x00007fffe57cadc1	21978	in src/gala/integrate/cyintegrators/leapfrog.cpp
0x00007fffe57cadc4	21978	in src/gala/integrate/cyintegrators/leapfrog.cpp
0x00007fffe57cadcc	21978	in src/gala/integrate/cyintegrators/leapfrog.cpp
0x00007fffe57cad51	21992	in src/gala/integrate/cyintegrators/leapfrog.cpp
0x00007fffe57cad54	21992	in src/gala/integrate/cyintegrators/leapfrog.cpp
0x00007fffe57cad5a	21992	in src/gala/integrate/cyintegrators/leapfrog.cpp
0x00007fffe57cad5e	21992	in src/gala/integrate/cyintegrators/leapfrog.cpp
0x00007fffe57cb3f2 in Py_DECREF (op=<optimized out>) at /opt/_internal/cpython-3.12.14/include/python3.12/object.h:705
0x00007fffe57cb3f5 in __pyx_f_4gala_9integrate_13cyintegrators_8leapfrog_leapfrog_integrate_hamiltonian (__pyx_skip_dispatch=1, __pyx_v_hamiltonian=<optimized out>, __pyx_v_w0=..., __pyx_v_t=..., __pyx_optional_args=<synthetic pointer>) at src/gala/integrate/cyintegrators/leapfrog.cpp:21357
0x00007fffe57cb3f7	21357	in src/gala/integrate/cyintegrators/leapfrog.cpp
22008	in src/gala/integrate/cyintegrators/leapfrog.cpp
0x00007fffe57cb405	22008	in src/gala/integrate/cyintegrators/leapfrog.cpp
0x00007fffe57cb408	22008	in src/gala/integrate/cyintegrators/leapfrog.cpp
21992	in src/gala/integrate/cyintegrators/leapfrog.cpp
0x00007fffe57cb411	21992	in src/gala/integrate/cyintegrators/leapfrog.cpp
0x00007fffe57cb414	21992	in src/gala/integrate/cyintegrators/leapfrog.cpp
0x00007fffe57cb416	21992	in src/gala/integrate/cyintegrators/leapfrog.cpp
21978	in src/gala/integrate/cyintegrators/leapfrog.cpp
0x00007fffe57cadb2	21978	in src/gala/integrate/cyintegrators/leapfrog.cpp
0x00007fffe57cadb6	21978	in src/gala/integrate/cyintegrators/leapfrog.cpp
0x00007fffe57cadb9	21978	in src/gala/integrate/cyintegrators/leapfrog.cpp
0x00007fffe57cadc1	21978	in src/gala/integrate/cyintegrators/leapfrog.cpp
0x00007fffe57cadc4	21978	in src/gala/integrate/cyintegrators/leapfrog.cpp
0x00007fffe57cadcc	21978	in src/gala/integrate/cyintegrators/leapfrog.cpp
0x00007fffe57cad51	21992	in src/gala/integrate/cyintegrators/leapfrog.cpp
0x00007fffe57cad54	21992	in src/gala/integrate/cyintegrators/leapfrog.cpp
0x00007fffe57cad5a	21992	in src/gala/integrate/cyintegrators/leapfrog.cpp
0x00007fffe57cad5e	21992	in src/gala/integrate/cyintegrators/leapfrog.cpp
0x00007fffe57cb3f2 in Py_DECREF (op=<optimized out>) at /opt/_internal/cpython-3.12.14/include/python3.12/object.h:705
0x00007fffe57cb3f5 in __pyx_f_4gala_9integrate_13cyintegrators_8leapfrog_leapfrog_integrate_hamiltonian (__pyx_skip_dispatch=1, __pyx_v_hamiltonian=<optimized out>, __pyx_v_w0=..., __pyx_v_t=..., __pyx_optional_args=<synthetic pointer>) at src/gala/integrate/cyintegrators/leapfrog.cpp:21357
0x00007fffe57cb3f7	21357	in src/gala/integrate/cyintegrators/leapfrog.cpp
22008	in src/gala/integrate/cyintegrators/leapfrog.cpp
0x00007fffe57cb405	22008	in src/gala/integrate/cyintegrators/leapfrog.cpp
0x00007fffe57cb408	22008	in src/gala/integrate/cyintegrators/leapfrog.cpp
21992	in src/gala/integrate/cyintegrators/leapfrog.cpp
0x00007fffe57cb411	21992	in src/gala/integrate/cyintegrators/leapfrog.cpp
0x00007fffe57cb414	21992	in src/gala/integrate/cyintegrators/leapfrog.cpp
0x00007fffe57cb416	21992	in src/gala/integrate/cyintegrators/leapfrog.cpp
21978	in src/gala/integrate/cyintegrators/leapfrog.cpp
0x00007fffe57cadb2	21978	in src/gala/integrate/cyintegrators/leapfrog.cpp
0x00007fffe57cadb6	21978	in src/gala/integrate/cyintegrators/leapfrog.cpp
0x00007fffe57cadb9	21978	in src/gala/integrate/cyintegrators/leapfrog.cpp
0x00007fffe57cadc1	21978	in src/gala/integrate/cyintegrators/leapfrog.cpp
0x00007fffe57cadc4	21978	in src/gala/integrate/cyintegrators/leapfrog.cpp
0x00007fffe57cadcc	21978	in src/gala/integrate/cyintegrators/leapfrog.cpp
0x00007fffe57cad51	21992	in src/gala/integrate/cyintegrators/leapfrog.cpp
0x00007fffe57cad54	21992	in src/gala/integrate/cyintegrators/leapfrog.cpp
0x00007fffe57cad5a	21992	in src/gala/integrate/cyintegrators/leapfrog.cpp
0x00007fffe57cad5e	21992	in src/gala/integrate/cyintegrators/leapfrog.cpp
0x00007fffe57cb3f2 in Py_DECREF (op=<optimized out>) at /opt/_internal/cpython-3.12.14/include/python3.12/object.h:705
0x00007fffe57cb3f5 in __pyx_f_4gala_9integrate_13cyintegrators_8leapfrog_leapfrog_integrate_hamiltonian (__pyx_skip_dispatch=1, __pyx_v_hamiltonian=<optimized out>, __pyx_v_w0=..., __pyx_v_t=..., __pyx_optional_args=<synthetic pointer>) at src/gala/integrate/cyintegrators/leapfrog.cpp:21357
0x00007fffe57cb3f7	21357	in src/gala/integrate/cyintegrators/leapfrog.cpp
22008	in src/gala/integrate/cyintegrators/leapfrog.cpp
0x00007fffe57cb405	22008	in src/gala/integrate/cyintegrators/leapfrog.cpp
0x00007fffe57cb408	22008	in src/gala/integrate/cyintegrators/leapfrog.cpp
21992	in src/gala/integrate/cyintegrators/leapfrog.cpp
0x00007fffe57cb411	21992	in src/gala/integrate/cyintegrators/leapfrog.cpp
0x00007fffe57cb414	21992	in src/gala/integrate/cyintegrators/leapfrog.cpp
0x00007fffe57cb416	21992	in src/gala/integrate/cyintegrators/leapfrog.cpp
21978	in src/gala/integrate/cyintegrators/leapfrog.cpp
0x00007fffe57cadb2	21978	in src/gala/integrate/cyintegrators/leapfrog.cpp
0x00007fffe57cadb6	21978	in src/gala/integrate/cyintegrators/leapfrog.cpp
0x00007fffe57cadb9	21978	in src/gala/integrate/cyintegrators/leapfrog.cpp
0x00007fffe57cadc1	21978	in src/gala/integrate/cyintegrators/leapfrog.cpp
0x00007fffe57cadc4	21978	in src/gala/integrate/cyintegrators/leapfrog.cpp
0x00007fffe57cadcc	21978	in src/gala/integrate/cyintegrators/leapfrog.cpp
0x00007fffe57cadd2	21978	in src/gala/integrate/cyintegrators/leapfrog.cpp
21882	in src/gala/integrate/cyintegrators/leapfrog.cpp
0x00007fffe57c9658	21882	in src/gala/integrate/cyintegrators/leapfrog.cpp
0x00007fffe57c965c	21882	in src/gala/integrate/cyintegrators/leapfrog.cpp
0x00007fffe57c9661	21882	in src/gala/integrate/cyintegrators/leapfrog.cpp
0x00007fffe57c9669	21882	in src/gala/integrate/cyintegrators/leapfrog.cpp
0x00007fffe57c966c	21882	in src/gala/integrate/cyintegrators/leapfrog.cpp
21898	in src/gala/integrate/cyintegrators/leapfrog.cpp
0x00007fffe57c95cb	21898	in src/gala/integrate/cyintegrators/leapfrog.cpp
0x00007fffe57c95cd	21899	in src/gala/integrate/cyintegrators/leapfrog.cpp
0x00007fffe57c95d5	21899	in src/gala/integrate/cyintegrators/leapfrog.cpp
0x00007fffe57c95da	21899	in src/gala/integrate/cyintegrators/leapfrog.cpp
0x00007fffe57c95dc	21899	in src/gala/integrate/cyintegrators/leapfrog.cpp
0x00007fffe579e350 in memset@plt () from /home/otherside123/venvs/gate2c1-trace/lib/python3.12/site-packages/gala/integrate/cyintegrators/leapfrog.cpython-312-x86_64-linux-gnu.so
__memset_avx2_unaligned_erms () at ../sysdeps/x86_64/multiarch/memset-vec-unaligned-erms.S:158
159	in ../sysdeps/x86_64/multiarch/memset-vec-unaligned-erms.S
0x00007ffff7d89788	159	in ../sysdeps/x86_64/multiarch/memset-vec-unaligned-erms.S
164	in ../sysdeps/x86_64/multiarch/memset-vec-unaligned-erms.S
165	in ../sysdeps/x86_64/multiarch/memset-vec-unaligned-erms.S
337	in ../sysdeps/x86_64/multiarch/memset-vec-unaligned-erms.S
346	in ../sysdeps/x86_64/multiarch/memset-vec-unaligned-erms.S
347	in ../sysdeps/x86_64/multiarch/memset-vec-unaligned-erms.S
378	in ../sysdeps/x86_64/multiarch/memset-vec-unaligned-erms.S
379	in ../sysdeps/x86_64/multiarch/memset-vec-unaligned-erms.S
380	in ../sysdeps/x86_64/multiarch/memset-vec-unaligned-erms.S
__pyx_f_4gala_9integrate_13cyintegrators_8leapfrog_leapfrog_integrate_hamiltonian (__pyx_skip_dispatch=1, __pyx_v_hamiltonian=<optimized out>, __pyx_v_w0=..., __pyx_v_t=..., __pyx_optional_args=<synthetic pointer>) at src/gala/integrate/cyintegrators/leapfrog.cpp:21953
0x00007fffe57c95e5	21953	in src/gala/integrate/cyintegrators/leapfrog.cpp
0x00007fffe57c95eb	21953	in src/gala/integrate/cyintegrators/leapfrog.cpp
0x00007fffe57c95ee	21953	in src/gala/integrate/cyintegrators/leapfrog.cpp
0x00007fffe57c95f1	21953	in src/gala/integrate/cyintegrators/leapfrog.cpp
0x00007fffe57c95f5	21953	in src/gala/integrate/cyintegrators/leapfrog.cpp
0x00007fffe57c95fa	21953	in src/gala/integrate/cyintegrators/leapfrog.cpp
0x00007fffe57c9603	21953	in src/gala/integrate/cyintegrators/leapfrog.cpp
0x00007fffe57c960a	21953	in src/gala/integrate/cyintegrators/leapfrog.cpp
0x00007fffe57c9612	21953	in src/gala/integrate/cyintegrators/leapfrog.cpp
0x00007fffe57c961a	21953	in src/gala/integrate/cyintegrators/leapfrog.cpp

Breakpoint -2, __pyx_f_4gala_9integrate_13cyintegrators_8leapfrog_c_leapfrog_step (__pyx_v_p=0x28cdd20, __pyx_v_n=1, __pyx_v_half_ndim=2, __pyx_v_t=0.140625, __pyx_v_dt=0.015625, __pyx_v_x_jm1=0x29fdcb0, __pyx_v_v_jm1=0x29fdcc0, __pyx_v_v_jm1_2=0x2879a40, __pyx_v_grad=0x2e9eed0) at src/gala/integrate/cyintegrators/leapfrog.cpp:21212
21212	in src/gala/integrate/cyintegrators/leapfrog.cpp
0x00007fffe57ad782	21212	in src/gala/integrate/cyintegrators/leapfrog.cpp
0x00007fffe57ad784	21212	in src/gala/integrate/cyintegrators/leapfrog.cpp
0x00007fffe57ad786	21212	in src/gala/integrate/cyintegrators/leapfrog.cpp
0x00007fffe57ad788	21212	in src/gala/integrate/cyintegrators/leapfrog.cpp
0x00007fffe57ad789	21212	in src/gala/integrate/cyintegrators/leapfrog.cpp
0x00007fffe57ad78a	21212	in src/gala/integrate/cyintegrators/leapfrog.cpp
0x00007fffe57ad78d	21212	in src/gala/integrate/cyintegrators/leapfrog.cpp
21215	in src/gala/integrate/cyintegrators/leapfrog.cpp
0x00007fffe57ad792	21190	in src/gala/integrate/cyintegrators/leapfrog.cpp
0x00007fffe57ad796	21190	in src/gala/integrate/cyintegrators/leapfrog.cpp
0x00007fffe57ad79b	21215	in src/gala/integrate/cyintegrators/leapfrog.cpp
0x00007fffe57ad79d	21215	in src/gala/integrate/cyintegrators/leapfrog.cpp
0x00007fffe57ad7a3	21215	in src/gala/integrate/cyintegrators/leapfrog.cpp
0x00007fffe57ad7a6	21215	in src/gala/integrate/cyintegrators/leapfrog.cpp
0x00007fffe57ad7ab	21215	in src/gala/integrate/cyintegrators/leapfrog.cpp
0x00007fffe57ad7ae	21215	in src/gala/integrate/cyintegrators/leapfrog.cpp
0x00007fffe57ad7b1	21215	in src/gala/integrate/cyintegrators/leapfrog.cpp
0x00007fffe57ad7b4	21215	in src/gala/integrate/cyintegrators/leapfrog.cpp
0x00007fffe57ad7b7	21215	in src/gala/integrate/cyintegrators/leapfrog.cpp
0x00007fffe57ad7bd	21215	in src/gala/integrate/cyintegrators/leapfrog.cpp
21229	in src/gala/integrate/cyintegrators/leapfrog.cpp
0x00007fffe57ad7c2	21229	in src/gala/integrate/cyintegrators/leapfrog.cpp
0x00007fffe57ad7c4	21229	in src/gala/integrate/cyintegrators/leapfrog.cpp
0x00007fffe57ad7cf	21229	in src/gala/integrate/cyintegrators/leapfrog.cpp
0x00007fffe57ad7da	21229	in src/gala/integrate/cyintegrators/leapfrog.cpp
0x00007fffe57ad7e5	21229	in src/gala/integrate/cyintegrators/leapfrog.cpp
0x00007fffe57ad7f0	21229	in src/gala/integrate/cyintegrators/leapfrog.cpp
0x00007fffe57ad7fb	21229	in src/gala/integrate/cyintegrators/leapfrog.cpp
21239	in src/gala/integrate/cyintegrators/leapfrog.cpp
0x00007fffe57ad803	21239	in src/gala/integrate/cyintegrators/leapfrog.cpp
0x00007fffe57ad808	21229	in src/gala/integrate/cyintegrators/leapfrog.cpp
0x00007fffe57ad80b	21239	in src/gala/integrate/cyintegrators/leapfrog.cpp
0x00007fffe57ad811	21239	in src/gala/integrate/cyintegrators/leapfrog.cpp
0x00007fffe57ad815	21229	in src/gala/integrate/cyintegrators/leapfrog.cpp
0x00007fffe57ad818	21239	in src/gala/integrate/cyintegrators/leapfrog.cpp
0x00007fffe57ad81d	21239	in src/gala/integrate/cyintegrators/leapfrog.cpp
21229	in src/gala/integrate/cyintegrators/leapfrog.cpp
0x00007fffe57ad825	21229	in src/gala/integrate/cyintegrators/leapfrog.cpp
21215	in src/gala/integrate/cyintegrators/leapfrog.cpp
0x00007fffe57ad82b	21215	in src/gala/integrate/cyintegrators/leapfrog.cpp
0x00007fffe57ad82e	21215	in src/gala/integrate/cyintegrators/leapfrog.cpp
0x00007fffe57ad830	21215	in src/gala/integrate/cyintegrators/leapfrog.cpp
0x00007fffe57ad832	21215	in src/gala/integrate/cyintegrators/leapfrog.cpp
0x00007fffe57ad835	21215	in src/gala/integrate/cyintegrators/leapfrog.cpp
21229	in src/gala/integrate/cyintegrators/leapfrog.cpp
0x00007fffe57ad7c2	21229	in src/gala/integrate/cyintegrators/leapfrog.cpp
0x00007fffe57ad7c4	21229	in src/gala/integrate/cyintegrators/leapfrog.cpp
0x00007fffe57ad7cf	21229	in src/gala/integrate/cyintegrators/leapfrog.cpp
0x00007fffe57ad7da	21229	in src/gala/integrate/cyintegrators/leapfrog.cpp
0x00007fffe57ad7e5	21229	in src/gala/integrate/cyintegrators/leapfrog.cpp
0x00007fffe57ad7f0	21229	in src/gala/integrate/cyintegrators/leapfrog.cpp
0x00007fffe57ad7fb	21229	in src/gala/integrate/cyintegrators/leapfrog.cpp
21239	in src/gala/integrate/cyintegrators/leapfrog.cpp
0x00007fffe57ad803	21239	in src/gala/integrate/cyintegrators/leapfrog.cpp
0x00007fffe57ad808	21229	in src/gala/integrate/cyintegrators/leapfrog.cpp
0x00007fffe57ad80b	21239	in src/gala/integrate/cyintegrators/leapfrog.cpp
0x00007fffe57ad811	21239	in src/gala/integrate/cyintegrators/leapfrog.cpp
0x00007fffe57ad815	21229	in src/gala/integrate/cyintegrators/leapfrog.cpp
0x00007fffe57ad818	21239	in src/gala/integrate/cyintegrators/leapfrog.cpp
0x00007fffe57ad81d	21239	in src/gala/integrate/cyintegrators/leapfrog.cpp
21229	in src/gala/integrate/cyintegrators/leapfrog.cpp
0x00007fffe57ad825	21229	in src/gala/integrate/cyintegrators/leapfrog.cpp
21215	in src/gala/integrate/cyintegrators/leapfrog.cpp
0x00007fffe57ad82b	21215	in src/gala/integrate/cyintegrators/leapfrog.cpp
0x00007fffe57ad82e	21215	in src/gala/integrate/cyintegrators/leapfrog.cpp
0x00007fffe57ad830	21215	in src/gala/integrate/cyintegrators/leapfrog.cpp
21253	in src/gala/integrate/cyintegrators/leapfrog.cpp
0x00007fffe57ad843	21253	in src/gala/integrate/cyintegrators/leapfrog.cpp
0x00007fffe57ad846	21253	in src/gala/integrate/cyintegrators/leapfrog.cpp
0x00007fffe579e7c0 in c_gradient(_CPotential*, unsigned long, double, double*, double*)@plt () from /home/otherside123/venvs/gate2c1-trace/lib/python3.12/site-packages/gala/integrate/cyintegrators/leapfrog.cpython-312-x86_64-linux-gnu.so
c_gradient (p=0x28cdd20, N=1, t=0.140625, qp=0x29fdcb0, grad=0x2e9eed0) at src/gala/potential/potential/src/cpotential.cpp:223
0x00007fffe57cd3f2	223	in src/gala/potential/potential/src/cpotential.cpp
0x00007fffe57cd3f4	223	in src/gala/potential/potential/src/cpotential.cpp
0x00007fffe57cd3f7	223	in src/gala/potential/potential/src/cpotential.cpp
0x00007fffe57cd3f9	223	in src/gala/potential/potential/src/cpotential.cpp
0x00007fffe57cd3fc	223	in src/gala/potential/potential/src/cpotential.cpp
0x00007fffe57cd3fe	223	in src/gala/potential/potential/src/cpotential.cpp
0x00007fffe57cd3ff	223	in src/gala/potential/potential/src/cpotential.cpp
0x00007fffe57cd400	223	in src/gala/potential/potential/src/cpotential.cpp
0x00007fffe57cd404	238	in src/gala/potential/potential/src/cpotential.cpp
0x00007fffe57cd408	223	in src/gala/potential/potential/src/cpotential.cpp
0x00007fffe57cd40b	214	in src/gala/potential/potential/src/cpotential.cpp
0x00007fffe57cd410	238	in src/gala/potential/potential/src/cpotential.cpp
0x00007fffe57cd413	214	in src/gala/potential/potential/src/cpotential.cpp
0x00007fffe57cd418	238	in src/gala/potential/potential/src/cpotential.cpp
0x00007fffe57cd41c	223	in src/gala/potential/potential/src/cpotential.cpp
0x00007fffe57cd41e	223	in src/gala/potential/potential/src/cpotential.cpp
0x00007fffe57cd424	224	in src/gala/potential/potential/src/cpotential.cpp
0x00007fffe57cd428	224	in src/gala/potential/potential/src/cpotential.cpp
0x00007fffe57cd42b	223	in src/gala/potential/potential/src/cpotential.cpp
0x00007fffe57cd42d	223	in src/gala/potential/potential/src/cpotential.cpp
224	in src/gala/potential/potential/src/cpotential.cpp
0x00007fffe57cd440	224	in src/gala/potential/potential/src/cpotential.cpp
0x00007fffe57cd442	224	in src/gala/potential/potential/src/cpotential.cpp
0x00007fffe57cd430	223	in src/gala/potential/potential/src/cpotential.cpp
0x00007fffe57cd434	223	in src/gala/potential/potential/src/cpotential.cpp
0x00007fffe57cd437	223	in src/gala/potential/potential/src/cpotential.cpp
238	in src/gala/potential/potential/src/cpotential.cpp
0x00007fffe57cd673	238	in src/gala/potential/potential/src/cpotential.cpp
0x00007fffe57cd679	239	in src/gala/potential/potential/src/cpotential.cpp
0x00007fffe57cd681	239	in src/gala/potential/potential/src/cpotential.cpp
0x00007fffe57cd684	239	in src/gala/potential/potential/src/cpotential.cpp
0x00007fffe57cd686	219	in src/gala/potential/potential/src/cpotential.cpp
0x00007fffe57cd689	239	in src/gala/potential/potential/src/cpotential.cpp
0x00007fffe579e350 in memset@plt () from /home/otherside123/venvs/gate2c1-trace/lib/python3.12/site-packages/gala/integrate/cyintegrators/leapfrog.cpython-312-x86_64-linux-gnu.so
__memset_avx2_unaligned_erms () at ../sysdeps/x86_64/multiarch/memset-vec-unaligned-erms.S:158
159	in ../sysdeps/x86_64/multiarch/memset-vec-unaligned-erms.S
0x00007ffff7d89788	159	in ../sysdeps/x86_64/multiarch/memset-vec-unaligned-erms.S
164	in ../sysdeps/x86_64/multiarch/memset-vec-unaligned-erms.S
165	in ../sysdeps/x86_64/multiarch/memset-vec-unaligned-erms.S
337	in ../sysdeps/x86_64/multiarch/memset-vec-unaligned-erms.S
346	in ../sysdeps/x86_64/multiarch/memset-vec-unaligned-erms.S
347	in ../sysdeps/x86_64/multiarch/memset-vec-unaligned-erms.S
378	in ../sysdeps/x86_64/multiarch/memset-vec-unaligned-erms.S
379	in ../sysdeps/x86_64/multiarch/memset-vec-unaligned-erms.S
380	in ../sysdeps/x86_64/multiarch/memset-vec-unaligned-erms.S
c_gradient (p=0x28cdd20, N=1, t=0.140625, qp=0x29fdcb0, grad=0x2e9eed0) at src/gala/potential/potential/src/cpotential.cpp:242
0x00007fffe57cd690	220	in src/gala/potential/potential/src/cpotential.cpp
0x00007fffe57cd695	218	in src/gala/potential/potential/src/cpotential.cpp
0x00007fffe57cd69a	218	in src/gala/potential/potential/src/cpotential.cpp
0x00007fffe57cd493	224	in src/gala/potential/potential/src/cpotential.cpp
0x00007fffe57cd497 in double6ptr::double6ptr (this=<optimized out>, q=<optimized out>, N=<optimized out>) at src/gala/potential/potential/src/../../src/vectorization.h:20
0x00007fffe57cd49f in c_gradient (p=0x28cdd20, N=1, t=0.140625, qp=0x29fdcb0, grad=0x2e9eed0) at src/gala/potential/potential/src/cpotential.cpp:242
0x00007fffe57cd4a1	242	in src/gala/potential/potential/src/cpotential.cpp
0x00007fffe57cd4a4 in double6ptr::double6ptr (this=<optimized out>, q=<optimized out>, N=<optimized out>) at src/gala/potential/potential/src/../../src/vectorization.h:20
0x00007fffe57cd4a9	21	in src/gala/potential/potential/src/../../src/vectorization.h
0x00007fffe57cd4ac	21	in src/gala/potential/potential/src/../../src/vectorization.h
0x00007fffe57cd4b0	21	in src/gala/potential/potential/src/../../src/vectorization.h
0x00007fffe57cd4b5	21	in src/gala/potential/potential/src/../../src/vectorization.h
c_gradient (p=0x28cdd20, N=1, t=0.140625, qp=0x29fdcb0, grad=0x2e9eed0) at src/gala/potential/potential/src/cpotential.cpp:243
0x00007fffe57cd505	243	in src/gala/potential/potential/src/cpotential.cpp
0x00007fffe57cd50d	243	in src/gala/potential/potential/src/cpotential.cpp
0x00007fffe57cd50f	243	in src/gala/potential/potential/src/cpotential.cpp
244	in src/gala/potential/potential/src/cpotential.cpp
0x00007fffe57cd4c4	244	in src/gala/potential/potential/src/cpotential.cpp
0x00007fffe57cd4c8	244	in src/gala/potential/potential/src/cpotential.cpp
0x00007fffe57cd4cb	244	in src/gala/potential/potential/src/cpotential.cpp
0x00007fffe57cd4ce	244	in src/gala/potential/potential/src/cpotential.cpp
0x00007fffe57cd4d3	244	in src/gala/potential/potential/src/cpotential.cpp
0x00007fffe57cd4d8	244	in src/gala/potential/potential/src/cpotential.cpp
0x00007fffe57cd4dc	244	in src/gala/potential/potential/src/cpotential.cpp
0x00007fffe57cd4e0	244	in src/gala/potential/potential/src/cpotential.cpp
0x00007fffe57cd4e4	244	in src/gala/potential/potential/src/cpotential.cpp
0x00007fffe57cd4e7	244	in src/gala/potential/potential/src/cpotential.cpp
gradientv<henon_heiles_gradient_functor> (t=0.140625, pars=0x2d98230, n_dim=2, state=0x0, q=0x29fdcb0, N=1, grad=0x2e9eed0) at src/gala/potential/src/vectorization.h:71
0x00007ffff1460a53	71	in src/gala/potential/src/vectorization.h
0x00007ffff1460a59 in double6ptr::double6ptr (this=<optimized out>, q=<optimized out>, N=<optimized out>) at src/gala/potential/src/vectorization.h:20
20	in src/gala/potential/src/vectorization.h
0x00007ffff1460a61	20	in src/gala/potential/src/vectorization.h
0x00007ffff1460a65	20	in src/gala/potential/src/vectorization.h
0x00007ffff1460a69	20	in src/gala/potential/src/vectorization.h
0x00007ffff1460b60 in gradientv<henon_heiles_gradient_functor> (t=0.140625, pars=0x2d98230, n_dim=<optimized out>, state=0x0, q=0x29fdcb0, N=1, grad=0x2e9eed0) at src/gala/potential/src/vectorization.h:71
71	in src/gala/potential/src/vectorization.h
0x00007ffff1460b63	71	in src/gala/potential/src/vectorization.h
0x00007ffff1460b65	71	in src/gala/potential/src/vectorization.h
henon_heiles_gradient_single (t=<optimized out>, pars=<optimized out>, q=..., n_dim=<optimized out>, grad=..., state=<optimized out>) at src/gala/potential/potential/builtin/builtin_potentials.cpp:37
0x00007ffff1460b76	37	in src/gala/potential/potential/builtin/builtin_potentials.cpp
0x00007ffff1460b7b	37	in src/gala/potential/potential/builtin/builtin_potentials.cpp
0x00007ffff1460b81	37	in src/gala/potential/potential/builtin/builtin_potentials.cpp
0x00007ffff1460b85	37	in src/gala/potential/potential/builtin/builtin_potentials.cpp
0x00007ffff1460b89	37	in src/gala/potential/potential/builtin/builtin_potentials.cpp
0x00007ffff1460b8d	38	in src/gala/potential/potential/builtin/builtin_potentials.cpp
0x00007ffff1460b91	37	in src/gala/potential/potential/builtin/builtin_potentials.cpp
0x00007ffff1460b95	37	in src/gala/potential/potential/builtin/builtin_potentials.cpp
0x00007ffff1460b99	37	in src/gala/potential/potential/builtin/builtin_potentials.cpp
38	in src/gala/potential/potential/builtin/builtin_potentials.cpp
0x00007ffff1460ba3	38	in src/gala/potential/potential/builtin/builtin_potentials.cpp
0x00007ffff1460ba7	38	in src/gala/potential/potential/builtin/builtin_potentials.cpp
0x00007ffff1460bac	38	in src/gala/potential/potential/builtin/builtin_potentials.cpp
0x00007ffff1460bb0	38	in src/gala/potential/potential/builtin/builtin_potentials.cpp
0x00007ffff1460bb4	38	in src/gala/potential/potential/builtin/builtin_potentials.cpp
gradientv<henon_heiles_gradient_functor> (t=<optimized out>, pars=0x2d98230, n_dim=<optimized out>, state=0x0, q=0x29fdcb0, N=1, grad=0x2e9eed0) at src/gala/potential/src/vectorization.h:71
0x00007ffff1460bbd	71	in src/gala/potential/src/vectorization.h
0x00007ffff1460bc0	71	in src/gala/potential/src/vectorization.h
0x00007ffff1460bc2 in henon_heiles_gradient (t=<optimized out>, pars=<optimized out>, q=0x29fdcb0, n_dim=<optimized out>, N=1, grad=0x2e9eed0, state=<optimized out>) at src/gala/potential/potential/builtin/builtin_potentials.cpp:2282
c_gradient (p=0x28cdd20, N=1, t=0.140625, qp=0x29fdcb0, grad=0x2e9eed0) at src/gala/potential/potential/src/cpotential.cpp:242
0x00007fffe57cd4ed	242	in src/gala/potential/potential/src/cpotential.cpp
0x00007fffe57cd4f1	242	in src/gala/potential/potential/src/cpotential.cpp
0x00007fffe57cd4f4	242	in src/gala/potential/potential/src/cpotential.cpp
283	in src/gala/potential/potential/src/cpotential.cpp
0x00007fffe57cd655	283	in src/gala/potential/potential/src/cpotential.cpp
0x00007fffe57cd65b	287	in src/gala/potential/potential/src/cpotential.cpp
0x00007fffe57cd65f	287	in src/gala/potential/potential/src/cpotential.cpp
0x00007fffe57cd660	287	in src/gala/potential/potential/src/cpotential.cpp
0x00007fffe57cd661	287	in src/gala/potential/potential/src/cpotential.cpp
0x00007fffe57cd663	287	in src/gala/potential/potential/src/cpotential.cpp
0x00007fffe57cd665	287	in src/gala/potential/potential/src/cpotential.cpp
0x00007fffe57cd667	287	in src/gala/potential/potential/src/cpotential.cpp
0x00007fffe57cd669	287	in src/gala/potential/potential/src/cpotential.cpp
0x00007fffe57ad84b in __pyx_f_4gala_9integrate_13cyintegrators_8leapfrog_c_leapfrog_step (__pyx_v_p=<optimized out>, __pyx_v_n=1, __pyx_v_half_ndim=<optimized out>, __pyx_v_t=<optimized out>, __pyx_v_dt=0.015625, __pyx_v_x_jm1=<optimized out>, __pyx_v_v_jm1=0x29fdcc0, __pyx_v_v_jm1_2=0x2879a40, __pyx_v_grad=0x2e9eed0) at src/gala/integrate/cyintegrators/leapfrog.cpp:21253
0x00007fffe57ad850	21253	in src/gala/integrate/cyintegrators/leapfrog.cpp
0x00007fffe57ad852	21272	in src/gala/integrate/cyintegrators/leapfrog.cpp
0x00007fffe57ad855	21272	in src/gala/integrate/cyintegrators/leapfrog.cpp
0x00007fffe57ad85d	21272	in src/gala/integrate/cyintegrators/leapfrog.cpp
21286	in src/gala/integrate/cyintegrators/leapfrog.cpp
0x00007fffe57ad862	21286	in src/gala/integrate/cyintegrators/leapfrog.cpp
0x00007fffe57ad864	21286	in src/gala/integrate/cyintegrators/leapfrog.cpp
0x00007fffe57ad86f	21286	in src/gala/integrate/cyintegrators/leapfrog.cpp
21296	in src/gala/integrate/cyintegrators/leapfrog.cpp
0x00007fffe57ad873	21286	in src/gala/integrate/cyintegrators/leapfrog.cpp
0x00007fffe57ad876	21296	in src/gala/integrate/cyintegrators/leapfrog.cpp
0x00007fffe57ad87e	21296	in src/gala/integrate/cyintegrators/leapfrog.cpp
0x00007fffe57ad883	21296	in src/gala/integrate/cyintegrators/leapfrog.cpp
0x00007fffe57ad886	21296	in src/gala/integrate/cyintegrators/leapfrog.cpp
0x00007fffe57ad88a	21296	in src/gala/integrate/cyintegrators/leapfrog.cpp
0x00007fffe57ad88e	21296	in src/gala/integrate/cyintegrators/leapfrog.cpp
0x00007fffe57ad892	21296	in src/gala/integrate/cyintegrators/leapfrog.cpp
0x00007fffe57ad896	21305	in src/gala/integrate/cyintegrators/leapfrog.cpp
0x00007fffe57ad89b	21296	in src/gala/integrate/cyintegrators/leapfrog.cpp
21305	in src/gala/integrate/cyintegrators/leapfrog.cpp
0x00007fffe57ad8a5	21305	in src/gala/integrate/cyintegrators/leapfrog.cpp
0x00007fffe57ad8a9	21286	in src/gala/integrate/cyintegrators/leapfrog.cpp
0x00007fffe57ad8ac	21305	in src/gala/integrate/cyintegrators/leapfrog.cpp
0x00007fffe57ad8b0	21305	in src/gala/integrate/cyintegrators/leapfrog.cpp
21286	in src/gala/integrate/cyintegrators/leapfrog.cpp
0x00007fffe57ad8b7	21286	in src/gala/integrate/cyintegrators/leapfrog.cpp
21272	in src/gala/integrate/cyintegrators/leapfrog.cpp
0x00007fffe57ad8bd	21272	in src/gala/integrate/cyintegrators/leapfrog.cpp
0x00007fffe57ad8c0	21272	in src/gala/integrate/cyintegrators/leapfrog.cpp
0x00007fffe57ad8c3	21272	in src/gala/integrate/cyintegrators/leapfrog.cpp
0x00007fffe57ad8c5	21272	in src/gala/integrate/cyintegrators/leapfrog.cpp
0x00007fffe57ad8c8	21272	in src/gala/integrate/cyintegrators/leapfrog.cpp
21286	in src/gala/integrate/cyintegrators/leapfrog.cpp
0x00007fffe57ad862	21286	in src/gala/integrate/cyintegrators/leapfrog.cpp
0x00007fffe57ad864	21286	in src/gala/integrate/cyintegrators/leapfrog.cpp
0x00007fffe57ad86f	21286	in src/gala/integrate/cyintegrators/leapfrog.cpp
21296	in src/gala/integrate/cyintegrators/leapfrog.cpp
0x00007fffe57ad873	21286	in src/gala/integrate/cyintegrators/leapfrog.cpp
0x00007fffe57ad876	21296	in src/gala/integrate/cyintegrators/leapfrog.cpp
0x00007fffe57ad87e	21296	in src/gala/integrate/cyintegrators/leapfrog.cpp
0x00007fffe57ad883	21296	in src/gala/integrate/cyintegrators/leapfrog.cpp
0x00007fffe57ad886	21296	in src/gala/integrate/cyintegrators/leapfrog.cpp
0x00007fffe57ad88a	21296	in src/gala/integrate/cyintegrators/leapfrog.cpp
0x00007fffe57ad88e	21296	in src/gala/integrate/cyintegrators/leapfrog.cpp
0x00007fffe57ad892	21296	in src/gala/integrate/cyintegrators/leapfrog.cpp
0x00007fffe57ad896	21305	in src/gala/integrate/cyintegrators/leapfrog.cpp
0x00007fffe57ad89b	21296	in src/gala/integrate/cyintegrators/leapfrog.cpp
21305	in src/gala/integrate/cyintegrators/leapfrog.cpp
0x00007fffe57ad8a5	21305	in src/gala/integrate/cyintegrators/leapfrog.cpp
0x00007fffe57ad8a9	21286	in src/gala/integrate/cyintegrators/leapfrog.cpp
0x00007fffe57ad8ac	21305	in src/gala/integrate/cyintegrators/leapfrog.cpp
0x00007fffe57ad8b0	21305	in src/gala/integrate/cyintegrators/leapfrog.cpp
21286	in src/gala/integrate/cyintegrators/leapfrog.cpp
0x00007fffe57ad8b7	21286	in src/gala/integrate/cyintegrators/leapfrog.cpp
21272	in src/gala/integrate/cyintegrators/leapfrog.cpp
0x00007fffe57ad8bd	21272	in src/gala/integrate/cyintegrators/leapfrog.cpp
0x00007fffe57ad8c0	21272	in src/gala/integrate/cyintegrators/leapfrog.cpp
0x00007fffe57ad8c3	21272	in src/gala/integrate/cyintegrators/leapfrog.cpp
0x00007fffe57ad8d5	21328	in src/gala/integrate/cyintegrators/leapfrog.cpp
0x00007fffe57ad8d9	21328	in src/gala/integrate/cyintegrators/leapfrog.cpp
0x00007fffe57ad8da	21328	in src/gala/integrate/cyintegrators/leapfrog.cpp
0x00007fffe57ad8db	21328	in src/gala/integrate/cyintegrators/leapfrog.cpp
0x00007fffe57ad8dd	21328	in src/gala/integrate/cyintegrators/leapfrog.cpp
0x00007fffe57ad8df	21328	in src/gala/integrate/cyintegrators/leapfrog.cpp
0x00007fffe57ad8e1	21328	in src/gala/integrate/cyintegrators/leapfrog.cpp
0x00007fffe57ad8e3	21328	in src/gala/integrate/cyintegrators/leapfrog.cpp
__Pyx_ErrOccurredWithGIL () at src/gala/integrate/cyintegrators/leapfrog.cpp:30419
30419	in src/gala/integrate/cyintegrators/leapfrog.cpp
0x00007fffe57c9621	30419	in src/gala/integrate/cyintegrators/leapfrog.cpp
0x00007fffe57c9623	30419	in src/gala/integrate/cyintegrators/leapfrog.cpp
0x00007fffe579e9d0 in PyGILState_Ensure@plt () from /home/otherside123/venvs/gate2c1-trace/lib/python3.12/site-packages/gala/integrate/cyintegrators/leapfrog.cpython-312-x86_64-linux-gnu.so
0x00000000006b2ba0 in PyGILState_Ensure ()
0x00000000006b2ba4 in PyGILState_Ensure ()
0x00000000006b2ba5 in PyGILState_Ensure ()
0x00000000006b2baa in PyGILState_Ensure ()
0x00000000006b2bad in PyGILState_Ensure ()
0x00000000006b2bae in PyGILState_Ensure ()
0x00000000006b2baf in PyGILState_Ensure ()
0x00000000006104e0 in PyThread_tss_get ()
0x00000000006104e4 in PyThread_tss_get ()
0x00000000006104e7 in PyThread_tss_get ()
0x0000000000421760 in pthread_getspecific@plt ()
___pthread_getspecific (key=0) at ./nptl/pthread_getspecific.c:24
29	in ./nptl/pthread_getspecific.c
0x00007ffff7c9e697	29	in ./nptl/pthread_getspecific.c
30	in ./nptl/pthread_getspecific.c
0x00007ffff7c9e69b	30	in ./nptl/pthread_getspecific.c
0x00007ffff7c9e69f	30	in ./nptl/pthread_getspecific.c
0x00007ffff7c9e6a3	30	in ./nptl/pthread_getspecific.c
54	in ./nptl/pthread_getspecific.c
55	in ./nptl/pthread_getspecific.c
0x00007ffff7c9e6b3	55	in ./nptl/pthread_getspecific.c
59	in ./nptl/pthread_getspecific.c
0x00007ffff7c9e6b7	59	in ./nptl/pthread_getspecific.c
0x00007ffff7c9e6be	59	in ./nptl/pthread_getspecific.c
0x00007ffff7c9e6c1	59	in ./nptl/pthread_getspecific.c
0x00007ffff7c9e6c5	59	in ./nptl/pthread_getspecific.c
0x00007ffff7c9e6c9	59	in ./nptl/pthread_getspecific.c
0x00007ffff7c9e6cb	64	in ./nptl/pthread_getspecific.c
0x00007ffff7c9e6ce	64	in ./nptl/pthread_getspecific.c
0x00000000006b2bb4 in PyGILState_Ensure ()
0x00000000006b2bb7 in PyGILState_Ensure ()
0x00000000006b2bbd in PyGILState_Ensure ()
0x00000000006b2bc6 in PyGILState_Ensure ()
0x00000000006b2bc9 in PyGILState_Ensure ()
0x00000000006b2bce in PyGILState_Ensure ()
0x00000000006b2bd1 in PyGILState_Ensure ()
0x00000000006b2bde in PyGILState_Ensure ()
0x00000000006b2be1 in PyGILState_Ensure ()
0x00000000005fc4c0 in PyEval_RestoreThread ()
0x00000000005fc4c4 in PyEval_RestoreThread ()
0x00000000005fc4c5 in PyEval_RestoreThread ()
0x00000000005fc4c8 in PyEval_RestoreThread ()
0x00000000005fc4c9 in PyEval_RestoreThread ()
0x00000000005fc4cd in PyEval_RestoreThread ()
0x00000000005fc4d0 in PyEval_RestoreThread ()
0x00000000005fc4d6 in PyEval_RestoreThread ()
0x00000000005fc4d9 in PyEval_RestoreThread ()
0x00000000005fbbe0 in ?? ()
0x00000000005fbbe1 in ?? ()
0x00000000005fbbe4 in ?? ()
0x00000000005fbbe6 in ?? ()
0x00000000005fbbe8 in ?? ()
0x00000000005fbbea in ?? ()
0x00000000005fbbed in ?? ()
0x00000000005fbbef in ?? ()
0x00000000005fbbf0 in ?? ()
0x00000000005fbbf4 in ?? ()
0x00000000004214b0 in __errno_location@plt ()
__GI___errno_location () at ./csu/errno-loc.c:25
26	in ./csu/errno-loc.c
0x00007ffff7c2a6eb	26	in ./csu/errno-loc.c
0x00007ffff7c2a6f4	27	in ./csu/errno-loc.c
0x00000000005fbbf9 in ?? ()
0x00000000005fbbfc in ?? ()
0x00000000005fbbff in ?? ()
0x00000000005fbc01 in ?? ()
0x00000000005fbc04 in ?? ()
0x0000000000608330 in ?? ()
0x0000000000608334 in ?? ()
0x0000000000608335 in ?? ()
0x0000000000608338 in ?? ()
0x0000000000608339 in ?? ()
0x000000000060833d in ?? ()
0x0000000000608344 in ?? ()
0x000000000060834b in ?? ()
0x000000000060834e in ?? ()
0x0000000000608350 in ?? ()
0x0000000000608354 in ?? ()
0x0000000000608358 in ?? ()
0x000000000060835f in ?? ()
0x0000000000608362 in ?? ()
0x0000000000608364 in ?? ()
0x0000000000608367 in ?? ()
0x000000000060836d in ?? ()
0x000000000060836f in ?? ()
0x0000000000608373 in ?? ()
0x0000000000608374 in ?? ()
0x00000000005fbc09 in ?? ()
0x00000000005fbc0b in ?? ()
0x00000000005fbc11 in ?? ()
0x00000000005fbc15 in ?? ()
0x00000000005fbc1d in ?? ()
0x00000000005fbc25 in ?? ()
0x00000000005fbc29 in ?? ()
0x00000000005fbc2d in ?? ()
0x00000000005fbc30 in ?? ()
0x0000000000421c00 in pthread_mutex_lock@plt ()
___pthread_mutex_lock (mutex=0xb49288 <_PyRuntime+77512>) at ./nptl/pthread_mutex_lock.c:77
80	in ./nptl/pthread_mutex_lock.c
0x00007ffff7ca00d7	80	in ./nptl/pthread_mutex_lock.c
0x00007ffff7ca00d9	80	in ./nptl/pthread_mutex_lock.c
82	in ./nptl/pthread_mutex_lock.c
84	in ./nptl/pthread_mutex_lock.c
0x00007ffff7ca00e3	84	in ./nptl/pthread_mutex_lock.c
88	in ./nptl/pthread_mutex_lock.c
0x00007ffff7ca00ea	88	in ./nptl/pthread_mutex_lock.c
0x00007ffff7ca00ed	88	in ./nptl/pthread_mutex_lock.c
0x00007ffff7ca00ee	88	in ./nptl/pthread_mutex_lock.c
0x00007ffff7ca00f2	88	in ./nptl/pthread_mutex_lock.c
0x00007ffff7ca00f4	88	in ./nptl/pthread_mutex_lock.c
90	in ./nptl/pthread_mutex_lock.c
0x00007ffff7ca0101	90	in ./nptl/pthread_mutex_lock.c
0x00007ffff7ca0104	90	in ./nptl/pthread_mutex_lock.c
lll_mutex_lock_optimized (mutex=0xb49288 <_PyRuntime+77512>) at ./nptl/pthread_mutex_lock.c:44
44	in ./nptl/pthread_mutex_lock.c
45	in ./nptl/pthread_mutex_lock.c
0x00007ffff7ca010f	45	in ./nptl/pthread_mutex_lock.c
0x00007ffff7ca0111	45	in ./nptl/pthread_mutex_lock.c
0x00007ffff7ca0118	45	in ./nptl/pthread_mutex_lock.c
0x00007ffff7ca0150	45	in ./nptl/pthread_mutex_lock.c
0x00007ffff7ca0153	45	in ./nptl/pthread_mutex_lock.c
0x00007ffff7ca0156	45	in ./nptl/pthread_mutex_lock.c
46	in ./nptl/pthread_mutex_lock.c
0x00007ffff7ca015e	46	in ./nptl/pthread_mutex_lock.c
___pthread_mutex_lock (mutex=<optimized out>) at ./nptl/pthread_mutex_lock.c:94
94	in ./nptl/pthread_mutex_lock.c
0x00007ffff7ca012e	94	in ./nptl/pthread_mutex_lock.c
0x00007ffff7ca0130	94	in ./nptl/pthread_mutex_lock.c
179	in ./nptl/pthread_mutex_lock.c
182	in ./nptl/pthread_mutex_lock.c
184	in ./nptl/pthread_mutex_lock.c
187	in ./nptl/pthread_mutex_lock.c
189	in ./nptl/pthread_mutex_lock.c
0x00007ffff7ca0148	190	in ./nptl/pthread_mutex_lock.c
0x00007ffff7ca014c	190	in ./nptl/pthread_mutex_lock.c
0x00007ffff7ca014d	190	in ./nptl/pthread_mutex_lock.c
0x00000000005fbc35 in ?? ()
0x00000000005fbc38 in ?? ()
0x00000000005fbc3a in ?? ()
0x00000000005fbc40 in ?? ()
0x00000000005fbc43 in ?? ()
0x00000000005fbc47 in ?? ()
0x00000000005fbc49 in ?? ()
0x00000000005fbc4f in ?? ()
0x00000000005fbc56 in ?? ()
0x00000000005fbc59 in ?? ()
0x00000000005fbc5d in ?? ()
0x0000000000421c00 in pthread_mutex_lock@plt ()
___pthread_mutex_lock (mutex=0xb492e0 <_PyRuntime+77600>) at ./nptl/pthread_mutex_lock.c:77
77	in ./nptl/pthread_mutex_lock.c
80	in ./nptl/pthread_mutex_lock.c
0x00007ffff7ca00d7	80	in ./nptl/pthread_mutex_lock.c
0x00007ffff7ca00d9	80	in ./nptl/pthread_mutex_lock.c
82	in ./nptl/pthread_mutex_lock.c
84	in ./nptl/pthread_mutex_lock.c
0x00007ffff7ca00e3	84	in ./nptl/pthread_mutex_lock.c
88	in ./nptl/pthread_mutex_lock.c
0x00007ffff7ca00ea	88	in ./nptl/pthread_mutex_lock.c
0x00007ffff7ca00ed	88	in ./nptl/pthread_mutex_lock.c
0x00007ffff7ca00ee	88	in ./nptl/pthread_mutex_lock.c
0x00007ffff7ca00f2	88	in ./nptl/pthread_mutex_lock.c
0x00007ffff7ca00f4	88	in ./nptl/pthread_mutex_lock.c
90	in ./nptl/pthread_mutex_lock.c
0x00007ffff7ca0101	90	in ./nptl/pthread_mutex_lock.c
0x00007ffff7ca0104	90	in ./nptl/pthread_mutex_lock.c
lll_mutex_lock_optimized (mutex=0xb492e0 <_PyRuntime+77600>) at ./nptl/pthread_mutex_lock.c:44
44	in ./nptl/pthread_mutex_lock.c
45	in ./nptl/pthread_mutex_lock.c
0x00007ffff7ca010f	45	in ./nptl/pthread_mutex_lock.c
0x00007ffff7ca0111	45	in ./nptl/pthread_mutex_lock.c
0x00007ffff7ca0118	45	in ./nptl/pthread_mutex_lock.c
0x00007ffff7ca0150	45	in ./nptl/pthread_mutex_lock.c
0x00007ffff7ca0153	45	in ./nptl/pthread_mutex_lock.c
0x00007ffff7ca0156	45	in ./nptl/pthread_mutex_lock.c
46	in ./nptl/pthread_mutex_lock.c
0x00007ffff7ca015e	46	in ./nptl/pthread_mutex_lock.c
___pthread_mutex_lock (mutex=<optimized out>) at ./nptl/pthread_mutex_lock.c:94
94	in ./nptl/pthread_mutex_lock.c
0x00007ffff7ca012e	94	in ./nptl/pthread_mutex_lock.c
0x00007ffff7ca0130	94	in ./nptl/pthread_mutex_lock.c
179	in ./nptl/pthread_mutex_lock.c
182	in ./nptl/pthread_mutex_lock.c
184	in ./nptl/pthread_mutex_lock.c
187	in ./nptl/pthread_mutex_lock.c
189	in ./nptl/pthread_mutex_lock.c
0x00007ffff7ca0148	190	in ./nptl/pthread_mutex_lock.c
0x00007ffff7ca014c	190	in ./nptl/pthread_mutex_lock.c
0x00007ffff7ca014d	190	in ./nptl/pthread_mutex_lock.c
0x00000000005fbc62 in ?? ()
0x00000000005fbc64 in ?? ()
0x00000000005fbc6a in ?? ()
0x00000000005fbc71 in ?? ()
0x00000000005fbc75 in ?? ()
0x00000000005fbc78 in ?? ()
0x00000000005fbc7e in ?? ()
0x00000000005fbc82 in ?? ()
0x0000000000420470 in pthread_cond_signal@plt ()
___pthread_cond_signal (cond=0xb492b0 <_PyRuntime+77552>) at ./nptl/pthread_cond_signal.c:35
36	in ./nptl/pthread_cond_signal.c
0x00007ffff7c9b0a5	36	in ./nptl/pthread_cond_signal.c
0x00007ffff7c9b0a8	36	in ./nptl/pthread_cond_signal.c
0x00007ffff7c9b0aa	36	in ./nptl/pthread_cond_signal.c
0x00007ffff7c9b0ac	36	in ./nptl/pthread_cond_signal.c
0x00007ffff7c9b0ae	36	in ./nptl/pthread_cond_signal.c
0x00007ffff7c9b0b0	36	in ./nptl/pthread_cond_signal.c
0x00007ffff7c9b0b1	36	in ./nptl/pthread_cond_signal.c
0x00007ffff7c9b0b5	36	in ./nptl/pthread_cond_signal.c
41	in ./nptl/pthread_cond_signal.c
42	in ./nptl/pthread_cond_signal.c
0x00007ffff7c9b0bb	42	in ./nptl/pthread_cond_signal.c
0x00007ffff7c9b0be	42	in ./nptl/pthread_cond_signal.c
0x00007ffff7c9b15b	96	in ./nptl/pthread_cond_signal.c
0x00007ffff7c9b15f	96	in ./nptl/pthread_cond_signal.c
0x00007ffff7c9b161	96	in ./nptl/pthread_cond_signal.c
0x00007ffff7c9b162	96	in ./nptl/pthread_cond_signal.c
0x00007ffff7c9b164	96	in ./nptl/pthread_cond_signal.c
0x00007ffff7c9b166	96	in ./nptl/pthread_cond_signal.c
0x00007ffff7c9b168	96	in ./nptl/pthread_cond_signal.c
0x00007ffff7c9b16a	96	in ./nptl/pthread_cond_signal.c
0x00007ffff7c9b16b	96	in ./nptl/pthread_cond_signal.c
0x00000000005fbc87 in ?? ()
0x00000000005fbc89 in ?? ()
0x00000000005fbc8f in ?? ()
0x00000000005fbc93 in ?? ()
0x0000000000421db0 in pthread_mutex_unlock@plt ()
___pthread_mutex_unlock (mutex=0xb492e0 <_PyRuntime+77600>) at ./nptl/pthread_mutex_unlock.c:367
__GI___pthread_mutex_unlock_usercnt (decr=1, mutex=0xb492e0 <_PyRuntime+77600>) at ./nptl/pthread_mutex_unlock.c:51
51	in ./nptl/pthread_mutex_unlock.c
0x00007ffff7ca1b57	51	in ./nptl/pthread_mutex_unlock.c
0x00007ffff7ca1b59	51	in ./nptl/pthread_mutex_unlock.c
52	in ./nptl/pthread_mutex_unlock.c
0x00007ffff7ca1b61	52	in ./nptl/pthread_mutex_unlock.c
___pthread_mutex_unlock (mutex=0xb492e0 <_PyRuntime+77600>) at ./nptl/pthread_mutex_unlock.c:57
57	in ./nptl/pthread_mutex_unlock.c
0x00007ffff7ca1b64	57	in ./nptl/pthread_mutex_unlock.c
0x00007ffff7ca1b67	57	in ./nptl/pthread_mutex_unlock.c
0x00007ffff7ca1b6b in __GI___pthread_mutex_unlock_usercnt (decr=1, mutex=0xb492e0 <_PyRuntime+77600>) at ./nptl/pthread_mutex_unlock.c:57
57	in ./nptl/pthread_mutex_unlock.c
0x00007ffff7ca1b6d	57	in ./nptl/pthread_mutex_unlock.c
62	in ./nptl/pthread_mutex_unlock.c
0x00007ffff7ca1b73	62	in ./nptl/pthread_mutex_unlock.c
lll_mutex_unlock_optimized (mutex=0xb492e0 <_PyRuntime+77600>) at ./nptl/pthread_mutex_unlock.c:39
39	in ./nptl/pthread_mutex_unlock.c
40	in ./nptl/pthread_mutex_unlock.c
0x00007ffff7ca1b83	40	in ./nptl/pthread_mutex_unlock.c
0x00007ffff7ca1b85	40	in ./nptl/pthread_mutex_unlock.c
0x00007ffff7ca1b8c	40	in ./nptl/pthread_mutex_unlock.c
41	in ./nptl/pthread_mutex_unlock.c
__GI___pthread_mutex_unlock_usercnt (decr=1, mutex=<optimized out>) at ./nptl/pthread_mutex_unlock.c:70
70	in ./nptl/pthread_mutex_unlock.c
72	in ./nptl/pthread_mutex_unlock.c
0x00007ffff7ca1b97 in ___pthread_mutex_unlock (mutex=<optimized out>) at ./nptl/pthread_mutex_unlock.c:369
369	in ./nptl/pthread_mutex_unlock.c
0x00007ffff7ca1b98	369	in ./nptl/pthread_mutex_unlock.c
0x00000000005fbc98 in ?? ()
0x00000000005fbc9a in ?? ()
0x00000000005fbca0 in ?? ()
0x00000000005fbca3 in ?? ()
0x0000000000608330 in ?? ()
0x0000000000608334 in ?? ()
0x0000000000608335 in ?? ()
0x0000000000608338 in ?? ()
0x0000000000608339 in ?? ()
0x000000000060833d in ?? ()
0x0000000000608344 in ?? ()
0x000000000060834b in ?? ()
0x000000000060834e in ?? ()
0x0000000000608350 in ?? ()
0x0000000000608354 in ?? ()
0x0000000000608358 in ?? ()
0x000000000060835f in ?? ()
0x0000000000608362 in ?? ()
0x0000000000608364 in ?? ()
0x0000000000608367 in ?? ()
0x000000000060836d in ?? ()
0x000000000060836f in ?? ()
0x0000000000608373 in ?? ()
0x0000000000608374 in ?? ()
0x00000000005fbca8 in ?? ()
0x00000000005fbcaa in ?? ()
0x00000000005fbcac in ?? ()
0x00000000005fbcb2 in ?? ()
0x00000000005fbcba in ?? ()
0x00000000005fbcbc in ?? ()
0x00000000005fbcc2 in ?? ()
0x00000000005fbcca in ?? ()
0x00000000005fbcd0 in ?? ()
0x00000000005fbcd2 in ?? ()
0x00000000005fbcd8 in ?? ()
0x00000000005fbcdb in ?? ()
0x00000000005fbce3 in ?? ()
0x00000000005fbce6 in ?? ()
0x0000000000610060 in PyThread_get_thread_ident ()
0x0000000000610064 in PyThread_get_thread_ident ()
0x0000000000610065 in PyThread_get_thread_ident ()
0x0000000000610068 in PyThread_get_thread_ident ()
0x000000000061006c in PyThread_get_thread_ident ()
0x0000000000610072 in PyThread_get_thread_ident ()
0x0000000000610074 in PyThread_get_thread_ident ()
0x000000000061007a in PyThread_get_thread_ident ()
0x0000000000420ef0 in pthread_self@plt ()
__GI___pthread_self () at ./nptl/pthread_self.c:23
24	in ./nptl/pthread_self.c
0x00007ffff7ca37bd	24	in ./nptl/pthread_self.c
0x000000000061007f in PyThread_get_thread_ident ()
0x0000000000610083 in PyThread_get_thread_ident ()
0x0000000000610087 in PyThread_get_thread_ident ()
0x0000000000610088 in PyThread_get_thread_ident ()
0x00000000005fbceb in ?? ()
0x00000000005fbcf2 in ?? ()
0x00000000005fbcf5 in ?? ()
0x00000000005fbcfb in ?? ()
0x00000000005fbd02 in ?? ()
0x00000000005fbd08 in ?? ()
0x00000000005fbd0e in ?? ()
0x00000000005fbd16 in ?? ()
0x00000000005fbd19 in ?? ()
0x00000000005fbd1b in ?? ()
0x00000000005fbd1d in ?? ()
0x00000000005fbd1f in ?? ()
0x00000000005fbd22 in ?? ()
0x00000000005fbd25 in ?? ()
0x00000000005fbd27 in ?? ()
0x00000000005fbd2f in ?? ()
0x00000000005fbd31 in ?? ()
0x00000000005fbd39 in ?? ()
0x00000000005fbd41 in ?? ()
0x00000000005fbd47 in ?? ()
0x00000000005fbd4a in ?? ()
0x0000000000421db0 in pthread_mutex_unlock@plt ()
___pthread_mutex_unlock (mutex=0xb49288 <_PyRuntime+77512>) at ./nptl/pthread_mutex_unlock.c:367
__GI___pthread_mutex_unlock_usercnt (decr=1, mutex=0xb49288 <_PyRuntime+77512>) at ./nptl/pthread_mutex_unlock.c:51
51	in ./nptl/pthread_mutex_unlock.c
0x00007ffff7ca1b57	51	in ./nptl/pthread_mutex_unlock.c
0x00007ffff7ca1b59	51	in ./nptl/pthread_mutex_unlock.c
52	in ./nptl/pthread_mutex_unlock.c
0x00007ffff7ca1b61	52	in ./nptl/pthread_mutex_unlock.c
___pthread_mutex_unlock (mutex=0xb49288 <_PyRuntime+77512>) at ./nptl/pthread_mutex_unlock.c:57
57	in ./nptl/pthread_mutex_unlock.c
0x00007ffff7ca1b64	57	in ./nptl/pthread_mutex_unlock.c
0x00007ffff7ca1b67	57	in ./nptl/pthread_mutex_unlock.c
0x00007ffff7ca1b6b in __GI___pthread_mutex_unlock_usercnt (decr=1, mutex=0xb49288 <_PyRuntime+77512>) at ./nptl/pthread_mutex_unlock.c:57
57	in ./nptl/pthread_mutex_unlock.c
0x00007ffff7ca1b6d	57	in ./nptl/pthread_mutex_unlock.c
62	in ./nptl/pthread_mutex_unlock.c
0x00007ffff7ca1b73	62	in ./nptl/pthread_mutex_unlock.c
lll_mutex_unlock_optimized (mutex=0xb49288 <_PyRuntime+77512>) at ./nptl/pthread_mutex_unlock.c:39
39	in ./nptl/pthread_mutex_unlock.c
40	in ./nptl/pthread_mutex_unlock.c
0x00007ffff7ca1b83	40	in ./nptl/pthread_mutex_unlock.c
0x00007ffff7ca1b85	40	in ./nptl/pthread_mutex_unlock.c
0x00007ffff7ca1b8c	40	in ./nptl/pthread_mutex_unlock.c
41	in ./nptl/pthread_mutex_unlock.c
__GI___pthread_mutex_unlock_usercnt (decr=1, mutex=<optimized out>) at ./nptl/pthread_mutex_unlock.c:70
70	in ./nptl/pthread_mutex_unlock.c
72	in ./nptl/pthread_mutex_unlock.c
0x00007ffff7ca1b97 in ___pthread_mutex_unlock (mutex=<optimized out>) at ./nptl/pthread_mutex_unlock.c:369
369	in ./nptl/pthread_mutex_unlock.c
0x00007ffff7ca1b98	369	in ./nptl/pthread_mutex_unlock.c
0x00000000005fbd4f in ?? ()
0x00000000005fbd51 in ?? ()
0x00000000005fbd57 in ?? ()
0x00000000005fbd5a in ?? ()
0x00000000005fbd5d in ?? ()
0x00000000005fbd61 in ?? ()
0x00000000005fbd62 in ?? ()
0x00000000005fbd64 in ?? ()
0x00000000005fbd66 in ?? ()
0x00000000005fbd68 in ?? ()
0x00000000005fbd6a in ?? ()
0x00000000005fbd6b in ?? ()
0x00000000005fc4de in PyEval_RestoreThread ()
0x00000000005fc4e1 in PyEval_RestoreThread ()
0x00000000005fc4e5 in PyEval_RestoreThread ()
0x00000000005fc4e6 in PyEval_RestoreThread ()
0x00000000006082c0 in ?? ()
0x00000000006082c4 in ?? ()
0x00000000006082cd in ?? ()
0x00000000006082da in ?? ()
0x00000000006082dd in ?? ()
0x00000000006082e3 in ?? ()
0x00000000006082e6 in ?? ()
0x00000000006082e8 in ?? ()
0x00000000006082f1 in ?? ()
0x00000000006082f5 in ?? ()
0x00000000006082f8 in ?? ()
0x00000000006082fa in ?? ()
0x00000000006082fd in ?? ()
0x0000000000608300 in ?? ()
0x00000000006b2be6 in PyGILState_Ensure ()
0x00000000006b2be9 in PyGILState_Ensure ()
0x00000000006b2beb in PyGILState_Ensure ()
0x00000000006b2bd3 in PyGILState_Ensure ()
0x00000000006b2bd7 in PyGILState_Ensure ()
0x00000000006b2bda in PyGILState_Ensure ()
0x00000000006b2bdb in PyGILState_Ensure ()
0x00000000006b2bdc in PyGILState_Ensure ()
0x00000000006b2bdd in PyGILState_Ensure ()
0x00007fffe57c9628 in __Pyx_ErrOccurredWithGIL () at src/gala/integrate/cyintegrators/leapfrog.cpp:30419
30420	in src/gala/integrate/cyintegrators/leapfrog.cpp
0x00007fffe579e890 in PyErr_Occurred@plt () from /home/otherside123/venvs/gate2c1-trace/lib/python3.12/site-packages/gala/integrate/cyintegrators/leapfrog.cpython-312-x86_64-linux-gnu.so
0x00000000005f1620 in PyErr_Occurred ()
0x00000000005f1624 in PyErr_Occurred ()
0x00000000005f162b in PyErr_Occurred ()
0x00000000005f162f in PyErr_Occurred ()
0x00000000005f1633 in PyErr_Occurred ()
0x00000000005f1636 in PyErr_Occurred ()
0x00000000005f1638 in PyErr_Occurred ()
0x00007fffe57c9630 in __Pyx_ErrOccurredWithGIL () at src/gala/integrate/cyintegrators/leapfrog.cpp:30421
30421	in src/gala/integrate/cyintegrators/leapfrog.cpp
0x00007fffe57c9633	30420	in src/gala/integrate/cyintegrators/leapfrog.cpp
30421	in src/gala/integrate/cyintegrators/leapfrog.cpp
0x00007fffe579e6e0 in PyGILState_Release@plt () from /home/otherside123/venvs/gate2c1-trace/lib/python3.12/site-packages/gala/integrate/cyintegrators/leapfrog.cpython-312-x86_64-linux-gnu.so
0x00000000006b2bf0 in PyGILState_Release ()
0x00000000006b2bf4 in PyGILState_Release ()
0x00000000006b2bf5 in PyGILState_Release ()
0x00000000006b2bf8 in PyGILState_Release ()
0x00000000006b2bf9 in PyGILState_Release ()
0x00000000006b2bfb in PyGILState_Release ()
0x00000000006b2c00 in PyGILState_Release ()
0x00000000006b2c04 in PyGILState_Release ()
0x00000000006104e0 in PyThread_tss_get ()
0x00000000006104e4 in PyThread_tss_get ()
0x00000000006104e7 in PyThread_tss_get ()
0x0000000000421760 in pthread_getspecific@plt ()
___pthread_getspecific (key=0) at ./nptl/pthread_getspecific.c:24
29	in ./nptl/pthread_getspecific.c
0x00007ffff7c9e697	29	in ./nptl/pthread_getspecific.c
30	in ./nptl/pthread_getspecific.c
0x00007ffff7c9e69b	30	in ./nptl/pthread_getspecific.c
0x00007ffff7c9e69f	30	in ./nptl/pthread_getspecific.c
0x00007ffff7c9e6a3	30	in ./nptl/pthread_getspecific.c
54	in ./nptl/pthread_getspecific.c
55	in ./nptl/pthread_getspecific.c
0x00007ffff7c9e6b3	55	in ./nptl/pthread_getspecific.c
59	in ./nptl/pthread_getspecific.c
0x00007ffff7c9e6b7	59	in ./nptl/pthread_getspecific.c
0x00007ffff7c9e6be	59	in ./nptl/pthread_getspecific.c
0x00007ffff7c9e6c1	59	in ./nptl/pthread_getspecific.c
0x00007ffff7c9e6c5	59	in ./nptl/pthread_getspecific.c
0x00007ffff7c9e6c9	59	in ./nptl/pthread_getspecific.c
0x00007ffff7c9e6cb	64	in ./nptl/pthread_getspecific.c
0x00007ffff7c9e6ce	64	in ./nptl/pthread_getspecific.c
0x00000000006b2c09 in PyGILState_Release ()
0x00000000006b2c0c in PyGILState_Release ()
0x00000000006b2c12 in PyGILState_Release ()
0x00000000006b2c1b in PyGILState_Release ()
0x00000000006b2c21 in PyGILState_Release ()
0x00000000006b2c25 in PyGILState_Release ()
0x00000000006b2c2b in PyGILState_Release ()
0x00000000006b2c2e in PyGILState_Release ()
0x00000000006b2c37 in PyGILState_Release ()
0x00000000006b2c3b in PyGILState_Release ()
0x00000000006b2c3c in PyGILState_Release ()
0x00000000006b2c3d in PyGILState_Release ()
0x00000000005fc060 in PyEval_SaveThread ()
0x00000000005fc064 in PyEval_SaveThread ()
0x00000000005fc065 in PyEval_SaveThread ()
0x00000000005fc067 in PyEval_SaveThread ()
0x00000000005fc06a in PyEval_SaveThread ()
0x00000000005fc06c in PyEval_SaveThread ()
0x00000000005fc06e in PyEval_SaveThread ()
0x00000000005fc070 in PyEval_SaveThread ()
0x00000000005fc071 in PyEval_SaveThread ()
0x00000000006082c0 in ?? ()
0x00000000006082c4 in ?? ()
0x00000000006082cd in ?? ()
0x00000000006082da in ?? ()
0x00000000006082dd in ?? ()
0x00000000006082df in ?? ()
0x00000000006082e3 in ?? ()
0x00000000006082e6 in ?? ()
0x0000000000608308 in ?? ()
0x00000000005fc076 in PyEval_SaveThread ()
0x00000000005fc079 in PyEval_SaveThread ()
0x00000000005fc07f in PyEval_SaveThread ()
0x00000000005fc083 in PyEval_SaveThread ()
0x00000000005fc086 in PyEval_SaveThread ()
0x00000000005fc08d in PyEval_SaveThread ()
0x00000000005fc092 in PyEval_SaveThread ()
0x00000000005fc094 in PyEval_SaveThread ()
0x00000000005fc09a in PyEval_SaveThread ()
0x00000000005fc09f in PyEval_SaveThread ()
0x00000000005fc0a4 in PyEval_SaveThread ()
0x00000000005fc0a7 in PyEval_SaveThread ()
0x0000000000421c00 in pthread_mutex_lock@plt ()
___pthread_mutex_lock (mutex=0xb49288 <_PyRuntime+77512>) at ./nptl/pthread_mutex_lock.c:77
80	in ./nptl/pthread_mutex_lock.c
0x00007ffff7ca00d7	80	in ./nptl/pthread_mutex_lock.c
0x00007ffff7ca00d9	80	in ./nptl/pthread_mutex_lock.c
82	in ./nptl/pthread_mutex_lock.c
84	in ./nptl/pthread_mutex_lock.c
0x00007ffff7ca00e3	84	in ./nptl/pthread_mutex_lock.c
88	in ./nptl/pthread_mutex_lock.c
0x00007ffff7ca00ea	88	in ./nptl/pthread_mutex_lock.c
0x00007ffff7ca00ed	88	in ./nptl/pthread_mutex_lock.c
0x00007ffff7ca00ee	88	in ./nptl/pthread_mutex_lock.c
0x00007ffff7ca00f2	88	in ./nptl/pthread_mutex_lock.c
0x00007ffff7ca00f4	88	in ./nptl/pthread_mutex_lock.c
90	in ./nptl/pthread_mutex_lock.c
0x00007ffff7ca0101	90	in ./nptl/pthread_mutex_lock.c
0x00007ffff7ca0104	90	in ./nptl/pthread_mutex_lock.c
lll_mutex_lock_optimized (mutex=0xb49288 <_PyRuntime+77512>) at ./nptl/pthread_mutex_lock.c:44
44	in ./nptl/pthread_mutex_lock.c
45	in ./nptl/pthread_mutex_lock.c
0x00007ffff7ca010f	45	in ./nptl/pthread_mutex_lock.c
0x00007ffff7ca0111	45	in ./nptl/pthread_mutex_lock.c
0x00007ffff7ca0118	45	in ./nptl/pthread_mutex_lock.c
0x00007ffff7ca0150	45	in ./nptl/pthread_mutex_lock.c
0x00007ffff7ca0153	45	in ./nptl/pthread_mutex_lock.c
0x00007ffff7ca0156	45	in ./nptl/pthread_mutex_lock.c
46	in ./nptl/pthread_mutex_lock.c
0x00007ffff7ca015e	46	in ./nptl/pthread_mutex_lock.c
___pthread_mutex_lock (mutex=<optimized out>) at ./nptl/pthread_mutex_lock.c:94
94	in ./nptl/pthread_mutex_lock.c
0x00007ffff7ca012e	94	in ./nptl/pthread_mutex_lock.c
0x00007ffff7ca0130	94	in ./nptl/pthread_mutex_lock.c
179	in ./nptl/pthread_mutex_lock.c
182	in ./nptl/pthread_mutex_lock.c
184	in ./nptl/pthread_mutex_lock.c
187	in ./nptl/pthread_mutex_lock.c
189	in ./nptl/pthread_mutex_lock.c
0x00007ffff7ca0148	190	in ./nptl/pthread_mutex_lock.c
0x00007ffff7ca014c	190	in ./nptl/pthread_mutex_lock.c
0x00007ffff7ca014d	190	in ./nptl/pthread_mutex_lock.c
0x00000000005fc0ac in PyEval_SaveThread ()
0x00000000005fc0ae in PyEval_SaveThread ()
0x00000000005fc0b4 in PyEval_SaveThread ()
0x00000000005fc0bd in PyEval_SaveThread ()
0x00000000005fc0c2 in PyEval_SaveThread ()
0x0000000000420470 in pthread_cond_signal@plt ()
___pthread_cond_signal (cond=0xb49258 <_PyRuntime+77464>) at ./nptl/pthread_cond_signal.c:35
36	in ./nptl/pthread_cond_signal.c
0x00007ffff7c9b0a5	36	in ./nptl/pthread_cond_signal.c
0x00007ffff7c9b0a8	36	in ./nptl/pthread_cond_signal.c
0x00007ffff7c9b0aa	36	in ./nptl/pthread_cond_signal.c
0x00007ffff7c9b0ac	36	in ./nptl/pthread_cond_signal.c
0x00007ffff7c9b0ae	36	in ./nptl/pthread_cond_signal.c
0x00007ffff7c9b0b0	36	in ./nptl/pthread_cond_signal.c
0x00007ffff7c9b0b1	36	in ./nptl/pthread_cond_signal.c
0x00007ffff7c9b0b5	36	in ./nptl/pthread_cond_signal.c
41	in ./nptl/pthread_cond_signal.c
42	in ./nptl/pthread_cond_signal.c
0x00007ffff7c9b0bb	42	in ./nptl/pthread_cond_signal.c
0x00007ffff7c9b0be	42	in ./nptl/pthread_cond_signal.c
0x00007ffff7c9b15b	96	in ./nptl/pthread_cond_signal.c
0x00007ffff7c9b15f	96	in ./nptl/pthread_cond_signal.c
0x00007ffff7c9b161	96	in ./nptl/pthread_cond_signal.c
0x00007ffff7c9b162	96	in ./nptl/pthread_cond_signal.c
0x00007ffff7c9b164	96	in ./nptl/pthread_cond_signal.c
0x00007ffff7c9b166	96	in ./nptl/pthread_cond_signal.c
0x00007ffff7c9b168	96	in ./nptl/pthread_cond_signal.c
0x00007ffff7c9b16a	96	in ./nptl/pthread_cond_signal.c
0x00007ffff7c9b16b	96	in ./nptl/pthread_cond_signal.c
0x00000000005fc0c7 in PyEval_SaveThread ()
0x00000000005fc0c9 in PyEval_SaveThread ()
0x00000000005fc0cf in PyEval_SaveThread ()
0x00000000005fc0d2 in PyEval_SaveThread ()
0x0000000000421db0 in pthread_mutex_unlock@plt ()
___pthread_mutex_unlock (mutex=0xb49288 <_PyRuntime+77512>) at ./nptl/pthread_mutex_unlock.c:367
__GI___pthread_mutex_unlock_usercnt (decr=1, mutex=0xb49288 <_PyRuntime+77512>) at ./nptl/pthread_mutex_unlock.c:51
51	in ./nptl/pthread_mutex_unlock.c
0x00007ffff7ca1b57	51	in ./nptl/pthread_mutex_unlock.c
0x00007ffff7ca1b59	51	in ./nptl/pthread_mutex_unlock.c
52	in ./nptl/pthread_mutex_unlock.c
0x00007ffff7ca1b61	52	in ./nptl/pthread_mutex_unlock.c
___pthread_mutex_unlock (mutex=0xb49288 <_PyRuntime+77512>) at ./nptl/pthread_mutex_unlock.c:57
57	in ./nptl/pthread_mutex_unlock.c
0x00007ffff7ca1b64	57	in ./nptl/pthread_mutex_unlock.c
0x00007ffff7ca1b67	57	in ./nptl/pthread_mutex_unlock.c
0x00007ffff7ca1b6b in __GI___pthread_mutex_unlock_usercnt (decr=1, mutex=0xb49288 <_PyRuntime+77512>) at ./nptl/pthread_mutex_unlock.c:57
57	in ./nptl/pthread_mutex_unlock.c
0x00007ffff7ca1b6d	57	in ./nptl/pthread_mutex_unlock.c
62	in ./nptl/pthread_mutex_unlock.c
0x00007ffff7ca1b73	62	in ./nptl/pthread_mutex_unlock.c
lll_mutex_unlock_optimized (mutex=0xb49288 <_PyRuntime+77512>) at ./nptl/pthread_mutex_unlock.c:39
39	in ./nptl/pthread_mutex_unlock.c
40	in ./nptl/pthread_mutex_unlock.c
0x00007ffff7ca1b83	40	in ./nptl/pthread_mutex_unlock.c
0x00007ffff7ca1b85	40	in ./nptl/pthread_mutex_unlock.c
0x00007ffff7ca1b8c	40	in ./nptl/pthread_mutex_unlock.c
41	in ./nptl/pthread_mutex_unlock.c
__GI___pthread_mutex_unlock_usercnt (decr=1, mutex=<optimized out>) at ./nptl/pthread_mutex_unlock.c:70
70	in ./nptl/pthread_mutex_unlock.c
72	in ./nptl/pthread_mutex_unlock.c
0x00007ffff7ca1b97 in ___pthread_mutex_unlock (mutex=<optimized out>) at ./nptl/pthread_mutex_unlock.c:369
369	in ./nptl/pthread_mutex_unlock.c
0x00007ffff7ca1b98	369	in ./nptl/pthread_mutex_unlock.c
0x00000000005fc0d7 in PyEval_SaveThread ()
0x00000000005fc0d9 in PyEval_SaveThread ()
0x00000000005fc0df in PyEval_SaveThread ()
0x00000000005fc0e6 in PyEval_SaveThread ()
0x00000000005fc0e8 in PyEval_SaveThread ()
0x00000000005fc0ea in PyEval_SaveThread ()
0x00000000005fc0ed in PyEval_SaveThread ()
0x00000000005fc0ee in PyEval_SaveThread ()
0x00000000005fc0f0 in PyEval_SaveThread ()
0x00000000005fc0f2 in PyEval_SaveThread ()
0x00000000005fc0f4 in PyEval_SaveThread ()
0x00000000005fc0f5 in PyEval_SaveThread ()
__pyx_f_4gala_9integrate_13cyintegrators_8leapfrog_leapfrog_integrate_hamiltonian (__pyx_skip_dispatch=1, __pyx_v_hamiltonian=<optimized out>, __pyx_v_w0=..., __pyx_v_t=..., __pyx_optional_args=<synthetic pointer>) at src/gala/integrate/cyintegrators/leapfrog.cpp:30422
0x00007fffe57c963e	30422	in src/gala/integrate/cyintegrators/leapfrog.cpp
21964	in src/gala/integrate/cyintegrators/leapfrog.cpp
0x00007fffe57c9648	21964	in src/gala/integrate/cyintegrators/leapfrog.cpp
0x00007fffe57c964a	21964	in src/gala/integrate/cyintegrators/leapfrog.cpp
21978	in src/gala/integrate/cyintegrators/leapfrog.cpp
0x00007fffe57cad07	21978	in src/gala/integrate/cyintegrators/leapfrog.cpp
0x00007fffe57cad09	21978	in src/gala/integrate/cyintegrators/leapfrog.cpp
0x00007fffe57cad0f	21978	in src/gala/integrate/cyintegrators/leapfrog.cpp
0x00007fffe57cad17	21978	in src/gala/integrate/cyintegrators/leapfrog.cpp
0x00007fffe57cad1f	21978	in src/gala/integrate/cyintegrators/leapfrog.cpp
0x00007fffe57cad22	21978	in src/gala/integrate/cyintegrators/leapfrog.cpp
0x00007fffe57cad24	21978	in src/gala/integrate/cyintegrators/leapfrog.cpp
0x00007fffe57cad28	21978	in src/gala/integrate/cyintegrators/leapfrog.cpp
21992	in src/gala/integrate/cyintegrators/leapfrog.cpp
0x00007fffe57cad32	21992	in src/gala/integrate/cyintegrators/leapfrog.cpp
0x00007fffe57cad34	21992	in src/gala/integrate/cyintegrators/leapfrog.cpp
0x00007fffe57cad3a	21992	in src/gala/integrate/cyintegrators/leapfrog.cpp
0x00007fffe57cad3c	21992	in src/gala/integrate/cyintegrators/leapfrog.cpp
0x00007fffe57cad3f	21992	in src/gala/integrate/cyintegrators/leapfrog.cpp
0x00007fffe57cad47	21992	in src/gala/integrate/cyintegrators/leapfrog.cpp
0x00007fffe57cad49	21992	in src/gala/integrate/cyintegrators/leapfrog.cpp
0x00007fffe57cad4d	21992	in src/gala/integrate/cyintegrators/leapfrog.cpp
0x00007fffe57cad51	21992	in src/gala/integrate/cyintegrators/leapfrog.cpp
0x00007fffe57cad54	21992	in src/gala/integrate/cyintegrators/leapfrog.cpp
0x00007fffe57cad5a	21992	in src/gala/integrate/cyintegrators/leapfrog.cpp
0x00007fffe57cad5e	21992	in src/gala/integrate/cyintegrators/leapfrog.cpp
0x00007fffe57cb3f2 in Py_DECREF (op=<optimized out>) at /opt/_internal/cpython-3.12.14/include/python3.12/object.h:705
0x00007fffe57cb3f5 in __pyx_f_4gala_9integrate_13cyintegrators_8leapfrog_leapfrog_integrate_hamiltonian (__pyx_skip_dispatch=1, __pyx_v_hamiltonian=<optimized out>, __pyx_v_w0=..., __pyx_v_t=..., __pyx_optional_args=<synthetic pointer>) at src/gala/integrate/cyintegrators/leapfrog.cpp:21357
0x00007fffe57cb3f7	21357	in src/gala/integrate/cyintegrators/leapfrog.cpp
22008	in src/gala/integrate/cyintegrators/leapfrog.cpp
0x00007fffe57cb405	22008	in src/gala/integrate/cyintegrators/leapfrog.cpp
0x00007fffe57cb408	22008	in src/gala/integrate/cyintegrators/leapfrog.cpp
21992	in src/gala/integrate/cyintegrators/leapfrog.cpp
0x00007fffe57cb411	21992	in src/gala/integrate/cyintegrators/leapfrog.cpp
0x00007fffe57cb414	21992	in src/gala/integrate/cyintegrators/leapfrog.cpp
0x00007fffe57cb416	21992	in src/gala/integrate/cyintegrators/leapfrog.cpp
21978	in src/gala/integrate/cyintegrators/leapfrog.cpp
0x00007fffe57cadb2	21978	in src/gala/integrate/cyintegrators/leapfrog.cpp
0x00007fffe57cadb6	21978	in src/gala/integrate/cyintegrators/leapfrog.cpp
0x00007fffe57cadb9	21978	in src/gala/integrate/cyintegrators/leapfrog.cpp
0x00007fffe57cadc1	21978	in src/gala/integrate/cyintegrators/leapfrog.cpp
0x00007fffe57cadc4	21978	in src/gala/integrate/cyintegrators/leapfrog.cpp
0x00007fffe57cadcc	21978	in src/gala/integrate/cyintegrators/leapfrog.cpp
0x00007fffe57cad51	21992	in src/gala/integrate/cyintegrators/leapfrog.cpp
0x00007fffe57cad54	21992	in src/gala/integrate/cyintegrators/leapfrog.cpp
0x00007fffe57cad5a	21992	in src/gala/integrate/cyintegrators/leapfrog.cpp
0x00007fffe57cad5e	21992	in src/gala/integrate/cyintegrators/leapfrog.cpp
0x00007fffe57cb3f2 in Py_DECREF (op=<optimized out>) at /opt/_internal/cpython-3.12.14/include/python3.12/object.h:705
0x00007fffe57cb3f5 in __pyx_f_4gala_9integrate_13cyintegrators_8leapfrog_leapfrog_integrate_hamiltonian (__pyx_skip_dispatch=1, __pyx_v_hamiltonian=<optimized out>, __pyx_v_w0=..., __pyx_v_t=..., __pyx_optional_args=<synthetic pointer>) at src/gala/integrate/cyintegrators/leapfrog.cpp:21357
0x00007fffe57cb3f7	21357	in src/gala/integrate/cyintegrators/leapfrog.cpp
22008	in src/gala/integrate/cyintegrators/leapfrog.cpp
0x00007fffe57cb405	22008	in src/gala/integrate/cyintegrators/leapfrog.cpp
0x00007fffe57cb408	22008	in src/gala/integrate/cyintegrators/leapfrog.cpp
21992	in src/gala/integrate/cyintegrators/leapfrog.cpp
0x00007fffe57cb411	21992	in src/gala/integrate/cyintegrators/leapfrog.cpp
0x00007fffe57cb414	21992	in src/gala/integrate/cyintegrators/leapfrog.cpp
0x00007fffe57cb416	21992	in src/gala/integrate/cyintegrators/leapfrog.cpp
21978	in src/gala/integrate/cyintegrators/leapfrog.cpp
0x00007fffe57cadb2	21978	in src/gala/integrate/cyintegrators/leapfrog.cpp
0x00007fffe57cadb6	21978	in src/gala/integrate/cyintegrators/leapfrog.cpp
0x00007fffe57cadb9	21978	in src/gala/integrate/cyintegrators/leapfrog.cpp
0x00007fffe57cadc1	21978	in src/gala/integrate/cyintegrators/leapfrog.cpp
0x00007fffe57cadc4	21978	in src/gala/integrate/cyintegrators/leapfrog.cpp
0x00007fffe57cadcc	21978	in src/gala/integrate/cyintegrators/leapfrog.cpp
0x00007fffe57cad51	21992	in src/gala/integrate/cyintegrators/leapfrog.cpp
0x00007fffe57cad54	21992	in src/gala/integrate/cyintegrators/leapfrog.cpp
0x00007fffe57cad5a	21992	in src/gala/integrate/cyintegrators/leapfrog.cpp
0x00007fffe57cad5e	21992	in src/gala/integrate/cyintegrators/leapfrog.cpp
0x00007fffe57cb3f2 in Py_DECREF (op=<optimized out>) at /opt/_internal/cpython-3.12.14/include/python3.12/object.h:705
0x00007fffe57cb3f5 in __pyx_f_4gala_9integrate_13cyintegrators_8leapfrog_leapfrog_integrate_hamiltonian (__pyx_skip_dispatch=1, __pyx_v_hamiltonian=<optimized out>, __pyx_v_w0=..., __pyx_v_t=..., __pyx_optional_args=<synthetic pointer>) at src/gala/integrate/cyintegrators/leapfrog.cpp:21357
0x00007fffe57cb3f7	21357	in src/gala/integrate/cyintegrators/leapfrog.cpp
22008	in src/gala/integrate/cyintegrators/leapfrog.cpp
0x00007fffe57cb405	22008	in src/gala/integrate/cyintegrators/leapfrog.cpp
0x00007fffe57cb408	22008	in src/gala/integrate/cyintegrators/leapfrog.cpp
21992	in src/gala/integrate/cyintegrators/leapfrog.cpp
0x00007fffe57cb411	21992	in src/gala/integrate/cyintegrators/leapfrog.cpp
0x00007fffe57cb414	21992	in src/gala/integrate/cyintegrators/leapfrog.cpp
0x00007fffe57cb416	21992	in src/gala/integrate/cyintegrators/leapfrog.cpp
21978	in src/gala/integrate/cyintegrators/leapfrog.cpp
0x00007fffe57cadb2	21978	in src/gala/integrate/cyintegrators/leapfrog.cpp
0x00007fffe57cadb6	21978	in src/gala/integrate/cyintegrators/leapfrog.cpp
0x00007fffe57cadb9	21978	in src/gala/integrate/cyintegrators/leapfrog.cpp
0x00007fffe57cadc1	21978	in src/gala/integrate/cyintegrators/leapfrog.cpp
0x00007fffe57cadc4	21978	in src/gala/integrate/cyintegrators/leapfrog.cpp
0x00007fffe57cadcc	21978	in src/gala/integrate/cyintegrators/leapfrog.cpp
0x00007fffe57cad51	21992	in src/gala/integrate/cyintegrators/leapfrog.cpp
0x00007fffe57cad54	21992	in src/gala/integrate/cyintegrators/leapfrog.cpp
0x00007fffe57cad5a	21992	in src/gala/integrate/cyintegrators/leapfrog.cpp
0x00007fffe57cad5e	21992	in src/gala/integrate/cyintegrators/leapfrog.cpp
0x00007fffe57cb3f2 in Py_DECREF (op=<optimized out>) at /opt/_internal/cpython-3.12.14/include/python3.12/object.h:705
0x00007fffe57cb3f5 in __pyx_f_4gala_9integrate_13cyintegrators_8leapfrog_leapfrog_integrate_hamiltonian (__pyx_skip_dispatch=1, __pyx_v_hamiltonian=<optimized out>, __pyx_v_w0=..., __pyx_v_t=..., __pyx_optional_args=<synthetic pointer>) at src/gala/integrate/cyintegrators/leapfrog.cpp:21357
0x00007fffe57cb3f7	21357	in src/gala/integrate/cyintegrators/leapfrog.cpp
22008	in src/gala/integrate/cyintegrators/leapfrog.cpp
0x00007fffe57cb405	22008	in src/gala/integrate/cyintegrators/leapfrog.cpp
0x00007fffe57cb408	22008	in src/gala/integrate/cyintegrators/leapfrog.cpp
21992	in src/gala/integrate/cyintegrators/leapfrog.cpp
0x00007fffe57cb411	21992	in src/gala/integrate/cyintegrators/leapfrog.cpp
0x00007fffe57cb414	21992	in src/gala/integrate/cyintegrators/leapfrog.cpp
0x00007fffe57cb416	21992	in src/gala/integrate/cyintegrators/leapfrog.cpp
21978	in src/gala/integrate/cyintegrators/leapfrog.cpp
0x00007fffe57cadb2	21978	in src/gala/integrate/cyintegrators/leapfrog.cpp
0x00007fffe57cadb6	21978	in src/gala/integrate/cyintegrators/leapfrog.cpp
0x00007fffe57cadb9	21978	in src/gala/integrate/cyintegrators/leapfrog.cpp
0x00007fffe57cadc1	21978	in src/gala/integrate/cyintegrators/leapfrog.cpp
0x00007fffe57cadc4	21978	in src/gala/integrate/cyintegrators/leapfrog.cpp
0x00007fffe57cadcc	21978	in src/gala/integrate/cyintegrators/leapfrog.cpp
0x00007fffe57cadd2	21978	in src/gala/integrate/cyintegrators/leapfrog.cpp
21882	in src/gala/integrate/cyintegrators/leapfrog.cpp
0x00007fffe57c9658	21882	in src/gala/integrate/cyintegrators/leapfrog.cpp
0x00007fffe57c965c	21882	in src/gala/integrate/cyintegrators/leapfrog.cpp
0x00007fffe57c9661	21882	in src/gala/integrate/cyintegrators/leapfrog.cpp
0x00007fffe57c9669	21882	in src/gala/integrate/cyintegrators/leapfrog.cpp
0x00007fffe57c966c	21882	in src/gala/integrate/cyintegrators/leapfrog.cpp
21898	in src/gala/integrate/cyintegrators/leapfrog.cpp
0x00007fffe57c95cb	21898	in src/gala/integrate/cyintegrators/leapfrog.cpp
0x00007fffe57c95cd	21899	in src/gala/integrate/cyintegrators/leapfrog.cpp
0x00007fffe57c95d5	21899	in src/gala/integrate/cyintegrators/leapfrog.cpp
0x00007fffe57c95da	21899	in src/gala/integrate/cyintegrators/leapfrog.cpp
0x00007fffe57c95dc	21899	in src/gala/integrate/cyintegrators/leapfrog.cpp
0x00007fffe579e350 in memset@plt () from /home/otherside123/venvs/gate2c1-trace/lib/python3.12/site-packages/gala/integrate/cyintegrators/leapfrog.cpython-312-x86_64-linux-gnu.so
__memset_avx2_unaligned_erms () at ../sysdeps/x86_64/multiarch/memset-vec-unaligned-erms.S:158
159	in ../sysdeps/x86_64/multiarch/memset-vec-unaligned-erms.S
0x00007ffff7d89788	159	in ../sysdeps/x86_64/multiarch/memset-vec-unaligned-erms.S
164	in ../sysdeps/x86_64/multiarch/memset-vec-unaligned-erms.S
165	in ../sysdeps/x86_64/multiarch/memset-vec-unaligned-erms.S
337	in ../sysdeps/x86_64/multiarch/memset-vec-unaligned-erms.S
346	in ../sysdeps/x86_64/multiarch/memset-vec-unaligned-erms.S
347	in ../sysdeps/x86_64/multiarch/memset-vec-unaligned-erms.S
378	in ../sysdeps/x86_64/multiarch/memset-vec-unaligned-erms.S
379	in ../sysdeps/x86_64/multiarch/memset-vec-unaligned-erms.S
380	in ../sysdeps/x86_64/multiarch/memset-vec-unaligned-erms.S
__pyx_f_4gala_9integrate_13cyintegrators_8leapfrog_leapfrog_integrate_hamiltonian (__pyx_skip_dispatch=1, __pyx_v_hamiltonian=<optimized out>, __pyx_v_w0=..., __pyx_v_t=..., __pyx_optional_args=<synthetic pointer>) at src/gala/integrate/cyintegrators/leapfrog.cpp:21953
0x00007fffe57c95e5	21953	in src/gala/integrate/cyintegrators/leapfrog.cpp
0x00007fffe57c95eb	21953	in src/gala/integrate/cyintegrators/leapfrog.cpp
0x00007fffe57c95ee	21953	in src/gala/integrate/cyintegrators/leapfrog.cpp
0x00007fffe57c95f1	21953	in src/gala/integrate/cyintegrators/leapfrog.cpp
0x00007fffe57c95f5	21953	in src/gala/integrate/cyintegrators/leapfrog.cpp
0x00007fffe57c95fa	21953	in src/gala/integrate/cyintegrators/leapfrog.cpp
0x00007fffe57c9603	21953	in src/gala/integrate/cyintegrators/leapfrog.cpp
0x00007fffe57c960a	21953	in src/gala/integrate/cyintegrators/leapfrog.cpp
0x00007fffe57c9612	21953	in src/gala/integrate/cyintegrators/leapfrog.cpp
0x00007fffe57c961a	21953	in src/gala/integrate/cyintegrators/leapfrog.cpp

Breakpoint -2, __pyx_f_4gala_9integrate_13cyintegrators_8leapfrog_c_leapfrog_step (__pyx_v_p=0x28cdd20, __pyx_v_n=1, __pyx_v_half_ndim=2, __pyx_v_t=0.15625, __pyx_v_dt=0.015625, __pyx_v_x_jm1=0x29fdcb0, __pyx_v_v_jm1=0x29fdcc0, __pyx_v_v_jm1_2=0x2879a40, __pyx_v_grad=0x2e9eed0) at src/gala/integrate/cyintegrators/leapfrog.cpp:21212
21212	in src/gala/integrate/cyintegrators/leapfrog.cpp
0x00007fffe57ad782	21212	in src/gala/integrate/cyintegrators/leapfrog.cpp
0x00007fffe57ad784	21212	in src/gala/integrate/cyintegrators/leapfrog.cpp
0x00007fffe57ad786	21212	in src/gala/integrate/cyintegrators/leapfrog.cpp
0x00007fffe57ad788	21212	in src/gala/integrate/cyintegrators/leapfrog.cpp
0x00007fffe57ad789	21212	in src/gala/integrate/cyintegrators/leapfrog.cpp
0x00007fffe57ad78a	21212	in src/gala/integrate/cyintegrators/leapfrog.cpp
0x00007fffe57ad78d	21212	in src/gala/integrate/cyintegrators/leapfrog.cpp
21215	in src/gala/integrate/cyintegrators/leapfrog.cpp
0x00007fffe57ad792	21190	in src/gala/integrate/cyintegrators/leapfrog.cpp
0x00007fffe57ad796	21190	in src/gala/integrate/cyintegrators/leapfrog.cpp
0x00007fffe57ad79b	21215	in src/gala/integrate/cyintegrators/leapfrog.cpp
0x00007fffe57ad79d	21215	in src/gala/integrate/cyintegrators/leapfrog.cpp
0x00007fffe57ad7a3	21215	in src/gala/integrate/cyintegrators/leapfrog.cpp
0x00007fffe57ad7a6	21215	in src/gala/integrate/cyintegrators/leapfrog.cpp
0x00007fffe57ad7ab	21215	in src/gala/integrate/cyintegrators/leapfrog.cpp
0x00007fffe57ad7ae	21215	in src/gala/integrate/cyintegrators/leapfrog.cpp
0x00007fffe57ad7b1	21215	in src/gala/integrate/cyintegrators/leapfrog.cpp
0x00007fffe57ad7b4	21215	in src/gala/integrate/cyintegrators/leapfrog.cpp
0x00007fffe57ad7b7	21215	in src/gala/integrate/cyintegrators/leapfrog.cpp
0x00007fffe57ad7bd	21215	in src/gala/integrate/cyintegrators/leapfrog.cpp
21229	in src/gala/integrate/cyintegrators/leapfrog.cpp
0x00007fffe57ad7c2	21229	in src/gala/integrate/cyintegrators/leapfrog.cpp
0x00007fffe57ad7c4	21229	in src/gala/integrate/cyintegrators/leapfrog.cpp
0x00007fffe57ad7cf	21229	in src/gala/integrate/cyintegrators/leapfrog.cpp
0x00007fffe57ad7da	21229	in src/gala/integrate/cyintegrators/leapfrog.cpp
0x00007fffe57ad7e5	21229	in src/gala/integrate/cyintegrators/leapfrog.cpp
0x00007fffe57ad7f0	21229	in src/gala/integrate/cyintegrators/leapfrog.cpp
0x00007fffe57ad7fb	21229	in src/gala/integrate/cyintegrators/leapfrog.cpp
21239	in src/gala/integrate/cyintegrators/leapfrog.cpp
0x00007fffe57ad803	21239	in src/gala/integrate/cyintegrators/leapfrog.cpp
0x00007fffe57ad808	21229	in src/gala/integrate/cyintegrators/leapfrog.cpp
0x00007fffe57ad80b	21239	in src/gala/integrate/cyintegrators/leapfrog.cpp
0x00007fffe57ad811	21239	in src/gala/integrate/cyintegrators/leapfrog.cpp
0x00007fffe57ad815	21229	in src/gala/integrate/cyintegrators/leapfrog.cpp
0x00007fffe57ad818	21239	in src/gala/integrate/cyintegrators/leapfrog.cpp
0x00007fffe57ad81d	21239	in src/gala/integrate/cyintegrators/leapfrog.cpp
21229	in src/gala/integrate/cyintegrators/leapfrog.cpp
0x00007fffe57ad825	21229	in src/gala/integrate/cyintegrators/leapfrog.cpp
21215	in src/gala/integrate/cyintegrators/leapfrog.cpp
0x00007fffe57ad82b	21215	in src/gala/integrate/cyintegrators/leapfrog.cpp
0x00007fffe57ad82e	21215	in src/gala/integrate/cyintegrators/leapfrog.cpp
0x00007fffe57ad830	21215	in src/gala/integrate/cyintegrators/leapfrog.cpp
0x00007fffe57ad832	21215	in src/gala/integrate/cyintegrators/leapfrog.cpp
0x00007fffe57ad835	21215	in src/gala/integrate/cyintegrators/leapfrog.cpp
21229	in src/gala/integrate/cyintegrators/leapfrog.cpp
0x00007fffe57ad7c2	21229	in src/gala/integrate/cyintegrators/leapfrog.cpp
0x00007fffe57ad7c4	21229	in src/gala/integrate/cyintegrators/leapfrog.cpp
0x00007fffe57ad7cf	21229	in src/gala/integrate/cyintegrators/leapfrog.cpp
0x00007fffe57ad7da	21229	in src/gala/integrate/cyintegrators/leapfrog.cpp
0x00007fffe57ad7e5	21229	in src/gala/integrate/cyintegrators/leapfrog.cpp
0x00007fffe57ad7f0	21229	in src/gala/integrate/cyintegrators/leapfrog.cpp
0x00007fffe57ad7fb	21229	in src/gala/integrate/cyintegrators/leapfrog.cpp
21239	in src/gala/integrate/cyintegrators/leapfrog.cpp
0x00007fffe57ad803	21239	in src/gala/integrate/cyintegrators/leapfrog.cpp
0x00007fffe57ad808	21229	in src/gala/integrate/cyintegrators/leapfrog.cpp
0x00007fffe57ad80b	21239	in src/gala/integrate/cyintegrators/leapfrog.cpp
0x00007fffe57ad811	21239	in src/gala/integrate/cyintegrators/leapfrog.cpp
0x00007fffe57ad815	21229	in src/gala/integrate/cyintegrators/leapfrog.cpp
0x00007fffe57ad818	21239	in src/gala/integrate/cyintegrators/leapfrog.cpp
0x00007fffe57ad81d	21239	in src/gala/integrate/cyintegrators/leapfrog.cpp
21229	in src/gala/integrate/cyintegrators/leapfrog.cpp
0x00007fffe57ad825	21229	in src/gala/integrate/cyintegrators/leapfrog.cpp
21215	in src/gala/integrate/cyintegrators/leapfrog.cpp
0x00007fffe57ad82b	21215	in src/gala/integrate/cyintegrators/leapfrog.cpp
0x00007fffe57ad82e	21215	in src/gala/integrate/cyintegrators/leapfrog.cpp
0x00007fffe57ad830	21215	in src/gala/integrate/cyintegrators/leapfrog.cpp
21253	in src/gala/integrate/cyintegrators/leapfrog.cpp
0x00007fffe57ad843	21253	in src/gala/integrate/cyintegrators/leapfrog.cpp
0x00007fffe57ad846	21253	in src/gala/integrate/cyintegrators/leapfrog.cpp
0x00007fffe579e7c0 in c_gradient(_CPotential*, unsigned long, double, double*, double*)@plt () from /home/otherside123/venvs/gate2c1-trace/lib/python3.12/site-packages/gala/integrate/cyintegrators/leapfrog.cpython-312-x86_64-linux-gnu.so
c_gradient (p=0x28cdd20, N=1, t=0.15625, qp=0x29fdcb0, grad=0x2e9eed0) at src/gala/potential/potential/src/cpotential.cpp:223
0x00007fffe57cd3f2	223	in src/gala/potential/potential/src/cpotential.cpp
0x00007fffe57cd3f4	223	in src/gala/potential/potential/src/cpotential.cpp
0x00007fffe57cd3f7	223	in src/gala/potential/potential/src/cpotential.cpp
0x00007fffe57cd3f9	223	in src/gala/potential/potential/src/cpotential.cpp
0x00007fffe57cd3fc	223	in src/gala/potential/potential/src/cpotential.cpp
0x00007fffe57cd3fe	223	in src/gala/potential/potential/src/cpotential.cpp
0x00007fffe57cd3ff	223	in src/gala/potential/potential/src/cpotential.cpp
0x00007fffe57cd400	223	in src/gala/potential/potential/src/cpotential.cpp
0x00007fffe57cd404	238	in src/gala/potential/potential/src/cpotential.cpp
0x00007fffe57cd408	223	in src/gala/potential/potential/src/cpotential.cpp
0x00007fffe57cd40b	214	in src/gala/potential/potential/src/cpotential.cpp
0x00007fffe57cd410	238	in src/gala/potential/potential/src/cpotential.cpp
0x00007fffe57cd413	214	in src/gala/potential/potential/src/cpotential.cpp
0x00007fffe57cd418	238	in src/gala/potential/potential/src/cpotential.cpp
0x00007fffe57cd41c	223	in src/gala/potential/potential/src/cpotential.cpp
0x00007fffe57cd41e	223	in src/gala/potential/potential/src/cpotential.cpp
0x00007fffe57cd424	224	in src/gala/potential/potential/src/cpotential.cpp
0x00007fffe57cd428	224	in src/gala/potential/potential/src/cpotential.cpp
0x00007fffe57cd42b	223	in src/gala/potential/potential/src/cpotential.cpp
0x00007fffe57cd42d	223	in src/gala/potential/potential/src/cpotential.cpp
224	in src/gala/potential/potential/src/cpotential.cpp
0x00007fffe57cd440	224	in src/gala/potential/potential/src/cpotential.cpp
0x00007fffe57cd442	224	in src/gala/potential/potential/src/cpotential.cpp
0x00007fffe57cd430	223	in src/gala/potential/potential/src/cpotential.cpp
0x00007fffe57cd434	223	in src/gala/potential/potential/src/cpotential.cpp
0x00007fffe57cd437	223	in src/gala/potential/potential/src/cpotential.cpp
238	in src/gala/potential/potential/src/cpotential.cpp
0x00007fffe57cd673	238	in src/gala/potential/potential/src/cpotential.cpp
0x00007fffe57cd679	239	in src/gala/potential/potential/src/cpotential.cpp
0x00007fffe57cd681	239	in src/gala/potential/potential/src/cpotential.cpp
0x00007fffe57cd684	239	in src/gala/potential/potential/src/cpotential.cpp
0x00007fffe57cd686	219	in src/gala/potential/potential/src/cpotential.cpp
0x00007fffe57cd689	239	in src/gala/potential/potential/src/cpotential.cpp
0x00007fffe579e350 in memset@plt () from /home/otherside123/venvs/gate2c1-trace/lib/python3.12/site-packages/gala/integrate/cyintegrators/leapfrog.cpython-312-x86_64-linux-gnu.so
__memset_avx2_unaligned_erms () at ../sysdeps/x86_64/multiarch/memset-vec-unaligned-erms.S:158
159	in ../sysdeps/x86_64/multiarch/memset-vec-unaligned-erms.S
0x00007ffff7d89788	159	in ../sysdeps/x86_64/multiarch/memset-vec-unaligned-erms.S
164	in ../sysdeps/x86_64/multiarch/memset-vec-unaligned-erms.S
165	in ../sysdeps/x86_64/multiarch/memset-vec-unaligned-erms.S
337	in ../sysdeps/x86_64/multiarch/memset-vec-unaligned-erms.S
346	in ../sysdeps/x86_64/multiarch/memset-vec-unaligned-erms.S
347	in ../sysdeps/x86_64/multiarch/memset-vec-unaligned-erms.S
378	in ../sysdeps/x86_64/multiarch/memset-vec-unaligned-erms.S
379	in ../sysdeps/x86_64/multiarch/memset-vec-unaligned-erms.S
380	in ../sysdeps/x86_64/multiarch/memset-vec-unaligned-erms.S
c_gradient (p=0x28cdd20, N=1, t=0.15625, qp=0x29fdcb0, grad=0x2e9eed0) at src/gala/potential/potential/src/cpotential.cpp:242
0x00007fffe57cd690	220	in src/gala/potential/potential/src/cpotential.cpp
0x00007fffe57cd695	218	in src/gala/potential/potential/src/cpotential.cpp
0x00007fffe57cd69a	218	in src/gala/potential/potential/src/cpotential.cpp
0x00007fffe57cd493	224	in src/gala/potential/potential/src/cpotential.cpp
0x00007fffe57cd497 in double6ptr::double6ptr (this=<optimized out>, q=<optimized out>, N=<optimized out>) at src/gala/potential/potential/src/../../src/vectorization.h:20
0x00007fffe57cd49f in c_gradient (p=0x28cdd20, N=1, t=0.15625, qp=0x29fdcb0, grad=0x2e9eed0) at src/gala/potential/potential/src/cpotential.cpp:242
0x00007fffe57cd4a1	242	in src/gala/potential/potential/src/cpotential.cpp
0x00007fffe57cd4a4 in double6ptr::double6ptr (this=<optimized out>, q=<optimized out>, N=<optimized out>) at src/gala/potential/potential/src/../../src/vectorization.h:20
0x00007fffe57cd4a9	21	in src/gala/potential/potential/src/../../src/vectorization.h
0x00007fffe57cd4ac	21	in src/gala/potential/potential/src/../../src/vectorization.h
0x00007fffe57cd4b0	21	in src/gala/potential/potential/src/../../src/vectorization.h
0x00007fffe57cd4b5	21	in src/gala/potential/potential/src/../../src/vectorization.h
c_gradient (p=0x28cdd20, N=1, t=0.15625, qp=0x29fdcb0, grad=0x2e9eed0) at src/gala/potential/potential/src/cpotential.cpp:243
0x00007fffe57cd505	243	in src/gala/potential/potential/src/cpotential.cpp
0x00007fffe57cd50d	243	in src/gala/potential/potential/src/cpotential.cpp
0x00007fffe57cd50f	243	in src/gala/potential/potential/src/cpotential.cpp
244	in src/gala/potential/potential/src/cpotential.cpp
0x00007fffe57cd4c4	244	in src/gala/potential/potential/src/cpotential.cpp
0x00007fffe57cd4c8	244	in src/gala/potential/potential/src/cpotential.cpp
0x00007fffe57cd4cb	244	in src/gala/potential/potential/src/cpotential.cpp
0x00007fffe57cd4ce	244	in src/gala/potential/potential/src/cpotential.cpp
0x00007fffe57cd4d3	244	in src/gala/potential/potential/src/cpotential.cpp
0x00007fffe57cd4d8	244	in src/gala/potential/potential/src/cpotential.cpp
0x00007fffe57cd4dc	244	in src/gala/potential/potential/src/cpotential.cpp
0x00007fffe57cd4e0	244	in src/gala/potential/potential/src/cpotential.cpp
0x00007fffe57cd4e4	244	in src/gala/potential/potential/src/cpotential.cpp
0x00007fffe57cd4e7	244	in src/gala/potential/potential/src/cpotential.cpp
gradientv<henon_heiles_gradient_functor> (t=0.15625, pars=0x2d98230, n_dim=2, state=0x0, q=0x29fdcb0, N=1, grad=0x2e9eed0) at src/gala/potential/src/vectorization.h:71
0x00007ffff1460a53	71	in src/gala/potential/src/vectorization.h
0x00007ffff1460a59 in double6ptr::double6ptr (this=<optimized out>, q=<optimized out>, N=<optimized out>) at src/gala/potential/src/vectorization.h:20
20	in src/gala/potential/src/vectorization.h
0x00007ffff1460a61	20	in src/gala/potential/src/vectorization.h
0x00007ffff1460a65	20	in src/gala/potential/src/vectorization.h
0x00007ffff1460a69	20	in src/gala/potential/src/vectorization.h
0x00007ffff1460b60 in gradientv<henon_heiles_gradient_functor> (t=0.15625, pars=0x2d98230, n_dim=<optimized out>, state=0x0, q=0x29fdcb0, N=1, grad=0x2e9eed0) at src/gala/potential/src/vectorization.h:71
71	in src/gala/potential/src/vectorization.h
0x00007ffff1460b63	71	in src/gala/potential/src/vectorization.h
0x00007ffff1460b65	71	in src/gala/potential/src/vectorization.h
henon_heiles_gradient_single (t=<optimized out>, pars=<optimized out>, q=..., n_dim=<optimized out>, grad=..., state=<optimized out>) at src/gala/potential/potential/builtin/builtin_potentials.cpp:37
0x00007ffff1460b76	37	in src/gala/potential/potential/builtin/builtin_potentials.cpp
0x00007ffff1460b7b	37	in src/gala/potential/potential/builtin/builtin_potentials.cpp
0x00007ffff1460b81	37	in src/gala/potential/potential/builtin/builtin_potentials.cpp
0x00007ffff1460b85	37	in src/gala/potential/potential/builtin/builtin_potentials.cpp
0x00007ffff1460b89	37	in src/gala/potential/potential/builtin/builtin_potentials.cpp
0x00007ffff1460b8d	38	in src/gala/potential/potential/builtin/builtin_potentials.cpp
0x00007ffff1460b91	37	in src/gala/potential/potential/builtin/builtin_potentials.cpp
0x00007ffff1460b95	37	in src/gala/potential/potential/builtin/builtin_potentials.cpp
0x00007ffff1460b99	37	in src/gala/potential/potential/builtin/builtin_potentials.cpp
38	in src/gala/potential/potential/builtin/builtin_potentials.cpp
0x00007ffff1460ba3	38	in src/gala/potential/potential/builtin/builtin_potentials.cpp
0x00007ffff1460ba7	38	in src/gala/potential/potential/builtin/builtin_potentials.cpp
0x00007ffff1460bac	38	in src/gala/potential/potential/builtin/builtin_potentials.cpp
0x00007ffff1460bb0	38	in src/gala/potential/potential/builtin/builtin_potentials.cpp
0x00007ffff1460bb4	38	in src/gala/potential/potential/builtin/builtin_potentials.cpp
gradientv<henon_heiles_gradient_functor> (t=<optimized out>, pars=0x2d98230, n_dim=<optimized out>, state=0x0, q=0x29fdcb0, N=1, grad=0x2e9eed0) at src/gala/potential/src/vectorization.h:71
0x00007ffff1460bbd	71	in src/gala/potential/src/vectorization.h
0x00007ffff1460bc0	71	in src/gala/potential/src/vectorization.h
0x00007ffff1460bc2 in henon_heiles_gradient (t=<optimized out>, pars=<optimized out>, q=0x29fdcb0, n_dim=<optimized out>, N=1, grad=0x2e9eed0, state=<optimized out>) at src/gala/potential/potential/builtin/builtin_potentials.cpp:2282
c_gradient (p=0x28cdd20, N=1, t=0.15625, qp=0x29fdcb0, grad=0x2e9eed0) at src/gala/potential/potential/src/cpotential.cpp:242
0x00007fffe57cd4ed	242	in src/gala/potential/potential/src/cpotential.cpp
0x00007fffe57cd4f1	242	in src/gala/potential/potential/src/cpotential.cpp
0x00007fffe57cd4f4	242	in src/gala/potential/potential/src/cpotential.cpp
283	in src/gala/potential/potential/src/cpotential.cpp
0x00007fffe57cd655	283	in src/gala/potential/potential/src/cpotential.cpp
0x00007fffe57cd65b	287	in src/gala/potential/potential/src/cpotential.cpp
0x00007fffe57cd65f	287	in src/gala/potential/potential/src/cpotential.cpp
0x00007fffe57cd660	287	in src/gala/potential/potential/src/cpotential.cpp
0x00007fffe57cd661	287	in src/gala/potential/potential/src/cpotential.cpp
0x00007fffe57cd663	287	in src/gala/potential/potential/src/cpotential.cpp
0x00007fffe57cd665	287	in src/gala/potential/potential/src/cpotential.cpp
0x00007fffe57cd667	287	in src/gala/potential/potential/src/cpotential.cpp
0x00007fffe57cd669	287	in src/gala/potential/potential/src/cpotential.cpp
0x00007fffe57ad84b in __pyx_f_4gala_9integrate_13cyintegrators_8leapfrog_c_leapfrog_step (__pyx_v_p=<optimized out>, __pyx_v_n=1, __pyx_v_half_ndim=<optimized out>, __pyx_v_t=<optimized out>, __pyx_v_dt=0.015625, __pyx_v_x_jm1=<optimized out>, __pyx_v_v_jm1=0x29fdcc0, __pyx_v_v_jm1_2=0x2879a40, __pyx_v_grad=0x2e9eed0) at src/gala/integrate/cyintegrators/leapfrog.cpp:21253
0x00007fffe57ad850	21253	in src/gala/integrate/cyintegrators/leapfrog.cpp
0x00007fffe57ad852	21272	in src/gala/integrate/cyintegrators/leapfrog.cpp
0x00007fffe57ad855	21272	in src/gala/integrate/cyintegrators/leapfrog.cpp
0x00007fffe57ad85d	21272	in src/gala/integrate/cyintegrators/leapfrog.cpp
21286	in src/gala/integrate/cyintegrators/leapfrog.cpp
0x00007fffe57ad862	21286	in src/gala/integrate/cyintegrators/leapfrog.cpp
0x00007fffe57ad864	21286	in src/gala/integrate/cyintegrators/leapfrog.cpp
0x00007fffe57ad86f	21286	in src/gala/integrate/cyintegrators/leapfrog.cpp
21296	in src/gala/integrate/cyintegrators/leapfrog.cpp
0x00007fffe57ad873	21286	in src/gala/integrate/cyintegrators/leapfrog.cpp
0x00007fffe57ad876	21296	in src/gala/integrate/cyintegrators/leapfrog.cpp
0x00007fffe57ad87e	21296	in src/gala/integrate/cyintegrators/leapfrog.cpp
0x00007fffe57ad883	21296	in src/gala/integrate/cyintegrators/leapfrog.cpp
0x00007fffe57ad886	21296	in src/gala/integrate/cyintegrators/leapfrog.cpp
0x00007fffe57ad88a	21296	in src/gala/integrate/cyintegrators/leapfrog.cpp
0x00007fffe57ad88e	21296	in src/gala/integrate/cyintegrators/leapfrog.cpp
0x00007fffe57ad892	21296	in src/gala/integrate/cyintegrators/leapfrog.cpp
0x00007fffe57ad896	21305	in src/gala/integrate/cyintegrators/leapfrog.cpp
0x00007fffe57ad89b	21296	in src/gala/integrate/cyintegrators/leapfrog.cpp
21305	in src/gala/integrate/cyintegrators/leapfrog.cpp
0x00007fffe57ad8a5	21305	in src/gala/integrate/cyintegrators/leapfrog.cpp
0x00007fffe57ad8a9	21286	in src/gala/integrate/cyintegrators/leapfrog.cpp
0x00007fffe57ad8ac	21305	in src/gala/integrate/cyintegrators/leapfrog.cpp
0x00007fffe57ad8b0	21305	in src/gala/integrate/cyintegrators/leapfrog.cpp
21286	in src/gala/integrate/cyintegrators/leapfrog.cpp
0x00007fffe57ad8b7	21286	in src/gala/integrate/cyintegrators/leapfrog.cpp
21272	in src/gala/integrate/cyintegrators/leapfrog.cpp
0x00007fffe57ad8bd	21272	in src/gala/integrate/cyintegrators/leapfrog.cpp
0x00007fffe57ad8c0	21272	in src/gala/integrate/cyintegrators/leapfrog.cpp
0x00007fffe57ad8c3	21272	in src/gala/integrate/cyintegrators/leapfrog.cpp
0x00007fffe57ad8c5	21272	in src/gala/integrate/cyintegrators/leapfrog.cpp
0x00007fffe57ad8c8	21272	in src/gala/integrate/cyintegrators/leapfrog.cpp
21286	in src/gala/integrate/cyintegrators/leapfrog.cpp
0x00007fffe57ad862	21286	in src/gala/integrate/cyintegrators/leapfrog.cpp
0x00007fffe57ad864	21286	in src/gala/integrate/cyintegrators/leapfrog.cpp
0x00007fffe57ad86f	21286	in src/gala/integrate/cyintegrators/leapfrog.cpp
21296	in src/gala/integrate/cyintegrators/leapfrog.cpp
0x00007fffe57ad873	21286	in src/gala/integrate/cyintegrators/leapfrog.cpp
0x00007fffe57ad876	21296	in src/gala/integrate/cyintegrators/leapfrog.cpp
0x00007fffe57ad87e	21296	in src/gala/integrate/cyintegrators/leapfrog.cpp
0x00007fffe57ad883	21296	in src/gala/integrate/cyintegrators/leapfrog.cpp
0x00007fffe57ad886	21296	in src/gala/integrate/cyintegrators/leapfrog.cpp
0x00007fffe57ad88a	21296	in src/gala/integrate/cyintegrators/leapfrog.cpp
0x00007fffe57ad88e	21296	in src/gala/integrate/cyintegrators/leapfrog.cpp
0x00007fffe57ad892	21296	in src/gala/integrate/cyintegrators/leapfrog.cpp
0x00007fffe57ad896	21305	in src/gala/integrate/cyintegrators/leapfrog.cpp
0x00007fffe57ad89b	21296	in src/gala/integrate/cyintegrators/leapfrog.cpp
21305	in src/gala/integrate/cyintegrators/leapfrog.cpp
0x00007fffe57ad8a5	21305	in src/gala/integrate/cyintegrators/leapfrog.cpp
0x00007fffe57ad8a9	21286	in src/gala/integrate/cyintegrators/leapfrog.cpp
0x00007fffe57ad8ac	21305	in src/gala/integrate/cyintegrators/leapfrog.cpp
0x00007fffe57ad8b0	21305	in src/gala/integrate/cyintegrators/leapfrog.cpp
21286	in src/gala/integrate/cyintegrators/leapfrog.cpp
0x00007fffe57ad8b7	21286	in src/gala/integrate/cyintegrators/leapfrog.cpp
21272	in src/gala/integrate/cyintegrators/leapfrog.cpp
0x00007fffe57ad8bd	21272	in src/gala/integrate/cyintegrators/leapfrog.cpp
0x00007fffe57ad8c0	21272	in src/gala/integrate/cyintegrators/leapfrog.cpp
0x00007fffe57ad8c3	21272	in src/gala/integrate/cyintegrators/leapfrog.cpp
0x00007fffe57ad8d5	21328	in src/gala/integrate/cyintegrators/leapfrog.cpp
0x00007fffe57ad8d9	21328	in src/gala/integrate/cyintegrators/leapfrog.cpp
0x00007fffe57ad8da	21328	in src/gala/integrate/cyintegrators/leapfrog.cpp
0x00007fffe57ad8db	21328	in src/gala/integrate/cyintegrators/leapfrog.cpp
0x00007fffe57ad8dd	21328	in src/gala/integrate/cyintegrators/leapfrog.cpp
0x00007fffe57ad8df	21328	in src/gala/integrate/cyintegrators/leapfrog.cpp
0x00007fffe57ad8e1	21328	in src/gala/integrate/cyintegrators/leapfrog.cpp
0x00007fffe57ad8e3	21328	in src/gala/integrate/cyintegrators/leapfrog.cpp
__Pyx_ErrOccurredWithGIL () at src/gala/integrate/cyintegrators/leapfrog.cpp:30419
30419	in src/gala/integrate/cyintegrators/leapfrog.cpp
0x00007fffe57c9621	30419	in src/gala/integrate/cyintegrators/leapfrog.cpp
0x00007fffe57c9623	30419	in src/gala/integrate/cyintegrators/leapfrog.cpp
0x00007fffe579e9d0 in PyGILState_Ensure@plt () from /home/otherside123/venvs/gate2c1-trace/lib/python3.12/site-packages/gala/integrate/cyintegrators/leapfrog.cpython-312-x86_64-linux-gnu.so
0x00000000006b2ba0 in PyGILState_Ensure ()
0x00000000006b2ba4 in PyGILState_Ensure ()
0x00000000006b2ba5 in PyGILState_Ensure ()
0x00000000006b2baa in PyGILState_Ensure ()
0x00000000006b2bad in PyGILState_Ensure ()
0x00000000006b2bae in PyGILState_Ensure ()
0x00000000006b2baf in PyGILState_Ensure ()
0x00000000006104e0 in PyThread_tss_get ()
0x00000000006104e4 in PyThread_tss_get ()
0x00000000006104e7 in PyThread_tss_get ()
0x0000000000421760 in pthread_getspecific@plt ()
___pthread_getspecific (key=0) at ./nptl/pthread_getspecific.c:24
29	in ./nptl/pthread_getspecific.c
0x00007ffff7c9e697	29	in ./nptl/pthread_getspecific.c
30	in ./nptl/pthread_getspecific.c
0x00007ffff7c9e69b	30	in ./nptl/pthread_getspecific.c
0x00007ffff7c9e69f	30	in ./nptl/pthread_getspecific.c
0x00007ffff7c9e6a3	30	in ./nptl/pthread_getspecific.c
54	in ./nptl/pthread_getspecific.c
55	in ./nptl/pthread_getspecific.c
0x00007ffff7c9e6b3	55	in ./nptl/pthread_getspecific.c
59	in ./nptl/pthread_getspecific.c
0x00007ffff7c9e6b7	59	in ./nptl/pthread_getspecific.c
0x00007ffff7c9e6be	59	in ./nptl/pthread_getspecific.c
0x00007ffff7c9e6c1	59	in ./nptl/pthread_getspecific.c
0x00007ffff7c9e6c5	59	in ./nptl/pthread_getspecific.c
0x00007ffff7c9e6c9	59	in ./nptl/pthread_getspecific.c
0x00007ffff7c9e6cb	64	in ./nptl/pthread_getspecific.c
0x00007ffff7c9e6ce	64	in ./nptl/pthread_getspecific.c
0x00000000006b2bb4 in PyGILState_Ensure ()
0x00000000006b2bb7 in PyGILState_Ensure ()
0x00000000006b2bbd in PyGILState_Ensure ()
0x00000000006b2bc6 in PyGILState_Ensure ()
0x00000000006b2bc9 in PyGILState_Ensure ()
0x00000000006b2bce in PyGILState_Ensure ()
0x00000000006b2bd1 in PyGILState_Ensure ()
0x00000000006b2bde in PyGILState_Ensure ()
0x00000000006b2be1 in PyGILState_Ensure ()
0x00000000005fc4c0 in PyEval_RestoreThread ()
0x00000000005fc4c4 in PyEval_RestoreThread ()
0x00000000005fc4c5 in PyEval_RestoreThread ()
0x00000000005fc4c8 in PyEval_RestoreThread ()
0x00000000005fc4c9 in PyEval_RestoreThread ()
0x00000000005fc4cd in PyEval_RestoreThread ()
0x00000000005fc4d0 in PyEval_RestoreThread ()
0x00000000005fc4d6 in PyEval_RestoreThread ()
0x00000000005fc4d9 in PyEval_RestoreThread ()
0x00000000005fbbe0 in ?? ()
0x00000000005fbbe1 in ?? ()
0x00000000005fbbe4 in ?? ()
0x00000000005fbbe6 in ?? ()
0x00000000005fbbe8 in ?? ()
0x00000000005fbbea in ?? ()
0x00000000005fbbed in ?? ()
0x00000000005fbbef in ?? ()
0x00000000005fbbf0 in ?? ()
0x00000000005fbbf4 in ?? ()
0x00000000004214b0 in __errno_location@plt ()
__GI___errno_location () at ./csu/errno-loc.c:25
26	in ./csu/errno-loc.c
0x00007ffff7c2a6eb	26	in ./csu/errno-loc.c
0x00007ffff7c2a6f4	27	in ./csu/errno-loc.c
0x00000000005fbbf9 in ?? ()
0x00000000005fbbfc in ?? ()
0x00000000005fbbff in ?? ()
0x00000000005fbc01 in ?? ()
0x00000000005fbc04 in ?? ()
0x0000000000608330 in ?? ()
0x0000000000608334 in ?? ()
0x0000000000608335 in ?? ()
0x0000000000608338 in ?? ()
0x0000000000608339 in ?? ()
0x000000000060833d in ?? ()
0x0000000000608344 in ?? ()
0x000000000060834b in ?? ()
0x000000000060834e in ?? ()
0x0000000000608350 in ?? ()
0x0000000000608354 in ?? ()
0x0000000000608358 in ?? ()
0x000000000060835f in ?? ()
0x0000000000608362 in ?? ()
0x0000000000608364 in ?? ()
0x0000000000608367 in ?? ()
0x000000000060836d in ?? ()
0x000000000060836f in ?? ()
0x0000000000608373 in ?? ()
0x0000000000608374 in ?? ()
0x00000000005fbc09 in ?? ()
0x00000000005fbc0b in ?? ()
0x00000000005fbc11 in ?? ()
0x00000000005fbc15 in ?? ()
0x00000000005fbc1d in ?? ()
0x00000000005fbc25 in ?? ()
0x00000000005fbc29 in ?? ()
0x00000000005fbc2d in ?? ()
0x00000000005fbc30 in ?? ()
0x0000000000421c00 in pthread_mutex_lock@plt ()
___pthread_mutex_lock (mutex=0xb49288 <_PyRuntime+77512>) at ./nptl/pthread_mutex_lock.c:77
80	in ./nptl/pthread_mutex_lock.c
0x00007ffff7ca00d7	80	in ./nptl/pthread_mutex_lock.c
0x00007ffff7ca00d9	80	in ./nptl/pthread_mutex_lock.c
82	in ./nptl/pthread_mutex_lock.c
84	in ./nptl/pthread_mutex_lock.c
0x00007ffff7ca00e3	84	in ./nptl/pthread_mutex_lock.c
88	in ./nptl/pthread_mutex_lock.c
0x00007ffff7ca00ea	88	in ./nptl/pthread_mutex_lock.c
0x00007ffff7ca00ed	88	in ./nptl/pthread_mutex_lock.c
0x00007ffff7ca00ee	88	in ./nptl/pthread_mutex_lock.c
0x00007ffff7ca00f2	88	in ./nptl/pthread_mutex_lock.c
0x00007ffff7ca00f4	88	in ./nptl/pthread_mutex_lock.c
90	in ./nptl/pthread_mutex_lock.c
0x00007ffff7ca0101	90	in ./nptl/pthread_mutex_lock.c
0x00007ffff7ca0104	90	in ./nptl/pthread_mutex_lock.c
lll_mutex_lock_optimized (mutex=0xb49288 <_PyRuntime+77512>) at ./nptl/pthread_mutex_lock.c:44
44	in ./nptl/pthread_mutex_lock.c
45	in ./nptl/pthread_mutex_lock.c
0x00007ffff7ca010f	45	in ./nptl/pthread_mutex_lock.c
0x00007ffff7ca0111	45	in ./nptl/pthread_mutex_lock.c
0x00007ffff7ca0118	45	in ./nptl/pthread_mutex_lock.c
0x00007ffff7ca0150	45	in ./nptl/pthread_mutex_lock.c
0x00007ffff7ca0153	45	in ./nptl/pthread_mutex_lock.c
0x00007ffff7ca0156	45	in ./nptl/pthread_mutex_lock.c
46	in ./nptl/pthread_mutex_lock.c
0x00007ffff7ca015e	46	in ./nptl/pthread_mutex_lock.c
___pthread_mutex_lock (mutex=<optimized out>) at ./nptl/pthread_mutex_lock.c:94
94	in ./nptl/pthread_mutex_lock.c
0x00007ffff7ca012e	94	in ./nptl/pthread_mutex_lock.c
0x00007ffff7ca0130	94	in ./nptl/pthread_mutex_lock.c
179	in ./nptl/pthread_mutex_lock.c
182	in ./nptl/pthread_mutex_lock.c
184	in ./nptl/pthread_mutex_lock.c
187	in ./nptl/pthread_mutex_lock.c
189	in ./nptl/pthread_mutex_lock.c
0x00007ffff7ca0148	190	in ./nptl/pthread_mutex_lock.c
0x00007ffff7ca014c	190	in ./nptl/pthread_mutex_lock.c
0x00007ffff7ca014d	190	in ./nptl/pthread_mutex_lock.c
0x00000000005fbc35 in ?? ()
0x00000000005fbc38 in ?? ()
0x00000000005fbc3a in ?? ()
0x00000000005fbc40 in ?? ()
0x00000000005fbc43 in ?? ()
0x00000000005fbc47 in ?? ()
0x00000000005fbc49 in ?? ()
0x00000000005fbc4f in ?? ()
0x00000000005fbc56 in ?? ()
0x00000000005fbc59 in ?? ()
0x00000000005fbc5d in ?? ()
0x0000000000421c00 in pthread_mutex_lock@plt ()
___pthread_mutex_lock (mutex=0xb492e0 <_PyRuntime+77600>) at ./nptl/pthread_mutex_lock.c:77
77	in ./nptl/pthread_mutex_lock.c
80	in ./nptl/pthread_mutex_lock.c
0x00007ffff7ca00d7	80	in ./nptl/pthread_mutex_lock.c
0x00007ffff7ca00d9	80	in ./nptl/pthread_mutex_lock.c
82	in ./nptl/pthread_mutex_lock.c
84	in ./nptl/pthread_mutex_lock.c
0x00007ffff7ca00e3	84	in ./nptl/pthread_mutex_lock.c
88	in ./nptl/pthread_mutex_lock.c
0x00007ffff7ca00ea	88	in ./nptl/pthread_mutex_lock.c
0x00007ffff7ca00ed	88	in ./nptl/pthread_mutex_lock.c
0x00007ffff7ca00ee	88	in ./nptl/pthread_mutex_lock.c
0x00007ffff7ca00f2	88	in ./nptl/pthread_mutex_lock.c
0x00007ffff7ca00f4	88	in ./nptl/pthread_mutex_lock.c
90	in ./nptl/pthread_mutex_lock.c
0x00007ffff7ca0101	90	in ./nptl/pthread_mutex_lock.c
0x00007ffff7ca0104	90	in ./nptl/pthread_mutex_lock.c
lll_mutex_lock_optimized (mutex=0xb492e0 <_PyRuntime+77600>) at ./nptl/pthread_mutex_lock.c:44
44	in ./nptl/pthread_mutex_lock.c
45	in ./nptl/pthread_mutex_lock.c
0x00007ffff7ca010f	45	in ./nptl/pthread_mutex_lock.c
0x00007ffff7ca0111	45	in ./nptl/pthread_mutex_lock.c
0x00007ffff7ca0118	45	in ./nptl/pthread_mutex_lock.c
0x00007ffff7ca0150	45	in ./nptl/pthread_mutex_lock.c
0x00007ffff7ca0153	45	in ./nptl/pthread_mutex_lock.c
0x00007ffff7ca0156	45	in ./nptl/pthread_mutex_lock.c
46	in ./nptl/pthread_mutex_lock.c
0x00007ffff7ca015e	46	in ./nptl/pthread_mutex_lock.c
___pthread_mutex_lock (mutex=<optimized out>) at ./nptl/pthread_mutex_lock.c:94
94	in ./nptl/pthread_mutex_lock.c
0x00007ffff7ca012e	94	in ./nptl/pthread_mutex_lock.c
0x00007ffff7ca0130	94	in ./nptl/pthread_mutex_lock.c
179	in ./nptl/pthread_mutex_lock.c
182	in ./nptl/pthread_mutex_lock.c
184	in ./nptl/pthread_mutex_lock.c
187	in ./nptl/pthread_mutex_lock.c
189	in ./nptl/pthread_mutex_lock.c
0x00007ffff7ca0148	190	in ./nptl/pthread_mutex_lock.c
0x00007ffff7ca014c	190	in ./nptl/pthread_mutex_lock.c
0x00007ffff7ca014d	190	in ./nptl/pthread_mutex_lock.c
0x00000000005fbc62 in ?? ()
0x00000000005fbc64 in ?? ()
0x00000000005fbc6a in ?? ()
0x00000000005fbc71 in ?? ()
0x00000000005fbc75 in ?? ()
0x00000000005fbc78 in ?? ()
0x00000000005fbc7e in ?? ()
0x00000000005fbc82 in ?? ()
0x0000000000420470 in pthread_cond_signal@plt ()
___pthread_cond_signal (cond=0xb492b0 <_PyRuntime+77552>) at ./nptl/pthread_cond_signal.c:35
36	in ./nptl/pthread_cond_signal.c
0x00007ffff7c9b0a5	36	in ./nptl/pthread_cond_signal.c
0x00007ffff7c9b0a8	36	in ./nptl/pthread_cond_signal.c
0x00007ffff7c9b0aa	36	in ./nptl/pthread_cond_signal.c
0x00007ffff7c9b0ac	36	in ./nptl/pthread_cond_signal.c
0x00007ffff7c9b0ae	36	in ./nptl/pthread_cond_signal.c
0x00007ffff7c9b0b0	36	in ./nptl/pthread_cond_signal.c
0x00007ffff7c9b0b1	36	in ./nptl/pthread_cond_signal.c
0x00007ffff7c9b0b5	36	in ./nptl/pthread_cond_signal.c
41	in ./nptl/pthread_cond_signal.c
42	in ./nptl/pthread_cond_signal.c
0x00007ffff7c9b0bb	42	in ./nptl/pthread_cond_signal.c
0x00007ffff7c9b0be	42	in ./nptl/pthread_cond_signal.c
0x00007ffff7c9b15b	96	in ./nptl/pthread_cond_signal.c
0x00007ffff7c9b15f	96	in ./nptl/pthread_cond_signal.c
0x00007ffff7c9b161	96	in ./nptl/pthread_cond_signal.c
0x00007ffff7c9b162	96	in ./nptl/pthread_cond_signal.c
0x00007ffff7c9b164	96	in ./nptl/pthread_cond_signal.c
0x00007ffff7c9b166	96	in ./nptl/pthread_cond_signal.c
0x00007ffff7c9b168	96	in ./nptl/pthread_cond_signal.c
0x00007ffff7c9b16a	96	in ./nptl/pthread_cond_signal.c
0x00007ffff7c9b16b	96	in ./nptl/pthread_cond_signal.c
0x00000000005fbc87 in ?? ()
0x00000000005fbc89 in ?? ()
0x00000000005fbc8f in ?? ()
0x00000000005fbc93 in ?? ()
0x0000000000421db0 in pthread_mutex_unlock@plt ()
___pthread_mutex_unlock (mutex=0xb492e0 <_PyRuntime+77600>) at ./nptl/pthread_mutex_unlock.c:367
__GI___pthread_mutex_unlock_usercnt (decr=1, mutex=0xb492e0 <_PyRuntime+77600>) at ./nptl/pthread_mutex_unlock.c:51
51	in ./nptl/pthread_mutex_unlock.c
0x00007ffff7ca1b57	51	in ./nptl/pthread_mutex_unlock.c
0x00007ffff7ca1b59	51	in ./nptl/pthread_mutex_unlock.c
52	in ./nptl/pthread_mutex_unlock.c
0x00007ffff7ca1b61	52	in ./nptl/pthread_mutex_unlock.c
___pthread_mutex_unlock (mutex=0xb492e0 <_PyRuntime+77600>) at ./nptl/pthread_mutex_unlock.c:57
57	in ./nptl/pthread_mutex_unlock.c
0x00007ffff7ca1b64	57	in ./nptl/pthread_mutex_unlock.c
0x00007ffff7ca1b67	57	in ./nptl/pthread_mutex_unlock.c
0x00007ffff7ca1b6b in __GI___pthread_mutex_unlock_usercnt (decr=1, mutex=0xb492e0 <_PyRuntime+77600>) at ./nptl/pthread_mutex_unlock.c:57
57	in ./nptl/pthread_mutex_unlock.c
0x00007ffff7ca1b6d	57	in ./nptl/pthread_mutex_unlock.c
62	in ./nptl/pthread_mutex_unlock.c
0x00007ffff7ca1b73	62	in ./nptl/pthread_mutex_unlock.c
lll_mutex_unlock_optimized (mutex=0xb492e0 <_PyRuntime+77600>) at ./nptl/pthread_mutex_unlock.c:39
39	in ./nptl/pthread_mutex_unlock.c
40	in ./nptl/pthread_mutex_unlock.c
0x00007ffff7ca1b83	40	in ./nptl/pthread_mutex_unlock.c
0x00007ffff7ca1b85	40	in ./nptl/pthread_mutex_unlock.c
0x00007ffff7ca1b8c	40	in ./nptl/pthread_mutex_unlock.c
41	in ./nptl/pthread_mutex_unlock.c
__GI___pthread_mutex_unlock_usercnt (decr=1, mutex=<optimized out>) at ./nptl/pthread_mutex_unlock.c:70
70	in ./nptl/pthread_mutex_unlock.c
72	in ./nptl/pthread_mutex_unlock.c
0x00007ffff7ca1b97 in ___pthread_mutex_unlock (mutex=<optimized out>) at ./nptl/pthread_mutex_unlock.c:369
369	in ./nptl/pthread_mutex_unlock.c
0x00007ffff7ca1b98	369	in ./nptl/pthread_mutex_unlock.c
0x00000000005fbc98 in ?? ()
0x00000000005fbc9a in ?? ()
0x00000000005fbca0 in ?? ()
0x00000000005fbca3 in ?? ()
0x0000000000608330 in ?? ()
0x0000000000608334 in ?? ()
0x0000000000608335 in ?? ()
0x0000000000608338 in ?? ()
0x0000000000608339 in ?? ()
0x000000000060833d in ?? ()
0x0000000000608344 in ?? ()
0x000000000060834b in ?? ()
0x000000000060834e in ?? ()
0x0000000000608350 in ?? ()
0x0000000000608354 in ?? ()
0x0000000000608358 in ?? ()
0x000000000060835f in ?? ()
0x0000000000608362 in ?? ()
0x0000000000608364 in ?? ()
0x0000000000608367 in ?? ()
0x000000000060836d in ?? ()
0x000000000060836f in ?? ()
0x0000000000608373 in ?? ()
0x0000000000608374 in ?? ()
0x00000000005fbca8 in ?? ()
0x00000000005fbcaa in ?? ()
0x00000000005fbcac in ?? ()
0x00000000005fbcb2 in ?? ()
0x00000000005fbcba in ?? ()
0x00000000005fbcbc in ?? ()
0x00000000005fbcc2 in ?? ()
0x00000000005fbcca in ?? ()
0x00000000005fbcd0 in ?? ()
0x00000000005fbcd2 in ?? ()
0x00000000005fbcd8 in ?? ()
0x00000000005fbcdb in ?? ()
0x00000000005fbce3 in ?? ()
0x00000000005fbce6 in ?? ()
0x0000000000610060 in PyThread_get_thread_ident ()
0x0000000000610064 in PyThread_get_thread_ident ()
0x0000000000610065 in PyThread_get_thread_ident ()
0x0000000000610068 in PyThread_get_thread_ident ()
0x000000000061006c in PyThread_get_thread_ident ()
0x0000000000610072 in PyThread_get_thread_ident ()
0x0000000000610074 in PyThread_get_thread_ident ()
0x000000000061007a in PyThread_get_thread_ident ()
0x0000000000420ef0 in pthread_self@plt ()
__GI___pthread_self () at ./nptl/pthread_self.c:23
24	in ./nptl/pthread_self.c
0x00007ffff7ca37bd	24	in ./nptl/pthread_self.c
0x000000000061007f in PyThread_get_thread_ident ()
0x0000000000610083 in PyThread_get_thread_ident ()
0x0000000000610087 in PyThread_get_thread_ident ()
0x0000000000610088 in PyThread_get_thread_ident ()
0x00000000005fbceb in ?? ()
0x00000000005fbcf2 in ?? ()
0x00000000005fbcf5 in ?? ()
0x00000000005fbcfb in ?? ()
0x00000000005fbd02 in ?? ()
0x00000000005fbd08 in ?? ()
0x00000000005fbd0e in ?? ()
0x00000000005fbd16 in ?? ()
0x00000000005fbd19 in ?? ()
0x00000000005fbd1b in ?? ()
0x00000000005fbd1d in ?? ()
0x00000000005fbd1f in ?? ()
0x00000000005fbd22 in ?? ()
0x00000000005fbd25 in ?? ()
0x00000000005fbd27 in ?? ()
0x00000000005fbd2f in ?? ()
0x00000000005fbd31 in ?? ()
0x00000000005fbd39 in ?? ()
0x00000000005fbd41 in ?? ()
0x00000000005fbd47 in ?? ()
0x00000000005fbd4a in ?? ()
0x0000000000421db0 in pthread_mutex_unlock@plt ()
___pthread_mutex_unlock (mutex=0xb49288 <_PyRuntime+77512>) at ./nptl/pthread_mutex_unlock.c:367
__GI___pthread_mutex_unlock_usercnt (decr=1, mutex=0xb49288 <_PyRuntime+77512>) at ./nptl/pthread_mutex_unlock.c:51
51	in ./nptl/pthread_mutex_unlock.c
0x00007ffff7ca1b57	51	in ./nptl/pthread_mutex_unlock.c
0x00007ffff7ca1b59	51	in ./nptl/pthread_mutex_unlock.c
52	in ./nptl/pthread_mutex_unlock.c
0x00007ffff7ca1b61	52	in ./nptl/pthread_mutex_unlock.c
___pthread_mutex_unlock (mutex=0xb49288 <_PyRuntime+77512>) at ./nptl/pthread_mutex_unlock.c:57
57	in ./nptl/pthread_mutex_unlock.c
0x00007ffff7ca1b64	57	in ./nptl/pthread_mutex_unlock.c
0x00007ffff7ca1b67	57	in ./nptl/pthread_mutex_unlock.c
0x00007ffff7ca1b6b in __GI___pthread_mutex_unlock_usercnt (decr=1, mutex=0xb49288 <_PyRuntime+77512>) at ./nptl/pthread_mutex_unlock.c:57
57	in ./nptl/pthread_mutex_unlock.c
0x00007ffff7ca1b6d	57	in ./nptl/pthread_mutex_unlock.c
62	in ./nptl/pthread_mutex_unlock.c
0x00007ffff7ca1b73	62	in ./nptl/pthread_mutex_unlock.c
lll_mutex_unlock_optimized (mutex=0xb49288 <_PyRuntime+77512>) at ./nptl/pthread_mutex_unlock.c:39
39	in ./nptl/pthread_mutex_unlock.c
40	in ./nptl/pthread_mutex_unlock.c
0x00007ffff7ca1b83	40	in ./nptl/pthread_mutex_unlock.c
0x00007ffff7ca1b85	40	in ./nptl/pthread_mutex_unlock.c
0x00007ffff7ca1b8c	40	in ./nptl/pthread_mutex_unlock.c
41	in ./nptl/pthread_mutex_unlock.c
__GI___pthread_mutex_unlock_usercnt (decr=1, mutex=<optimized out>) at ./nptl/pthread_mutex_unlock.c:70
70	in ./nptl/pthread_mutex_unlock.c
72	in ./nptl/pthread_mutex_unlock.c
0x00007ffff7ca1b97 in ___pthread_mutex_unlock (mutex=<optimized out>) at ./nptl/pthread_mutex_unlock.c:369
369	in ./nptl/pthread_mutex_unlock.c
0x00007ffff7ca1b98	369	in ./nptl/pthread_mutex_unlock.c
0x00000000005fbd4f in ?? ()
0x00000000005fbd51 in ?? ()
0x00000000005fbd57 in ?? ()
0x00000000005fbd5a in ?? ()
0x00000000005fbd5d in ?? ()
0x00000000005fbd61 in ?? ()
0x00000000005fbd62 in ?? ()
0x00000000005fbd64 in ?? ()
0x00000000005fbd66 in ?? ()
0x00000000005fbd68 in ?? ()
0x00000000005fbd6a in ?? ()
0x00000000005fbd6b in ?? ()
0x00000000005fc4de in PyEval_RestoreThread ()
0x00000000005fc4e1 in PyEval_RestoreThread ()
0x00000000005fc4e5 in PyEval_RestoreThread ()
0x00000000005fc4e6 in PyEval_RestoreThread ()
0x00000000006082c0 in ?? ()
0x00000000006082c4 in ?? ()
0x00000000006082cd in ?? ()
0x00000000006082da in ?? ()
0x00000000006082dd in ?? ()
0x00000000006082e3 in ?? ()
0x00000000006082e6 in ?? ()
0x00000000006082e8 in ?? ()
0x00000000006082f1 in ?? ()
0x00000000006082f5 in ?? ()
0x00000000006082f8 in ?? ()
0x00000000006082fa in ?? ()
0x00000000006082fd in ?? ()
0x0000000000608300 in ?? ()
0x00000000006b2be6 in PyGILState_Ensure ()
0x00000000006b2be9 in PyGILState_Ensure ()
0x00000000006b2beb in PyGILState_Ensure ()
0x00000000006b2bd3 in PyGILState_Ensure ()
0x00000000006b2bd7 in PyGILState_Ensure ()
0x00000000006b2bda in PyGILState_Ensure ()
0x00000000006b2bdb in PyGILState_Ensure ()
0x00000000006b2bdc in PyGILState_Ensure ()
0x00000000006b2bdd in PyGILState_Ensure ()
0x00007fffe57c9628 in __Pyx_ErrOccurredWithGIL () at src/gala/integrate/cyintegrators/leapfrog.cpp:30419
30420	in src/gala/integrate/cyintegrators/leapfrog.cpp
0x00007fffe579e890 in PyErr_Occurred@plt () from /home/otherside123/venvs/gate2c1-trace/lib/python3.12/site-packages/gala/integrate/cyintegrators/leapfrog.cpython-312-x86_64-linux-gnu.so
0x00000000005f1620 in PyErr_Occurred ()
0x00000000005f1624 in PyErr_Occurred ()
0x00000000005f162b in PyErr_Occurred ()
0x00000000005f162f in PyErr_Occurred ()
0x00000000005f1633 in PyErr_Occurred ()
0x00000000005f1636 in PyErr_Occurred ()
0x00000000005f1638 in PyErr_Occurred ()
0x00007fffe57c9630 in __Pyx_ErrOccurredWithGIL () at src/gala/integrate/cyintegrators/leapfrog.cpp:30421
30421	in src/gala/integrate/cyintegrators/leapfrog.cpp
0x00007fffe57c9633	30420	in src/gala/integrate/cyintegrators/leapfrog.cpp
30421	in src/gala/integrate/cyintegrators/leapfrog.cpp
0x00007fffe579e6e0 in PyGILState_Release@plt () from /home/otherside123/venvs/gate2c1-trace/lib/python3.12/site-packages/gala/integrate/cyintegrators/leapfrog.cpython-312-x86_64-linux-gnu.so
0x00000000006b2bf0 in PyGILState_Release ()
0x00000000006b2bf4 in PyGILState_Release ()
0x00000000006b2bf5 in PyGILState_Release ()
0x00000000006b2bf8 in PyGILState_Release ()
0x00000000006b2bf9 in PyGILState_Release ()
0x00000000006b2bfb in PyGILState_Release ()
0x00000000006b2c00 in PyGILState_Release ()
0x00000000006b2c04 in PyGILState_Release ()
0x00000000006104e0 in PyThread_tss_get ()
0x00000000006104e4 in PyThread_tss_get ()
0x00000000006104e7 in PyThread_tss_get ()
0x0000000000421760 in pthread_getspecific@plt ()
___pthread_getspecific (key=0) at ./nptl/pthread_getspecific.c:24
29	in ./nptl/pthread_getspecific.c
0x00007ffff7c9e697	29	in ./nptl/pthread_getspecific.c
30	in ./nptl/pthread_getspecific.c
0x00007ffff7c9e69b	30	in ./nptl/pthread_getspecific.c
0x00007ffff7c9e69f	30	in ./nptl/pthread_getspecific.c
0x00007ffff7c9e6a3	30	in ./nptl/pthread_getspecific.c
54	in ./nptl/pthread_getspecific.c
55	in ./nptl/pthread_getspecific.c
0x00007ffff7c9e6b3	55	in ./nptl/pthread_getspecific.c
59	in ./nptl/pthread_getspecific.c
0x00007ffff7c9e6b7	59	in ./nptl/pthread_getspecific.c
0x00007ffff7c9e6be	59	in ./nptl/pthread_getspecific.c
0x00007ffff7c9e6c1	59	in ./nptl/pthread_getspecific.c
0x00007ffff7c9e6c5	59	in ./nptl/pthread_getspecific.c
0x00007ffff7c9e6c9	59	in ./nptl/pthread_getspecific.c
0x00007ffff7c9e6cb	64	in ./nptl/pthread_getspecific.c
0x00007ffff7c9e6ce	64	in ./nptl/pthread_getspecific.c
0x00000000006b2c09 in PyGILState_Release ()
0x00000000006b2c0c in PyGILState_Release ()
0x00000000006b2c12 in PyGILState_Release ()
0x00000000006b2c1b in PyGILState_Release ()
0x00000000006b2c21 in PyGILState_Release ()
0x00000000006b2c25 in PyGILState_Release ()
0x00000000006b2c2b in PyGILState_Release ()
0x00000000006b2c2e in PyGILState_Release ()
0x00000000006b2c37 in PyGILState_Release ()
0x00000000006b2c3b in PyGILState_Release ()
0x00000000006b2c3c in PyGILState_Release ()
0x00000000006b2c3d in PyGILState_Release ()
0x00000000005fc060 in PyEval_SaveThread ()
0x00000000005fc064 in PyEval_SaveThread ()
0x00000000005fc065 in PyEval_SaveThread ()
0x00000000005fc067 in PyEval_SaveThread ()
0x00000000005fc06a in PyEval_SaveThread ()
0x00000000005fc06c in PyEval_SaveThread ()
0x00000000005fc06e in PyEval_SaveThread ()
0x00000000005fc070 in PyEval_SaveThread ()
0x00000000005fc071 in PyEval_SaveThread ()
0x00000000006082c0 in ?? ()
0x00000000006082c4 in ?? ()
0x00000000006082cd in ?? ()
0x00000000006082da in ?? ()
0x00000000006082dd in ?? ()
0x00000000006082df in ?? ()
0x00000000006082e3 in ?? ()
0x00000000006082e6 in ?? ()
0x0000000000608308 in ?? ()
0x00000000005fc076 in PyEval_SaveThread ()
0x00000000005fc079 in PyEval_SaveThread ()
0x00000000005fc07f in PyEval_SaveThread ()
0x00000000005fc083 in PyEval_SaveThread ()
0x00000000005fc086 in PyEval_SaveThread ()
0x00000000005fc08d in PyEval_SaveThread ()
0x00000000005fc092 in PyEval_SaveThread ()
0x00000000005fc094 in PyEval_SaveThread ()
0x00000000005fc09a in PyEval_SaveThread ()
0x00000000005fc09f in PyEval_SaveThread ()
0x00000000005fc0a4 in PyEval_SaveThread ()
0x00000000005fc0a7 in PyEval_SaveThread ()
0x0000000000421c00 in pthread_mutex_lock@plt ()
___pthread_mutex_lock (mutex=0xb49288 <_PyRuntime+77512>) at ./nptl/pthread_mutex_lock.c:77
80	in ./nptl/pthread_mutex_lock.c
0x00007ffff7ca00d7	80	in ./nptl/pthread_mutex_lock.c
0x00007ffff7ca00d9	80	in ./nptl/pthread_mutex_lock.c
82	in ./nptl/pthread_mutex_lock.c
84	in ./nptl/pthread_mutex_lock.c
0x00007ffff7ca00e3	84	in ./nptl/pthread_mutex_lock.c
88	in ./nptl/pthread_mutex_lock.c
0x00007ffff7ca00ea	88	in ./nptl/pthread_mutex_lock.c
0x00007ffff7ca00ed	88	in ./nptl/pthread_mutex_lock.c
0x00007ffff7ca00ee	88	in ./nptl/pthread_mutex_lock.c
0x00007ffff7ca00f2	88	in ./nptl/pthread_mutex_lock.c
0x00007ffff7ca00f4	88	in ./nptl/pthread_mutex_lock.c
90	in ./nptl/pthread_mutex_lock.c
0x00007ffff7ca0101	90	in ./nptl/pthread_mutex_lock.c
0x00007ffff7ca0104	90	in ./nptl/pthread_mutex_lock.c
lll_mutex_lock_optimized (mutex=0xb49288 <_PyRuntime+77512>) at ./nptl/pthread_mutex_lock.c:44
44	in ./nptl/pthread_mutex_lock.c
45	in ./nptl/pthread_mutex_lock.c
0x00007ffff7ca010f	45	in ./nptl/pthread_mutex_lock.c
0x00007ffff7ca0111	45	in ./nptl/pthread_mutex_lock.c
0x00007ffff7ca0118	45	in ./nptl/pthread_mutex_lock.c
0x00007ffff7ca0150	45	in ./nptl/pthread_mutex_lock.c
0x00007ffff7ca0153	45	in ./nptl/pthread_mutex_lock.c
0x00007ffff7ca0156	45	in ./nptl/pthread_mutex_lock.c
46	in ./nptl/pthread_mutex_lock.c
0x00007ffff7ca015e	46	in ./nptl/pthread_mutex_lock.c
___pthread_mutex_lock (mutex=<optimized out>) at ./nptl/pthread_mutex_lock.c:94
94	in ./nptl/pthread_mutex_lock.c
0x00007ffff7ca012e	94	in ./nptl/pthread_mutex_lock.c
0x00007ffff7ca0130	94	in ./nptl/pthread_mutex_lock.c
179	in ./nptl/pthread_mutex_lock.c
182	in ./nptl/pthread_mutex_lock.c
184	in ./nptl/pthread_mutex_lock.c
187	in ./nptl/pthread_mutex_lock.c
189	in ./nptl/pthread_mutex_lock.c
0x00007ffff7ca0148	190	in ./nptl/pthread_mutex_lock.c
0x00007ffff7ca014c	190	in ./nptl/pthread_mutex_lock.c
0x00007ffff7ca014d	190	in ./nptl/pthread_mutex_lock.c
0x00000000005fc0ac in PyEval_SaveThread ()
0x00000000005fc0ae in PyEval_SaveThread ()
0x00000000005fc0b4 in PyEval_SaveThread ()
0x00000000005fc0bd in PyEval_SaveThread ()
0x00000000005fc0c2 in PyEval_SaveThread ()
0x0000000000420470 in pthread_cond_signal@plt ()
___pthread_cond_signal (cond=0xb49258 <_PyRuntime+77464>) at ./nptl/pthread_cond_signal.c:35
36	in ./nptl/pthread_cond_signal.c
0x00007ffff7c9b0a5	36	in ./nptl/pthread_cond_signal.c
0x00007ffff7c9b0a8	36	in ./nptl/pthread_cond_signal.c
0x00007ffff7c9b0aa	36	in ./nptl/pthread_cond_signal.c
0x00007ffff7c9b0ac	36	in ./nptl/pthread_cond_signal.c
0x00007ffff7c9b0ae	36	in ./nptl/pthread_cond_signal.c
0x00007ffff7c9b0b0	36	in ./nptl/pthread_cond_signal.c
0x00007ffff7c9b0b1	36	in ./nptl/pthread_cond_signal.c
0x00007ffff7c9b0b5	36	in ./nptl/pthread_cond_signal.c
41	in ./nptl/pthread_cond_signal.c
42	in ./nptl/pthread_cond_signal.c
0x00007ffff7c9b0bb	42	in ./nptl/pthread_cond_signal.c
0x00007ffff7c9b0be	42	in ./nptl/pthread_cond_signal.c
0x00007ffff7c9b15b	96	in ./nptl/pthread_cond_signal.c
0x00007ffff7c9b15f	96	in ./nptl/pthread_cond_signal.c
0x00007ffff7c9b161	96	in ./nptl/pthread_cond_signal.c
0x00007ffff7c9b162	96	in ./nptl/pthread_cond_signal.c
0x00007ffff7c9b164	96	in ./nptl/pthread_cond_signal.c
0x00007ffff7c9b166	96	in ./nptl/pthread_cond_signal.c
0x00007ffff7c9b168	96	in ./nptl/pthread_cond_signal.c
0x00007ffff7c9b16a	96	in ./nptl/pthread_cond_signal.c
0x00007ffff7c9b16b	96	in ./nptl/pthread_cond_signal.c
0x00000000005fc0c7 in PyEval_SaveThread ()
0x00000000005fc0c9 in PyEval_SaveThread ()
0x00000000005fc0cf in PyEval_SaveThread ()
0x00000000005fc0d2 in PyEval_SaveThread ()
0x0000000000421db0 in pthread_mutex_unlock@plt ()
___pthread_mutex_unlock (mutex=0xb49288 <_PyRuntime+77512>) at ./nptl/pthread_mutex_unlock.c:367
__GI___pthread_mutex_unlock_usercnt (decr=1, mutex=0xb49288 <_PyRuntime+77512>) at ./nptl/pthread_mutex_unlock.c:51
51	in ./nptl/pthread_mutex_unlock.c
0x00007ffff7ca1b57	51	in ./nptl/pthread_mutex_unlock.c
0x00007ffff7ca1b59	51	in ./nptl/pthread_mutex_unlock.c
52	in ./nptl/pthread_mutex_unlock.c
0x00007ffff7ca1b61	52	in ./nptl/pthread_mutex_unlock.c
___pthread_mutex_unlock (mutex=0xb49288 <_PyRuntime+77512>) at ./nptl/pthread_mutex_unlock.c:57
57	in ./nptl/pthread_mutex_unlock.c
0x00007ffff7ca1b64	57	in ./nptl/pthread_mutex_unlock.c
0x00007ffff7ca1b67	57	in ./nptl/pthread_mutex_unlock.c
0x00007ffff7ca1b6b in __GI___pthread_mutex_unlock_usercnt (decr=1, mutex=0xb49288 <_PyRuntime+77512>) at ./nptl/pthread_mutex_unlock.c:57
57	in ./nptl/pthread_mutex_unlock.c
0x00007ffff7ca1b6d	57	in ./nptl/pthread_mutex_unlock.c
62	in ./nptl/pthread_mutex_unlock.c
0x00007ffff7ca1b73	62	in ./nptl/pthread_mutex_unlock.c
lll_mutex_unlock_optimized (mutex=0xb49288 <_PyRuntime+77512>) at ./nptl/pthread_mutex_unlock.c:39
39	in ./nptl/pthread_mutex_unlock.c
40	in ./nptl/pthread_mutex_unlock.c
0x00007ffff7ca1b83	40	in ./nptl/pthread_mutex_unlock.c
0x00007ffff7ca1b85	40	in ./nptl/pthread_mutex_unlock.c
0x00007ffff7ca1b8c	40	in ./nptl/pthread_mutex_unlock.c
41	in ./nptl/pthread_mutex_unlock.c
__GI___pthread_mutex_unlock_usercnt (decr=1, mutex=<optimized out>) at ./nptl/pthread_mutex_unlock.c:70
70	in ./nptl/pthread_mutex_unlock.c
72	in ./nptl/pthread_mutex_unlock.c
0x00007ffff7ca1b97 in ___pthread_mutex_unlock (mutex=<optimized out>) at ./nptl/pthread_mutex_unlock.c:369
369	in ./nptl/pthread_mutex_unlock.c
0x00007ffff7ca1b98	369	in ./nptl/pthread_mutex_unlock.c
0x00000000005fc0d7 in PyEval_SaveThread ()
0x00000000005fc0d9 in PyEval_SaveThread ()
0x00000000005fc0df in PyEval_SaveThread ()
0x00000000005fc0e6 in PyEval_SaveThread ()
0x00000000005fc0e8 in PyEval_SaveThread ()
0x00000000005fc0ea in PyEval_SaveThread ()
0x00000000005fc0ed in PyEval_SaveThread ()
0x00000000005fc0ee in PyEval_SaveThread ()
0x00000000005fc0f0 in PyEval_SaveThread ()
0x00000000005fc0f2 in PyEval_SaveThread ()
0x00000000005fc0f4 in PyEval_SaveThread ()
0x00000000005fc0f5 in PyEval_SaveThread ()
__pyx_f_4gala_9integrate_13cyintegrators_8leapfrog_leapfrog_integrate_hamiltonian (__pyx_skip_dispatch=1, __pyx_v_hamiltonian=<optimized out>, __pyx_v_w0=..., __pyx_v_t=..., __pyx_optional_args=<synthetic pointer>) at src/gala/integrate/cyintegrators/leapfrog.cpp:30422
0x00007fffe57c963e	30422	in src/gala/integrate/cyintegrators/leapfrog.cpp
21964	in src/gala/integrate/cyintegrators/leapfrog.cpp
0x00007fffe57c9648	21964	in src/gala/integrate/cyintegrators/leapfrog.cpp
0x00007fffe57c964a	21964	in src/gala/integrate/cyintegrators/leapfrog.cpp
21978	in src/gala/integrate/cyintegrators/leapfrog.cpp
0x00007fffe57cad07	21978	in src/gala/integrate/cyintegrators/leapfrog.cpp
0x00007fffe57cad09	21978	in src/gala/integrate/cyintegrators/leapfrog.cpp
0x00007fffe57cad0f	21978	in src/gala/integrate/cyintegrators/leapfrog.cpp
0x00007fffe57cad17	21978	in src/gala/integrate/cyintegrators/leapfrog.cpp
0x00007fffe57cad1f	21978	in src/gala/integrate/cyintegrators/leapfrog.cpp
0x00007fffe57cad22	21978	in src/gala/integrate/cyintegrators/leapfrog.cpp
0x00007fffe57cad24	21978	in src/gala/integrate/cyintegrators/leapfrog.cpp
0x00007fffe57cad28	21978	in src/gala/integrate/cyintegrators/leapfrog.cpp
21992	in src/gala/integrate/cyintegrators/leapfrog.cpp
0x00007fffe57cad32	21992	in src/gala/integrate/cyintegrators/leapfrog.cpp
0x00007fffe57cad34	21992	in src/gala/integrate/cyintegrators/leapfrog.cpp
0x00007fffe57cad3a	21992	in src/gala/integrate/cyintegrators/leapfrog.cpp
0x00007fffe57cad3c	21992	in src/gala/integrate/cyintegrators/leapfrog.cpp
0x00007fffe57cad3f	21992	in src/gala/integrate/cyintegrators/leapfrog.cpp
0x00007fffe57cad47	21992	in src/gala/integrate/cyintegrators/leapfrog.cpp
0x00007fffe57cad49	21992	in src/gala/integrate/cyintegrators/leapfrog.cpp
0x00007fffe57cad4d	21992	in src/gala/integrate/cyintegrators/leapfrog.cpp
0x00007fffe57cad51	21992	in src/gala/integrate/cyintegrators/leapfrog.cpp
0x00007fffe57cad54	21992	in src/gala/integrate/cyintegrators/leapfrog.cpp
0x00007fffe57cad5a	21992	in src/gala/integrate/cyintegrators/leapfrog.cpp
0x00007fffe57cad5e	21992	in src/gala/integrate/cyintegrators/leapfrog.cpp
0x00007fffe57cb3f2 in Py_DECREF (op=<optimized out>) at /opt/_internal/cpython-3.12.14/include/python3.12/object.h:705
0x00007fffe57cb3f5 in __pyx_f_4gala_9integrate_13cyintegrators_8leapfrog_leapfrog_integrate_hamiltonian (__pyx_skip_dispatch=1, __pyx_v_hamiltonian=<optimized out>, __pyx_v_w0=..., __pyx_v_t=..., __pyx_optional_args=<synthetic pointer>) at src/gala/integrate/cyintegrators/leapfrog.cpp:21357
0x00007fffe57cb3f7	21357	in src/gala/integrate/cyintegrators/leapfrog.cpp
22008	in src/gala/integrate/cyintegrators/leapfrog.cpp
0x00007fffe57cb405	22008	in src/gala/integrate/cyintegrators/leapfrog.cpp
0x00007fffe57cb408	22008	in src/gala/integrate/cyintegrators/leapfrog.cpp
21992	in src/gala/integrate/cyintegrators/leapfrog.cpp
0x00007fffe57cb411	21992	in src/gala/integrate/cyintegrators/leapfrog.cpp
0x00007fffe57cb414	21992	in src/gala/integrate/cyintegrators/leapfrog.cpp
0x00007fffe57cb416	21992	in src/gala/integrate/cyintegrators/leapfrog.cpp
21978	in src/gala/integrate/cyintegrators/leapfrog.cpp
0x00007fffe57cadb2	21978	in src/gala/integrate/cyintegrators/leapfrog.cpp
0x00007fffe57cadb6	21978	in src/gala/integrate/cyintegrators/leapfrog.cpp
0x00007fffe57cadb9	21978	in src/gala/integrate/cyintegrators/leapfrog.cpp
0x00007fffe57cadc1	21978	in src/gala/integrate/cyintegrators/leapfrog.cpp
0x00007fffe57cadc4	21978	in src/gala/integrate/cyintegrators/leapfrog.cpp
0x00007fffe57cadcc	21978	in src/gala/integrate/cyintegrators/leapfrog.cpp
0x00007fffe57cad51	21992	in src/gala/integrate/cyintegrators/leapfrog.cpp
0x00007fffe57cad54	21992	in src/gala/integrate/cyintegrators/leapfrog.cpp
0x00007fffe57cad5a	21992	in src/gala/integrate/cyintegrators/leapfrog.cpp
0x00007fffe57cad5e	21992	in src/gala/integrate/cyintegrators/leapfrog.cpp
0x00007fffe57cb3f2 in Py_DECREF (op=<optimized out>) at /opt/_internal/cpython-3.12.14/include/python3.12/object.h:705
0x00007fffe57cb3f5 in __pyx_f_4gala_9integrate_13cyintegrators_8leapfrog_leapfrog_integrate_hamiltonian (__pyx_skip_dispatch=1, __pyx_v_hamiltonian=<optimized out>, __pyx_v_w0=..., __pyx_v_t=..., __pyx_optional_args=<synthetic pointer>) at src/gala/integrate/cyintegrators/leapfrog.cpp:21357
0x00007fffe57cb3f7	21357	in src/gala/integrate/cyintegrators/leapfrog.cpp
22008	in src/gala/integrate/cyintegrators/leapfrog.cpp
0x00007fffe57cb405	22008	in src/gala/integrate/cyintegrators/leapfrog.cpp
0x00007fffe57cb408	22008	in src/gala/integrate/cyintegrators/leapfrog.cpp
21992	in src/gala/integrate/cyintegrators/leapfrog.cpp
0x00007fffe57cb411	21992	in src/gala/integrate/cyintegrators/leapfrog.cpp
0x00007fffe57cb414	21992	in src/gala/integrate/cyintegrators/leapfrog.cpp
0x00007fffe57cb416	21992	in src/gala/integrate/cyintegrators/leapfrog.cpp
21978	in src/gala/integrate/cyintegrators/leapfrog.cpp
0x00007fffe57cadb2	21978	in src/gala/integrate/cyintegrators/leapfrog.cpp
0x00007fffe57cadb6	21978	in src/gala/integrate/cyintegrators/leapfrog.cpp
0x00007fffe57cadb9	21978	in src/gala/integrate/cyintegrators/leapfrog.cpp
0x00007fffe57cadc1	21978	in src/gala/integrate/cyintegrators/leapfrog.cpp
0x00007fffe57cadc4	21978	in src/gala/integrate/cyintegrators/leapfrog.cpp
0x00007fffe57cadcc	21978	in src/gala/integrate/cyintegrators/leapfrog.cpp
0x00007fffe57cad51	21992	in src/gala/integrate/cyintegrators/leapfrog.cpp
0x00007fffe57cad54	21992	in src/gala/integrate/cyintegrators/leapfrog.cpp
0x00007fffe57cad5a	21992	in src/gala/integrate/cyintegrators/leapfrog.cpp
0x00007fffe57cad5e	21992	in src/gala/integrate/cyintegrators/leapfrog.cpp
0x00007fffe57cb3f2 in Py_DECREF (op=<optimized out>) at /opt/_internal/cpython-3.12.14/include/python3.12/object.h:705
0x00007fffe57cb3f5 in __pyx_f_4gala_9integrate_13cyintegrators_8leapfrog_leapfrog_integrate_hamiltonian (__pyx_skip_dispatch=1, __pyx_v_hamiltonian=<optimized out>, __pyx_v_w0=..., __pyx_v_t=..., __pyx_optional_args=<synthetic pointer>) at src/gala/integrate/cyintegrators/leapfrog.cpp:21357
0x00007fffe57cb3f7	21357	in src/gala/integrate/cyintegrators/leapfrog.cpp
22008	in src/gala/integrate/cyintegrators/leapfrog.cpp
0x00007fffe57cb405	22008	in src/gala/integrate/cyintegrators/leapfrog.cpp
0x00007fffe57cb408	22008	in src/gala/integrate/cyintegrators/leapfrog.cpp
21992	in src/gala/integrate/cyintegrators/leapfrog.cpp
0x00007fffe57cb411	21992	in src/gala/integrate/cyintegrators/leapfrog.cpp
0x00007fffe57cb414	21992	in src/gala/integrate/cyintegrators/leapfrog.cpp
0x00007fffe57cb416	21992	in src/gala/integrate/cyintegrators/leapfrog.cpp
21978	in src/gala/integrate/cyintegrators/leapfrog.cpp
0x00007fffe57cadb2	21978	in src/gala/integrate/cyintegrators/leapfrog.cpp
0x00007fffe57cadb6	21978	in src/gala/integrate/cyintegrators/leapfrog.cpp
0x00007fffe57cadb9	21978	in src/gala/integrate/cyintegrators/leapfrog.cpp
0x00007fffe57cadc1	21978	in src/gala/integrate/cyintegrators/leapfrog.cpp
0x00007fffe57cadc4	21978	in src/gala/integrate/cyintegrators/leapfrog.cpp
0x00007fffe57cadcc	21978	in src/gala/integrate/cyintegrators/leapfrog.cpp
0x00007fffe57cad51	21992	in src/gala/integrate/cyintegrators/leapfrog.cpp
0x00007fffe57cad54	21992	in src/gala/integrate/cyintegrators/leapfrog.cpp
0x00007fffe57cad5a	21992	in src/gala/integrate/cyintegrators/leapfrog.cpp
0x00007fffe57cad5e	21992	in src/gala/integrate/cyintegrators/leapfrog.cpp
0x00007fffe57cb3f2 in Py_DECREF (op=<optimized out>) at /opt/_internal/cpython-3.12.14/include/python3.12/object.h:705
0x00007fffe57cb3f5 in __pyx_f_4gala_9integrate_13cyintegrators_8leapfrog_leapfrog_integrate_hamiltonian (__pyx_skip_dispatch=1, __pyx_v_hamiltonian=<optimized out>, __pyx_v_w0=..., __pyx_v_t=..., __pyx_optional_args=<synthetic pointer>) at src/gala/integrate/cyintegrators/leapfrog.cpp:21357
0x00007fffe57cb3f7	21357	in src/gala/integrate/cyintegrators/leapfrog.cpp
22008	in src/gala/integrate/cyintegrators/leapfrog.cpp
0x00007fffe57cb405	22008	in src/gala/integrate/cyintegrators/leapfrog.cpp
0x00007fffe57cb408	22008	in src/gala/integrate/cyintegrators/leapfrog.cpp
21992	in src/gala/integrate/cyintegrators/leapfrog.cpp
0x00007fffe57cb411	21992	in src/gala/integrate/cyintegrators/leapfrog.cpp
0x00007fffe57cb414	21992	in src/gala/integrate/cyintegrators/leapfrog.cpp
0x00007fffe57cb416	21992	in src/gala/integrate/cyintegrators/leapfrog.cpp
21978	in src/gala/integrate/cyintegrators/leapfrog.cpp
0x00007fffe57cadb2	21978	in src/gala/integrate/cyintegrators/leapfrog.cpp
0x00007fffe57cadb6	21978	in src/gala/integrate/cyintegrators/leapfrog.cpp
0x00007fffe57cadb9	21978	in src/gala/integrate/cyintegrators/leapfrog.cpp
0x00007fffe57cadc1	21978	in src/gala/integrate/cyintegrators/leapfrog.cpp
0x00007fffe57cadc4	21978	in src/gala/integrate/cyintegrators/leapfrog.cpp
0x00007fffe57cadcc	21978	in src/gala/integrate/cyintegrators/leapfrog.cpp
0x00007fffe57cadd2	21978	in src/gala/integrate/cyintegrators/leapfrog.cpp
21882	in src/gala/integrate/cyintegrators/leapfrog.cpp
0x00007fffe57c9658	21882	in src/gala/integrate/cyintegrators/leapfrog.cpp
0x00007fffe57c965c	21882	in src/gala/integrate/cyintegrators/leapfrog.cpp
0x00007fffe57c9661	21882	in src/gala/integrate/cyintegrators/leapfrog.cpp
0x00007fffe57c9669	21882	in src/gala/integrate/cyintegrators/leapfrog.cpp
0x00007fffe57c966c	21882	in src/gala/integrate/cyintegrators/leapfrog.cpp
0x00007fffe57c9672	21882	in src/gala/integrate/cyintegrators/leapfrog.cpp
[Inferior 1 (process 400) exited normally]
